employee_id,name,designation,department,seniority_level,experience_years,qualification,join_date,state
EMP00001,Dev Joshi,Junior Statistical Officer (JSO),Price Statistics Division (PSD),1,4.0,M.Sc. Data Science,2022-12-04,Bihar
EMP00002,Vedhika Mital,Director General,Data Informatics & Innovation Division (DIID),9,23.0,B.Sc. Statistics,2003-02-07,West Bengal
EMP00003,Yashvi Chaudhary,Junior Statistical Officer (JSO),State DES - Bihar,1,3.2,MBA,2023-08-19,Gujarat
EMP00004,Parth Lata,Junior Statistical Officer (JSO),National Accounts Division (NAD),1,4.0,MBA,2022-05-05,Haryana
EMP00005,Viraj Bali,Joint Director,Data Informatics & Innovation Division (DIID),6,13.2,M.Sc. Statistics,2013-06-20,Telangana
EMP00006,Gaurika Lata,Junior Statistical Officer (JSO),State DES - Maharashtra,1,3.9,M.Sc. Statistics,2023-02-18,Andhra Pradesh
EMP00007,Ranveer Seshadri,Joint Director,State DES - Bihar,6,18.9,M.Sc. Statistics,2008-11-08,Maharashtra
EMP00008,Timothy Chhabra,Statistical Officer (SO),National Sample Survey Office (NSSO),2,8.0,MBA,2018-08-21,Kerala
EMP00009,Hiral Kant,Senior Statistical Officer (SSO),Price Statistics Division (PSD),3,7.7,M.Tech Computer Science,2019-10-21,Karnataka
EMP00010,Joshua Rao,Assistant Director,Data Informatics & Innovation Division (DIID),4,7.6,M.Tech Computer Science,2019-04-22,Chhattisgarh
EMP00011,Eshana Seshadri,Junior Statistical Officer (JSO),Central Statistics Office (CSO),1,1.9,M.A. Economics,2025-05-03,Andhra Pradesh
EMP00012,Viraj Bhasin,Joint Director,State DES - Uttar Pradesh,6,14.6,MBA,2012-03-09,Odisha
EMP00013,Maanas Singh,Director General,State DES - Bihar,9,28.5,MBA,1998-07-12,Uttarakhand
EMP00014,Yashvi Bhatt,Director General,Central Statistics Office (CSO),9,27.9,M.Sc. Statistics,1999-11-06,Bihar
EMP00015,Yatin Mukhopadhyay,Director,Data Informatics & Innovation Division (DIID),7,22.2,MBA,2004-08-17,Himachal Pradesh
EMP00016,Gaurika Taneja,Junior Statistical Officer (JSO),National Sample Survey Office (NSSO),1,3.7,M.Tech Computer Science,2023-02-10,Haryana
EMP00017,Vyanjana Luthra,Additional Director General,State DES - Bihar,8,18.0,M.Tech Computer Science,2008-03-17,Jharkhand
EMP00018,Aarush Goswami,Deputy Director,State DES - Maharashtra,5,17.4,M.Sc. Data Science,2009-06-25,Bihar
EMP00019,Joshua Rao,Director General,State DES - Karnataka,9,33.0,M.A. Economics,1993-01-04,Assam
EMP00020,Libni Kant,Deputy Director,Price Statistics Division (PSD),5,11.4,M.Sc. Statistics,2015-12-16,Karnataka
EMP00021,Jagvi Bains,Director General,National Accounts Division (NAD),9,31.2,PhD Statistics,1995-03-09,Chhattisgarh
EMP00022,Gunbir Tiwari,Director,State DES - Maharashtra,7,26.6,M.Sc. Data Science,2000-07-22,Punjab
EMP00023,Jeet Kant,Additional Director General,State DES - Uttar Pradesh,8,28.8,M.Sc. Statistics,1998-04-03,Gujarat
EMP00024,Hitesh Narayanan,Director General,Price Statistics Division (PSD),9,24.8,B.Sc. Statistics,2002-12-21,Karnataka
EMP00025,Charan Chacko,Statistical Officer (SO),Social Statistics Division (SSD),2,8.3,M.Sc. Statistics,2018-04-09,Jharkhand
EMP00026,Varsha Dani,Assistant Director,State DES - Bihar,4,11.4,PhD Statistics,2015-08-26,Gujarat
EMP00027,Yash Mody,Statistical Officer (SO),Data Informatics & Innovation Division (DIID),2,2.7,M.A. Economics,2024-07-15,Madhya Pradesh
EMP00028,Imaran Sandhu,Junior Statistical Officer (JSO),State DES - Tamil Nadu,1,3.7,M.Sc. Statistics,2023-07-24,Maharashtra
EMP00029,Hitesh Lata,Statistical Officer (SO),Price Statistics Division (PSD),2,3.7,PhD Statistics,2023-07-06,Bihar
EMP00030,Parth Sem,Assistant Director,National Sample Survey Office (NSSO),4,14.7,PhD Statistics,2012-02-02,Chhattisgarh
EMP00031,Jeet Rao,Junior Statistical Officer (JSO),Price Statistics Division (PSD),1,4.9,M.Sc. Mathematics,2022-08-16,Madhya Pradesh
EMP00032,Viraj Tiwari,Director,National Accounts Division (NAD),7,25.8,MBA,2001-07-09,West Bengal
EMP00033,Libni Gill,Additional Director General,State DES - Bihar,8,21.4,PhD Statistics,2005-04-10,Bihar
EMP00034,Viraj Ahluwalia,Director General,Social Statistics Division (SSD),9,22.7,B.Sc. Statistics,2004-10-16,Maharashtra
EMP00035,Manan Tripathi,Director General,State DES - Maharashtra,9,23.9,M.Sc. Statistics,2003-02-20,Uttar Pradesh
EMP00036,Anjali Mukhopadhyay,Assistant Director,State DES - Karnataka,4,10.0,M.Sc. Data Science,2016-10-02,Uttarakhand
EMP00037,Bahadurjit Samra,Director,State DES - Karnataka,7,22.9,M.A. Economics,2004-04-22,Kerala
EMP00038,Leela Bhatti,Assistant Director,National Accounts Division (NAD),4,8.7,M.Tech Computer Science,2018-06-25,Odisha
EMP00039,Libni Bains,Junior Statistical Officer (JSO),State DES - Karnataka,1,2.8,M.Sc. Statistics,2024-09-07,Karnataka
EMP00040,Manan Borra,Senior Statistical Officer (SSO),National Sample Survey Office (NSSO),3,13.3,M.Sc. Data Science,2013-05-06,Telangana
EMP00041,Aahana Seshadri,Director General,State DES - Karnataka,9,30.4,B.Sc. Statistics,1996-05-22,Chhattisgarh
EMP00042,Anya Basak,Senior Statistical Officer (SSO),National Sample Survey Office (NSSO),3,6.6,M.Sc. Mathematics,2020-05-20,Kerala
EMP00043,Viraj Talwar,Joint Director,State DES - Tamil Nadu,6,14.4,M.Tech Computer Science,2012-08-09,Jharkhand
EMP00044,Ekaja Tripathi,Junior Statistical Officer (JSO),Data Informatics & Innovation Division (DIID),1,1.4,M.Tech Computer Science,2025-01-11,Maharashtra
EMP00045,Timothy Bhatt,Deputy Director,State DES - Uttar Pradesh,5,10.6,MBA,2016-01-04,Chhattisgarh
EMP00046,Anjali Basak,Senior Statistical Officer (SSO),Social Statistics Division (SSD),3,9.5,M.Sc. Mathematics,2017-03-02,Madhya Pradesh
EMP00047,Anvi Kant,Junior Statistical Officer (JSO),Price Statistics Division (PSD),1,4.6,M.Sc. Data Science,2022-06-25,Tamil Nadu
EMP00048,Harini Basak,Director,State DES - Bihar,7,26.7,M.Sc. Mathematics,2000-03-26,Gujarat
EMP00049,Dayamai Shroff,Director,State DES - Bihar,7,15.3,M.A. Economics,2011-11-28,Madhya Pradesh
EMP00050,Utkarsh Lata,Assistant Director,State DES - Bihar,4,8.7,M.Sc. Statistics,2018-01-28,Andhra Pradesh
EMP00051,Rudra Chacko,Assistant Director,State DES - Uttar Pradesh,4,14.2,M.A. Economics,2012-04-08,Punjab
EMP00052,Amaira Chaudhuri,Assistant Director,Economic Census Division (ECD),4,10.0,M.Sc. Statistics,2016-06-21,Kerala
EMP00053,Manan Dara,Director General,Central Statistics Office (CSO),9,26.0,M.Sc. Statistics,2000-03-19,Kerala
EMP00054,Gaurika Nazareth,Statistical Officer (SO),Social Statistics Division (SSD),2,6.2,M.A. Economics,2020-10-17,Madhya Pradesh
EMP00055,Eta Kaur,Assistant Director,State DES - Bihar,4,8.5,MBA,2018-09-26,West Bengal
EMP00056,Rushil Mukhopadhyay,Assistant Director,National Sample Survey Office (NSSO),4,9.6,M.A. Economics,2017-06-22,Himachal Pradesh
EMP00057,Tejas Joshi,Deputy Director,State DES - Tamil Nadu,5,14.1,MBA,2012-07-23,Haryana
EMP00058,Ranveer Taneja,Senior Statistical Officer (SSO),State DES - Tamil Nadu,3,5.9,MBA,2021-10-19,Uttar Pradesh
EMP00059,Anvi Dara,Director General,Economic Census Division (ECD),9,32.0,M.Tech Computer Science,1994-07-26,Rajasthan
EMP00060,Vinaya Dubey,Joint Director,State DES - Uttar Pradesh,6,17.6,M.Sc. Data Science,2009-08-26,Jharkhand
EMP00061,Ekaja Gill,Senior Statistical Officer (SSO),Economic Census Division (ECD),3,10.6,M.A. Economics,2016-04-22,Karnataka
EMP00062,Anvi Chacko,Assistant Director,Central Statistics Office (CSO),4,7.5,M.Sc. Data Science,2019-10-28,Assam
EMP00063,Timothy Bains,Additional Director General,State DES - Tamil Nadu,8,23.0,M.Sc. Data Science,2003-08-13,Andhra Pradesh
EMP00064,Zaitra Balasubramanian,Junior Statistical Officer (JSO),National Sample Survey Office (NSSO),1,4.6,MBA,2022-03-26,Gujarat
EMP00065,Mohammed Gola,Additional Director General,Price Statistics Division (PSD),8,18.6,M.Sc. Statistics,2008-03-26,Odisha
EMP00066,Mitali Chaudhuri,Director General,State DES - Karnataka,9,33.9,M.A. Economics,1993-10-27,Odisha
EMP00067,Lakshit Kapoor,Director General,State DES - Maharashtra,9,27.1,PhD Statistics,1999-12-28,Uttar Pradesh
EMP00068,Rudra Prabhu,Deputy Director,State DES - Tamil Nadu,5,16.5,M.Tech Computer Science,2010-08-21,Jharkhand
EMP00069,Zaitra Krishnan,Additional Director General,Economic Census Division (ECD),8,18.9,M.Sc. Data Science,2008-06-11,Kerala
EMP00070,Ekaja Rao,Statistical Officer (SO),Price Statistics Division (PSD),2,3.0,MBA,2023-12-07,Bihar
EMP00071,Anjali Shukla,Director,State DES - Uttar Pradesh,7,19.0,MBA,2007-04-27,Maharashtra
EMP00072,Yash Kaur,Junior Statistical Officer (JSO),State DES - Karnataka,1,4.4,MBA,2022-01-12,Assam
EMP00073,Anvi Bali,Director,Data Informatics & Innovation Division (DIID),7,25.2,M.Sc. Data Science,2001-04-09,Assam
EMP00074,Vyanjana Dani,Junior Statistical Officer (JSO),State DES - Tamil Nadu,1,2.6,MBA,2024-08-05,Uttar Pradesh
EMP00075,Bahadurjit Rao,Junior Statistical Officer (JSO),State DES - Karnataka,1,4.6,B.Sc. Statistics,2022-11-14,Karnataka
EMP00076,Maanas Tiwari,Additional Director General,Economic Census Division (ECD),8,20.2,MBA,2006-04-15,Haryana
EMP00077,Eshana Gupta,Director,Data Informatics & Innovation Division (DIID),7,18.3,M.Tech Computer Science,2008-08-01,Karnataka
EMP00078,Utkarsh Rao,Junior Statistical Officer (JSO),Social Statistics Division (SSD),1,5.0,M.Sc. Data Science,2021-11-02,Karnataka
EMP00079,Bhavini Narayanan,Assistant Director,Central Statistics Office (CSO),4,8.0,M.Sc. Mathematics,2018-03-16,Gujarat
EMP00080,Varsha Joshi,Assistant Director,Economic Census Division (ECD),4,10.7,M.A. Economics,2016-10-20,Uttar Pradesh
EMP00081,Utkarsh Talwar,Statistical Officer (SO),National Accounts Division (NAD),2,7.4,M.Tech Computer Science,2019-10-01,Tamil Nadu
EMP00082,Libni Agrawal,Director,State DES - Bihar,7,19.8,M.Sc. Data Science,2007-10-23,Karnataka
EMP00083,Hiral Tella,Assistant Director,Economic Census Division (ECD),4,7.0,M.Sc. Statistics,2019-01-12,Uttarakhand
EMP00084,Rushil De,Joint Director,State DES - Tamil Nadu,6,12.8,M.A. Economics,2014-07-27,West Bengal
EMP00085,Falak Goswami,Director,State DES - Tamil Nadu,7,26.5,PhD Statistics,2000-07-06,Bihar
EMP00086,Lakshit Gola,Deputy Director,State DES - Maharashtra,5,15.2,PhD Statistics,2011-07-27,Odisha
EMP00087,Lakshit Dhar,Deputy Director,Price Statistics Division (PSD),5,12.2,M.Sc. Statistics,2014-08-08,Kerala
EMP00088,Bhavini Sem,Director,State DES - Uttar Pradesh,7,19.0,M.A. Economics,2007-08-07,Uttar Pradesh
EMP00089,Neelima Lata,Deputy Director,State DES - Karnataka,5,12.4,M.Tech Computer Science,2014-01-17,Chhattisgarh
EMP00090,Kabir Samra,Assistant Director,State DES - Uttar Pradesh,4,13.2,M.Sc. Data Science,2013-11-23,Assam
EMP00091,Falak Prabhu,Junior Statistical Officer (JSO),Price Statistics Division (PSD),1,1.4,MBA,2025-05-22,Gujarat
EMP00092,Vinaya Kant,Additional Director General,Social Statistics Division (SSD),8,24.6,MBA,2002-06-12,Chhattisgarh
EMP00093,Mohammed Sem,Deputy Director,Price Statistics Division (PSD),5,12.1,M.Sc. Statistics,2014-06-04,Rajasthan
EMP00094,Utkarsh Rao,Senior Statistical Officer (SSO),State DES - Bihar,3,5.9,PhD Statistics,2021-12-19,Kerala
EMP00095,Bhavini Gola,Deputy Director,Price Statistics Division (PSD),5,18.8,M.Tech Computer Science,2008-06-06,Gujarat
EMP00096,Anvi Nath,Director General,Central Statistics Office (CSO),9,23.5,B.Sc. Statistics,2003-05-23,Chhattisgarh
EMP00097,Maanas Tella,Additional Director General,Central Statistics Office (CSO),8,19.2,M.Tech Computer Science,2007-08-15,Assam
EMP00098,Hitesh Shroff,Junior Statistical Officer (JSO),State DES - Uttar Pradesh,1,2.0,M.Sc. Statistics,2024-07-16,Karnataka
EMP00099,Anjali Bhasin,Junior Statistical Officer (JSO),State DES - Karnataka,1,1.6,M.Tech Computer Science,2025-04-04,Karnataka
EMP00100,Harini Bali,Director,State DES - Karnataka,7,22.3,M.Sc. Data Science,2004-07-15,Jharkhand
EMP00101,Aarush Prabhu,Deputy Director,Data Informatics & Innovation Division (DIID),5,17.6,M.Tech Computer Science,2009-10-02,Uttarakhand
EMP00102,Bahadurjit Mital,Statistical Officer (SO),Price Statistics Division (PSD),2,8.6,M.Sc. Data Science,2018-11-03,Kerala
EMP00103,Joshua Singh,Senior Statistical Officer (SSO),National Accounts Division (NAD),3,9.5,B.Sc. Statistics,2017-08-23,Madhya Pradesh
EMP00104,Amaira Dasgupta,Deputy Director,Economic Census Division (ECD),5,9.3,M.Tech Computer Science,2017-02-22,Odisha
EMP00105,Yashvi Borra,Assistant Director,State DES - Maharashtra,4,10.3,M.Sc. Data Science,2016-05-27,Bihar
EMP00106,Harsh Bains,Junior Statistical Officer (JSO),Economic Census Division (ECD),1,1.7,M.Tech Computer Science,2025-02-15,Odisha
EMP00107,Mohammed Agrawal,Director,State DES - Maharashtra,7,26.3,PhD Statistics,2000-02-20,Odisha
EMP00108,Mitali Basak,Director,State DES - Karnataka,7,23.8,M.Tech Computer Science,2003-02-08,West Bengal
EMP00109,Vedhika Seshadri,Junior Statistical Officer (JSO),State DES - Tamil Nadu,1,5.0,M.Tech Computer Science,2021-01-25,Uttarakhand
EMP00110,Bhavini Shroff,Additional Director General,State DES - Uttar Pradesh,8,24.2,M.Tech Computer Science,2002-10-14,Uttar Pradesh
EMP00111,Dev Seth,Additional Director General,State DES - Uttar Pradesh,8,29.6,M.A. Economics,1997-06-11,Madhya Pradesh
EMP00112,Varsha Goswami,Senior Statistical Officer (SSO),State DES - Bihar,3,7.3,PhD Statistics,2019-11-13,Punjab
EMP00113,Jagvi Bali,Director General,National Sample Survey Office (NSSO),9,22.4,M.A. Economics,2004-06-04,Kerala
EMP00114,Timothy Dara,Director General,Central Statistics Office (CSO),9,31.9,PhD Statistics,1995-01-07,Madhya Pradesh
EMP00115,Gunbir Kant,Additional Director General,Central Statistics Office (CSO),8,25.5,M.Sc. Data Science,2001-09-05,Kerala
EMP00116,Libni Chhabra,Additional Director General,State DES - Uttar Pradesh,8,28.6,M.Sc. Statistics,1998-11-20,West Bengal
EMP00117,Dayamai Singh,Senior Statistical Officer (SSO),Central Statistics Office (CSO),3,7.1,MBA,2019-04-27,Karnataka
EMP00118,Aarush Joshi,Additional Director General,State DES - Tamil Nadu,8,29.4,M.Sc. Mathematics,1997-12-10,Assam
EMP00119,Manan Talwar,Deputy Director,State DES - Uttar Pradesh,5,13.2,PhD Statistics,2013-08-18,Gujarat
EMP00120,Harsh Kaur,Assistant Director,State DES - Maharashtra,4,15.2,M.Sc. Mathematics,2011-05-25,Karnataka
EMP00121,Yatin Tripathi,Director,State DES - Maharashtra,7,19.1,M.Tech Computer Science,2007-05-24,West Bengal
EMP00122,Anvi Seshadri,Additional Director General,State DES - Uttar Pradesh,8,28.4,PhD Statistics,1998-06-18,Telangana
EMP00123,Bhavini Rao,Director,Social Statistics Division (SSD),7,20.5,M.Sc. Data Science,2006-10-13,Gujarat
EMP00124,Yashvi Tripathi,Director,State DES - Bihar,7,15.5,PhD Statistics,2011-07-22,Andhra Pradesh
EMP00125,Yatin Seth,Senior Statistical Officer (SSO),Central Statistics Office (CSO),3,9.0,M.Sc. Mathematics,2017-10-11,Jharkhand
EMP00126,Imaran Goswami,Additional Director General,State DES - Uttar Pradesh,8,19.2,B.Sc. Statistics,2007-07-28,Bihar
EMP00127,Jeet Balasubramanian,Statistical Officer (SO),Economic Census Division (ECD),2,5.3,M.A. Economics,2021-12-13,Himachal Pradesh
EMP00128,Jeet Samra,Joint Director,State DES - Maharashtra,6,22.2,MBA,2004-11-23,Haryana
EMP00129,Bimala Bali,Additional Director General,Central Statistics Office (CSO),8,28.5,M.Sc. Statistics,1998-11-22,Gujarat
EMP00130,Aarush Chhabra,Assistant Director,Data Informatics & Innovation Division (DIID),4,13.5,M.Sc. Statistics,2013-08-06,Tamil Nadu
EMP00131,Mohammed Agrawal,Junior Statistical Officer (JSO),Central Statistics Office (CSO),1,1.2,M.Tech Computer Science,2025-06-14,Telangana
EMP00132,Harsh Singh,Director General,State DES - Tamil Nadu,9,26.9,M.Sc. Mathematics,2000-03-03,Uttar Pradesh
EMP00133,Bahadurjit Tiwari,Director,Price Statistics Division (PSD),7,22.4,PhD Statistics,2004-03-08,Uttarakhand
EMP00134,Mitali Tella,Deputy Director,State DES - Tamil Nadu,5,13.6,B.Sc. Statistics,2013-05-22,Odisha
EMP00135,Rushil Luthra,Statistical Officer (SO),Social Statistics Division (SSD),2,5.1,M.Tech Computer Science,2021-12-09,Madhya Pradesh
EMP00136,Mitali Tripathi,Deputy Director,Data Informatics & Innovation Division (DIID),5,11.0,PhD Statistics,2015-04-13,Tamil Nadu
EMP00137,Aadi Sidhu,Deputy Director,Economic Census Division (ECD),5,18.9,B.Sc. Statistics,2008-05-01,Andhra Pradesh
EMP00138,Aadi Tiwari,Junior Statistical Officer (JSO),State DES - Bihar,1,4.6,PhD Statistics,2022-04-20,Punjab
EMP00139,Dayamai Sidhu,Assistant Director,State DES - Karnataka,4,12.4,M.Tech Computer Science,2014-11-04,Bihar
EMP00140,Ekaja Tella,Junior Statistical Officer (JSO),State DES - Uttar Pradesh,1,2.2,B.Sc. Statistics,2024-06-24,Uttarakhand
EMP00141,Maanas Samra,Deputy Director,Data Informatics & Innovation Division (DIID),5,12.3,M.Sc. Mathematics,2014-03-26,Rajasthan
EMP00142,Rushil Basak,Joint Director,Economic Census Division (ECD),6,18.4,M.Sc. Mathematics,2008-08-26,Kerala
EMP00143,Ranveer Mital,Joint Director,State DES - Uttar Pradesh,6,21.7,M.Sc. Statistics,2005-04-28,Bihar
EMP00144,Vedhika Sandhu,Director,State DES - Maharashtra,7,26.6,M.A. Economics,2000-07-01,Karnataka
EMP00145,Gaurika Rao,Statistical Officer (SO),State DES - Tamil Nadu,2,5.2,M.Tech Computer Science,2021-07-27,Uttarakhand
EMP00146,Dev Kant,Statistical Officer (SO),State DES - Uttar Pradesh,2,6.7,B.Sc. Statistics,2020-09-11,Himachal Pradesh
EMP00147,Aarush Murthy,Assistant Director,State DES - Tamil Nadu,4,12.5,PhD Statistics,2014-11-14,Punjab
EMP00148,Eta Bhatt,Junior Statistical Officer (JSO),Economic Census Division (ECD),1,4.8,PhD Statistics,2022-02-08,Tamil Nadu
EMP00149,Bimala Rao,Senior Statistical Officer (SSO),Social Statistics Division (SSD),3,7.9,MBA,2019-12-24,Uttarakhand
EMP00150,Harsh Basak,Director,State DES - Uttar Pradesh,7,22.9,MBA,2004-01-23,Kerala
EMP00151,Siya Rai,Additional Director General,Price Statistics Division (PSD),8,23.3,M.A. Economics,2003-11-12,Tamil Nadu
EMP00152,Rushil Kapoor,Joint Director,Economic Census Division (ECD),6,12.7,M.Sc. Data Science,2014-08-03,Tamil Nadu
EMP00153,Varsha Rai,Junior Statistical Officer (JSO),Social Statistics Division (SSD),1,1.2,M.Sc. Data Science,2025-10-07,Bihar
EMP00154,Anjali Seshadri,Director General,Price Statistics Division (PSD),9,24.5,M.Sc. Data Science,2002-03-26,Haryana
EMP00155,Ekaja Dubey,Junior Statistical Officer (JSO),National Accounts Division (NAD),1,2.1,M.Sc. Mathematics,2024-05-26,Chhattisgarh
EMP00156,Darsh Joshi,Junior Statistical Officer (JSO),Social Statistics Division (SSD),1,1.5,M.Sc. Data Science,2025-06-01,Uttarakhand
EMP00157,Darsh Borra,Junior Statistical Officer (JSO),Data Informatics & Innovation Division (DIID),1,1.5,M.Sc. Statistics,2025-08-15,Karnataka
EMP00158,Timothy Kant,Director General,State DES - Uttar Pradesh,9,29.1,M.Sc. Data Science,1997-01-24,Himachal Pradesh
EMP00159,Yatin Tiwari,Director General,State DES - Tamil Nadu,9,25.6,B.Sc. Statistics,2001-08-28,Maharashtra
EMP00160,Krishna De,Statistical Officer (SO),State DES - Uttar Pradesh,2,5.4,M.Sc. Statistics,2021-06-20,Karnataka
EMP00161,Harsh Bains,Senior Statistical Officer (SSO),State DES - Tamil Nadu,3,6.8,M.A. Economics,2020-10-17,Andhra Pradesh
EMP00162,Ranveer Sem,Director General,National Sample Survey Office (NSSO),9,29.3,M.Sc. Statistics,1997-12-28,Chhattisgarh
EMP00163,Viraj De,Additional Director General,Data Informatics & Innovation Division (DIID),8,28.7,M.A. Economics,1998-07-14,Odisha
EMP00164,Lakshit Goswami,Joint Director,State DES - Tamil Nadu,6,17.1,M.Tech Computer Science,2009-03-22,Telangana
EMP00165,Libni Dasgupta,Statistical Officer (SO),National Sample Survey Office (NSSO),2,2.6,M.Sc. Statistics,2024-02-24,Madhya Pradesh
EMP00166,Utkarsh Kant,Senior Statistical Officer (SSO),State DES - Karnataka,3,9.6,M.A. Economics,2017-07-12,Tamil Nadu
EMP00167,Imaran Chaudhuri,Director,State DES - Bihar,7,25.4,B.Sc. Statistics,2001-10-10,Punjab
EMP00168,Neelima Goswami,Director General,State DES - Tamil Nadu,9,24.6,PhD Statistics,2002-02-12,Gujarat
EMP00169,Tejas Taneja,Joint Director,Economic Census Division (ECD),6,13.4,M.Sc. Data Science,2013-09-25,Madhya Pradesh
EMP00170,Jagvi Murthy,Director General,State DES - Tamil Nadu,9,22.3,M.Tech Computer Science,2004-03-09,West Bengal
EMP00171,Mohammed Bali,Deputy Director,Social Statistics Division (SSD),5,18.2,B.Sc. Statistics,2008-03-19,Uttar Pradesh
EMP00172,Varsha Dara,Statistical Officer (SO),State DES - Tamil Nadu,2,3.0,B.Sc. Statistics,2023-12-17,Karnataka
EMP00173,Viraj Kaur,Director,National Accounts Division (NAD),7,20.4,M.A. Economics,2006-12-11,Punjab
EMP00174,Timothy Bhasin,Statistical Officer (SO),National Accounts Division (NAD),2,8.2,M.Sc. Mathematics,2018-01-22,Himachal Pradesh
EMP00175,Nikita Krishnan,Additional Director General,State DES - Uttar Pradesh,8,25.9,PhD Statistics,2001-05-07,Madhya Pradesh
EMP00176,Bhavini Chaudhary,Statistical Officer (SO),National Sample Survey Office (NSSO),2,4.4,M.Tech Computer Science,2022-08-17,Uttarakhand
EMP00177,Varsha Agrawal,Junior Statistical Officer (JSO),State DES - Karnataka,1,1.9,B.Sc. Statistics,2025-04-10,West Bengal
EMP00178,Viraj Mani,Senior Statistical Officer (SSO),Economic Census Division (ECD),3,11.6,M.A. Economics,2015-01-16,Tamil Nadu
EMP00179,Utkarsh De,Senior Statistical Officer (SSO),State DES - Maharashtra,3,5.3,M.Sc. Data Science,2021-09-27,Jharkhand
EMP00180,Varsha Lata,Joint Director,State DES - Bihar,6,12.9,B.Sc. Statistics,2014-01-15,Madhya Pradesh
EMP00181,Aarush Bains,Joint Director,State DES - Karnataka,6,18.9,MBA,2008-05-04,Madhya Pradesh
EMP00182,Krishna Narayanan,Joint Director,State DES - Karnataka,6,14.1,PhD Statistics,2012-02-14,Telangana
EMP00183,Tejas Goswami,Assistant Director,Data Informatics & Innovation Division (DIID),4,10.4,M.Sc. Statistics,2016-05-24,Andhra Pradesh
EMP00184,Hitesh Chacko,Joint Director,National Sample Survey Office (NSSO),6,21.3,M.Sc. Statistics,2005-09-07,Jharkhand
EMP00185,Ekaja Mani,Joint Director,State DES - Tamil Nadu,6,16.2,M.Sc. Mathematics,2010-02-05,Gujarat
EMP00186,Gaurika Mody,Senior Statistical Officer (SSO),State DES - Tamil Nadu,3,10.0,M.Sc. Statistics,2016-11-16,Uttar Pradesh
EMP00187,Mitali Bali,Additional Director General,State DES - Karnataka,8,26.2,M.A. Economics,2000-03-15,Haryana
EMP00188,Anjali Dasgupta,Additional Director General,Economic Census Division (ECD),8,25.6,B.Sc. Statistics,2001-09-03,Telangana
EMP00189,Anvi Sem,Additional Director General,Social Statistics Division (SSD),8,18.5,M.Tech Computer Science,2008-11-28,Karnataka
EMP00190,Tejas Samra,Director General,State DES - Karnataka,9,26.6,B.Sc. Statistics,2000-10-21,Odisha
EMP00191,Kabir Bhatti,Additional Director General,Central Statistics Office (CSO),8,24.0,PhD Statistics,2002-06-23,Tamil Nadu
EMP00192,Nikita Chaudhary,Senior Statistical Officer (SSO),State DES - Bihar,3,4.4,PhD Statistics,2022-09-17,Odisha
EMP00193,Bahadurjit Luthra,Joint Director,Economic Census Division (ECD),6,16.5,MBA,2010-06-22,Madhya Pradesh
EMP00194,Amaira Ahluwalia,Joint Director,National Sample Survey Office (NSSO),6,12.8,MBA,2014-05-24,Punjab
EMP00195,Tejas Chaudhuri,Senior Statistical Officer (SSO),State DES - Karnataka,3,7.3,M.Sc. Mathematics,2019-05-21,Telangana
EMP00196,Mohammed Chaudhuri,Director,State DES - Bihar,7,16.5,M.Sc. Statistics,2010-09-13,Punjab
EMP00197,Jeet Gill,Joint Director,State DES - Tamil Nadu,6,21.8,M.Sc. Statistics,2005-09-12,Madhya Pradesh
EMP00198,Amaira Kant,Deputy Director,Price Statistics Division (PSD),5,10.8,M.A. Economics,2016-04-08,Assam
EMP00199,Maanas Balasubramanian,Statistical Officer (SO),National Sample Survey Office (NSSO),2,4.1,B.Sc. Statistics,2022-10-05,Haryana
EMP00200,Amaira Kaur,Senior Statistical Officer (SSO),State DES - Bihar,3,5.6,M.Sc. Mathematics,2021-01-14,Odisha
EMP00201,Siya Mukhopadhyay,Assistant Director,State DES - Karnataka,4,15.7,M.Tech Computer Science,2011-04-18,Odisha
EMP00202,Zaitra Agrawal,Additional Director General,Price Statistics Division (PSD),8,28.8,M.A. Economics,1998-08-15,Uttarakhand
EMP00203,Timothy Chhabra,Director,Data Informatics & Innovation Division (DIID),7,21.0,M.Sc. Mathematics,2005-10-05,Rajasthan
EMP00204,Imaran Borra,Junior Statistical Officer (JSO),Social Statistics Division (SSD),1,3.6,M.Sc. Statistics,2023-02-10,Jharkhand
EMP00205,Nikita Bali,Senior Statistical Officer (SSO),State DES - Maharashtra,3,6.7,M.Sc. Mathematics,2020-02-08,Madhya Pradesh
EMP00206,Jagvi Prabhu,Joint Director,Data Informatics & Innovation Division (DIID),6,23.2,B.Sc. Statistics,2003-09-12,Andhra Pradesh
EMP00207,Zaitra Kaur,Statistical Officer (SO),Central Statistics Office (CSO),2,4.6,M.A. Economics,2022-12-21,Tamil Nadu
EMP00208,Hitesh Gill,Senior Statistical Officer (SSO),Economic Census Division (ECD),3,5.4,PhD Statistics,2021-12-16,Bihar
EMP00209,Aahana Murthy,Junior Statistical Officer (JSO),Central Statistics Office (CSO),1,4.6,M.Tech Computer Science,2022-03-18,Rajasthan
EMP00210,Lakshit Dubey,Director General,Economic Census Division (ECD),9,27.1,M.Sc. Data Science,1999-02-02,Punjab
EMP00211,Zaitra Shukla,Additional Director General,State DES - Uttar Pradesh,8,18.8,B.Sc. Statistics,2008-10-08,Jharkhand
EMP00212,Leela Balasubramanian,Deputy Director,State DES - Karnataka,5,13.3,M.A. Economics,2013-10-14,Gujarat
EMP00213,Darsh Chaudhuri,Statistical Officer (SO),Social Statistics Division (SSD),2,5.7,M.Sc. Statistics,2021-09-17,Jharkhand
EMP00214,Yatin Chaudhary,Director General,State DES - Uttar Pradesh,9,22.2,B.Sc. Statistics,2004-06-09,Andhra Pradesh
EMP00215,Utkarsh Narayanan,Joint Director,Social Statistics Division (SSD),6,21.5,M.Sc. Data Science,2005-10-24,Tamil Nadu
EMP00216,Bhavini Gupta,Senior Statistical Officer (SSO),State DES - Maharashtra,3,4.4,M.A. Economics,2022-11-15,Uttar Pradesh
EMP00217,Mohammed Dasgupta,Senior Statistical Officer (SSO),National Sample Survey Office (NSSO),3,12.1,PhD Statistics,2014-05-07,Maharashtra
EMP00218,Mitali Gill,Assistant Director,Social Statistics Division (SSD),4,14.9,M.Tech Computer Science,2012-07-27,Jharkhand
EMP00219,Rushil Dasgupta,Deputy Director,State DES - Tamil Nadu,5,9.4,M.Sc. Data Science,2017-06-28,Punjab
EMP00220,Timothy Ahluwalia,Joint Director,Social Statistics Division (SSD),6,15.3,MBA,2011-12-15,Andhra Pradesh
EMP00221,Ekaja Kaur,Joint Director,State DES - Uttar Pradesh,6,23.7,PhD Statistics,2003-09-09,Telangana
EMP00222,Dayamai Samra,Director,State DES - Karnataka,7,15.9,M.Sc. Mathematics,2011-05-11,Chhattisgarh
EMP00223,Anya Samra,Joint Director,Economic Census Division (ECD),6,19.9,PhD Statistics,2007-12-14,Himachal Pradesh
EMP00224,Joshua Khare,Additional Director General,Central Statistics Office (CSO),8,22.2,M.A. Economics,2004-07-09,Himachal Pradesh
EMP00225,Dev Gill,Junior Statistical Officer (JSO),State DES - Tamil Nadu,1,1.3,MBA,2025-09-26,Telangana
EMP00226,Utkarsh Mukhopadhyay,Senior Statistical Officer (SSO),National Accounts Division (NAD),3,13.5,PhD Statistics,2013-03-03,Maharashtra
EMP00227,Zaitra Mani,Joint Director,State DES - Karnataka,6,16.3,B.Sc. Statistics,2010-03-22,Himachal Pradesh
EMP00228,Aahana Kant,Joint Director,National Sample Survey Office (NSSO),6,17.3,M.Sc. Mathematics,2009-06-13,Jharkhand
EMP00229,Eshana Mandal,Deputy Director,National Sample Survey Office (NSSO),5,11.5,B.Sc. Statistics,2015-08-17,Uttar Pradesh
EMP00230,Daniel Taneja,Statistical Officer (SO),Economic Census Division (ECD),2,3.8,PhD Statistics,2023-10-10,Rajasthan
EMP00231,Mohammed Dani,Assistant Director,National Sample Survey Office (NSSO),4,7.2,PhD Statistics,2019-12-15,Uttar Pradesh
EMP00232,Nikita Lata,Joint Director,State DES - Bihar,6,20.0,M.Sc. Statistics,2006-09-10,Chhattisgarh
EMP00233,Ekaja Agrawal,Senior Statistical Officer (SSO),State DES - Bihar,3,11.1,M.Sc. Mathematics,2015-09-08,Telangana
EMP00234,Eta Mody,Senior Statistical Officer (SSO),State DES - Uttar Pradesh,3,6.4,B.Sc. Statistics,2020-09-19,Telangana
EMP00235,Siya Sem,Director General,National Sample Survey Office (NSSO),9,23.6,M.Sc. Statistics,2003-07-23,Punjab
EMP00236,Lakshit Dasgupta,Director General,Data Informatics & Innovation Division (DIID),9,26.9,M.Sc. Statistics,2000-06-21,Bihar
EMP00237,Anjali Prabhu,Additional Director General,Social Statistics Division (SSD),8,26.2,M.Sc. Mathematics,2000-11-19,Chhattisgarh
EMP00238,Darsh Mani,Senior Statistical Officer (SSO),Central Statistics Office (CSO),3,8.3,M.Sc. Statistics,2018-03-10,Jharkhand
EMP00239,Joshua Luthra,Joint Director,Price Statistics Division (PSD),6,23.2,M.A. Economics,2003-05-28,Jharkhand
EMP00240,Nikita Borra,Assistant Director,State DES - Maharashtra,4,12.4,M.Tech Computer Science,2014-11-10,Bihar
EMP00241,Bahadurjit Rao,Statistical Officer (SO),National Accounts Division (NAD),2,5.5,M.Sc. Mathematics,2021-11-20,Uttar Pradesh
EMP00242,Lakshit Kapoor,Joint Director,State DES - Karnataka,6,22.1,B.Sc. Statistics,2004-02-02,West Bengal
EMP00243,Jeet Mani,Deputy Director,State DES - Karnataka,5,15.5,MBA,2011-11-01,Himachal Pradesh
EMP00244,Falak Basak,Director General,Economic Census Division (ECD),9,25.5,PhD Statistics,2001-11-13,Gujarat
EMP00245,Anvi Sem,Statistical Officer (SO),National Accounts Division (NAD),2,6.8,PhD Statistics,2020-08-15,Madhya Pradesh
EMP00246,Viraj Gupta,Senior Statistical Officer (SSO),State DES - Bihar,3,7.1,M.A. Economics,2019-07-05,Telangana
EMP00247,Bhavini Kant,Director General,Social Statistics Division (SSD),9,28.7,M.Sc. Data Science,1998-02-09,Odisha
EMP00248,Aahana Singh,Senior Statistical Officer (SSO),Economic Census Division (ECD),3,5.0,MBA,2021-07-08,Himachal Pradesh
EMP00249,Imaran Kapoor,Senior Statistical Officer (SSO),State DES - Karnataka,3,12.1,M.A. Economics,2014-03-16,Rajasthan
EMP00250,Manan Sem,Additional Director General,State DES - Uttar Pradesh,8,28.5,B.Sc. Statistics,1998-07-17,Karnataka
EMP00251,Mitali Singh,Assistant Director,Central Statistics Office (CSO),4,11.8,B.Sc. Statistics,2015-08-20,Punjab
EMP00252,Bimala Seshadri,Additional Director General,Central Statistics Office (CSO),8,21.4,M.Sc. Statistics,2005-03-09,Madhya Pradesh
EMP00253,Lakshit Kant,Director,Data Informatics & Innovation Division (DIID),7,19.4,B.Sc. Statistics,2007-09-07,Uttarakhand
EMP00254,Siya Taneja,Deputy Director,State DES - Maharashtra,5,9.7,PhD Statistics,2017-05-27,Chhattisgarh
EMP00255,Bahadurjit Mukhopadhyay,Statistical Officer (SO),National Sample Survey Office (NSSO),2,2.9,MBA,2024-06-18,Telangana
EMP00256,Siya Bali,Senior Statistical Officer (SSO),State DES - Maharashtra,3,6.0,MBA,2020-01-02,Jharkhand
EMP00257,Mitali Bhatt,Joint Director,State DES - Maharashtra,6,21.6,PhD Statistics,2005-10-17,Bihar
EMP00258,Maanas Bhatti,Joint Director,State DES - Karnataka,6,14.0,M.Tech Computer Science,2012-06-17,Uttarakhand
EMP00259,Hiral Chaudhary,Director General,State DES - Karnataka,9,27.9,M.Tech Computer Science,1999-01-12,Assam
EMP00260,Hitesh Mukhopadhyay,Statistical Officer (SO),State DES - Karnataka,2,8.9,M.Tech Computer Science,2018-10-16,West Bengal
EMP00261,Gaurika Mandal,Assistant Director,State DES - Karnataka,4,13.2,PhD Statistics,2013-09-21,Uttar Pradesh
EMP00262,Lakshit Murthy,Director,State DES - Tamil Nadu,7,16.8,M.Sc. Data Science,2010-10-23,Maharashtra
EMP00263,Eta Mody,Junior Statistical Officer (JSO),Data Informatics & Innovation Division (DIID),1,2.8,M.Sc. Mathematics,2024-12-07,Madhya Pradesh
EMP00264,Yash Chaudhary,Additional Director General,State DES - Bihar,8,28.5,B.Sc. Statistics,1998-09-07,Bihar
EMP00265,Harini Bhatti,Additional Director General,Social Statistics Division (SSD),8,24.3,M.Sc. Mathematics,2002-09-11,Odisha
EMP00266,Rushil Sidhu,Deputy Director,Price Statistics Division (PSD),5,15.1,M.Sc. Data Science,2011-09-10,Kerala
EMP00267,Yashvi Agrawal,Deputy Director,State DES - Bihar,5,16.0,PhD Statistics,2010-08-12,Haryana
EMP00268,Harini Gill,Deputy Director,State DES - Karnataka,5,11.9,MBA,2015-06-25,Andhra Pradesh
EMP00269,Dayamai Balasubramanian,Deputy Director,State DES - Bihar,5,9.4,M.Sc. Statistics,2017-08-21,Telangana
EMP00270,Gaurika Mital,Additional Director General,State DES - Maharashtra,8,20.6,M.Tech Computer Science,2006-12-09,Chhattisgarh
EMP00271,Maanas Goswami,Assistant Director,State DES - Tamil Nadu,4,8.4,M.Sc. Data Science,2018-01-04,Gujarat
EMP00272,Yash Gupta,Additional Director General,National Accounts Division (NAD),8,19.2,B.Sc. Statistics,2007-03-14,Chhattisgarh
EMP00273,Jeet Basak,Additional Director General,Price Statistics Division (PSD),8,23.7,M.Tech Computer Science,2003-05-21,Haryana
EMP00274,Charan Mani,Statistical Officer (SO),Price Statistics Division (PSD),2,6.6,B.Sc. Statistics,2020-07-27,Uttar Pradesh
EMP00275,Darsh Nazareth,Director,National Accounts Division (NAD),7,24.5,M.Tech Computer Science,2002-01-10,Maharashtra
EMP00276,Aadi Dubey,Statistical Officer (SO),Social Statistics Division (SSD),2,8.5,M.Tech Computer Science,2018-11-18,Odisha
EMP00277,Gunbir Dani,Senior Statistical Officer (SSO),State DES - Uttar Pradesh,3,12.5,M.Tech Computer Science,2014-02-11,Rajasthan
EMP00278,Joshua Sandhu,Additional Director General,State DES - Bihar,8,25.8,M.Sc. Mathematics,2001-12-11,West Bengal
EMP00279,Yatin Chhabra,Assistant Director,State DES - Tamil Nadu,4,7.8,MBA,2019-09-11,Madhya Pradesh
EMP00280,Nikita Dara,Statistical Officer (SO),National Accounts Division (NAD),2,3.3,PhD Statistics,2023-04-01,Haryana
EMP00281,Gaurika Kaur,Assistant Director,Economic Census Division (ECD),4,10.5,M.A. Economics,2016-10-24,Punjab
EMP00282,Aadi Nath,Deputy Director,State DES - Bihar,5,15.5,M.Sc. Data Science,2011-11-04,Maharashtra
EMP00283,Mitali Agrawal,Senior Statistical Officer (SSO),State DES - Maharashtra,3,8.1,M.Tech Computer Science,2018-11-10,Tamil Nadu
EMP00284,Siya Murthy,Assistant Director,National Accounts Division (NAD),4,8.2,PhD Statistics,2018-08-24,Bihar
EMP00285,Amaira Kant,Director,State DES - Uttar Pradesh,7,23.4,M.Sc. Data Science,2003-11-25,Gujarat
EMP00286,Amaira Tiwari,Statistical Officer (SO),State DES - Maharashtra,2,5.7,M.A. Economics,2021-10-04,Karnataka
EMP00287,Charan Seshadri,Director General,Price Statistics Division (PSD),9,32.8,M.Sc. Mathematics,1994-06-28,Uttar Pradesh
EMP00288,Gunbir Prabhu,Statistical Officer (SO),State DES - Bihar,2,6.8,PhD Statistics,2020-09-15,Karnataka
EMP00289,Dayamai Ahluwalia,Additional Director General,Data Informatics & Innovation Division (DIID),8,19.6,PhD Statistics,2007-01-18,Uttarakhand
EMP00290,Mitali Mukhopadhyay,Deputy Director,Data Informatics & Innovation Division (DIID),5,16.2,M.Tech Computer Science,2010-12-07,West Bengal
EMP00291,Vinaya Bains,Junior Statistical Officer (JSO),State DES - Bihar,1,2.7,M.Sc. Statistics,2024-01-03,Chhattisgarh
EMP00292,Libni Dasgupta,Junior Statistical Officer (JSO),National Accounts Division (NAD),1,2.1,M.Sc. Mathematics,2024-06-13,Madhya Pradesh
EMP00293,Aahana Tiwari,Director,State DES - Tamil Nadu,7,19.5,M.Sc. Mathematics,2007-02-06,Telangana
EMP00294,Rushil Dara,Director General,Price Statistics Division (PSD),9,23.5,B.Sc. Statistics,2003-05-15,West Bengal
EMP00295,Vedhika Sandhu,Director General,Data Informatics & Innovation Division (DIID),9,27.1,M.Sc. Data Science,1999-08-12,Gujarat
EMP00296,Harsh Krishnan,Assistant Director,State DES - Bihar,4,15.4,M.Sc. Statistics,2011-11-14,Maharashtra
EMP00297,Bahadurjit Mani,Junior Statistical Officer (JSO),National Sample Survey Office (NSSO),1,2.0,M.Sc. Statistics,2024-01-15,Himachal Pradesh
EMP00298,Amaira Mukhopadhyay,Junior Statistical Officer (JSO),Central Statistics Office (CSO),1,2.0,MBA,2024-04-18,Odisha
EMP00299,Viraj Bali,Junior Statistical Officer (JSO),Economic Census Division (ECD),1,1.6,M.Sc. Data Science,2025-06-19,Uttarakhand
EMP00300,Amaira Mani,Joint Director,National Accounts Division (NAD),6,14.8,M.Sc. Data Science,2012-05-09,Madhya Pradesh
EMP00301,Charan Taneja,Senior Statistical Officer (SSO),Data Informatics & Innovation Division (DIID),3,10.3,PhD Statistics,2016-06-21,Maharashtra
EMP00302,Varsha Kaur,Director General,Data Informatics & Innovation Division (DIID),9,25.8,MBA,2001-05-13,Bihar
EMP00303,Darsh Bali,Director General,Price Statistics Division (PSD),9,27.7,M.Tech Computer Science,1999-08-02,Bihar
EMP00304,Harini Shukla,Director,National Accounts Division (NAD),7,21.7,MBA,2005-05-07,Gujarat
EMP00305,Hitesh Mandal,Statistical Officer (SO),Social Statistics Division (SSD),2,8.5,M.Sc. Statistics,2018-12-27,Chhattisgarh
EMP00306,Kabir Ahluwalia,Deputy Director,State DES - Karnataka,5,12.8,B.Sc. Statistics,2014-04-26,Karnataka
EMP00307,Bhavini Dhar,Director General,Price Statistics Division (PSD),9,24.6,M.A. Economics,2002-01-07,Punjab
EMP00308,Libni Mody,Statistical Officer (SO),State DES - Uttar Pradesh,2,7.2,M.Sc. Data Science,2019-12-07,Himachal Pradesh
EMP00309,Krishna Singh,Director General,Economic Census Division (ECD),9,25.9,MBA,2001-09-21,Odisha
EMP00310,Neelima Agrawal,Deputy Director,State DES - Uttar Pradesh,5,12.6,PhD Statistics,2014-12-16,Tamil Nadu
EMP00311,Bhavini Seshadri,Joint Director,Social Statistics Division (SSD),6,23.0,M.A. Economics,2003-01-19,Madhya Pradesh
EMP00312,Imaran Chacko,Senior Statistical Officer (SSO),State DES - Maharashtra,3,4.2,MBA,2022-03-07,Punjab
EMP00313,Hitesh Chacko,Director,Price Statistics Division (PSD),7,21.8,PhD Statistics,2005-11-22,Chhattisgarh
EMP00314,Hitesh Borra,Additional Director General,State DES - Tamil Nadu,8,29.6,PhD Statistics,1997-03-24,Odisha
EMP00315,Yatin Sidhu,Senior Statistical Officer (SSO),State DES - Maharashtra,3,5.4,PhD Statistics,2021-09-21,Uttar Pradesh
EMP00316,Charan Gola,Junior Statistical Officer (JSO),National Sample Survey Office (NSSO),1,4.4,B.Sc. Statistics,2022-07-05,West Bengal
EMP00317,Hiral Tella,Assistant Director,National Accounts Division (NAD),4,6.7,B.Sc. Statistics,2020-09-15,Rajasthan
EMP00318,Siya Ahluwalia,Additional Director General,Central Statistics Office (CSO),8,25.9,B.Sc. Statistics,2001-09-14,Chhattisgarh
EMP00319,Krish Narayanan,Director General,State DES - Maharashtra,9,30.7,M.Tech Computer Science,1996-09-27,West Bengal
EMP00320,Mohammed Mukhopadhyay,Director,National Accounts Division (NAD),7,24.7,M.Sc. Statistics,2002-09-05,Tamil Nadu
EMP00321,Zaitra Mody,Director General,Social Statistics Division (SSD),9,25.0,M.Tech Computer Science,2001-02-12,Andhra Pradesh
EMP00322,Krishna Sem,Assistant Director,Price Statistics Division (PSD),4,15.9,M.Tech Computer Science,2011-11-28,Karnataka
EMP00323,Jeet Bali,Junior Statistical Officer (JSO),Data Informatics & Innovation Division (DIID),1,1.4,MBA,2025-08-02,Chhattisgarh
EMP00324,Dev Nath,Senior Statistical Officer (SSO),Data Informatics & Innovation Division (DIID),3,4.8,M.A. Economics,2022-02-17,Uttarakhand
EMP00325,Aarush Nazareth,Assistant Director,State DES - Bihar,4,8.1,PhD Statistics,2018-01-03,Kerala
EMP00326,Vedhika Krishnan,Director General,Central Statistics Office (CSO),9,28.8,M.Sc. Mathematics,1998-01-07,Haryana
EMP00327,Vinaya Balasubramanian,Director,Economic Census Division (ECD),7,26.1,M.Sc. Mathematics,2000-04-19,Uttarakhand
EMP00328,Hiral Tripathi,Director,State DES - Maharashtra,7,23.1,M.A. Economics,2003-12-05,Andhra Pradesh
EMP00329,Yatin Khare,Statistical Officer (SO),Social Statistics Division (SSD),2,5.5,B.Sc. Statistics,2021-07-08,Tamil Nadu
EMP00330,Hiral Bains,Joint Director,State DES - Karnataka,6,19.3,MBA,2007-01-21,Haryana
EMP00331,Parth Gill,Additional Director General,Social Statistics Division (SSD),8,23.9,MBA,2003-03-22,Madhya Pradesh
EMP00332,Vinaya Chaudhuri,Director,State DES - Karnataka,7,16.0,M.Tech Computer Science,2010-12-03,Gujarat
EMP00333,Nikita Krishnan,Senior Statistical Officer (SSO),State DES - Tamil Nadu,3,7.8,M.Sc. Mathematics,2019-06-12,Andhra Pradesh
EMP00334,Anya Samra,Junior Statistical Officer (JSO),State DES - Uttar Pradesh,1,4.8,M.A. Economics,2022-02-05,Kerala
EMP00335,Nikita Shroff,Director,State DES - Maharashtra,7,20.4,MBA,2006-01-03,Tamil Nadu
EMP00336,Neelima Taneja,Statistical Officer (SO),Social Statistics Division (SSD),2,6.2,MBA,2020-05-14,West Bengal
EMP00337,Daniel Mani,Statistical Officer (SO),State DES - Maharashtra,2,7.1,M.Sc. Data Science,2019-09-06,Uttarakhand
EMP00338,Vedhika Kaur,Senior Statistical Officer (SSO),Economic Census Division (ECD),3,5.4,M.Tech Computer Science,2021-03-03,Assam
EMP00339,Joshua De,Deputy Director,State DES - Uttar Pradesh,5,13.2,M.Sc. Statistics,2013-05-08,Telangana
EMP00340,Lakshit Tella,Additional Director General,Price Statistics Division (PSD),8,25.1,PhD Statistics,2001-03-10,Tamil Nadu
EMP00341,Krish Dara,Joint Director,Data Informatics & Innovation Division (DIID),6,22.1,M.A. Economics,2004-06-14,Odisha
EMP00342,Jagvi Seth,Senior Statistical Officer (SSO),State DES - Karnataka,3,7.0,M.Sc. Data Science,2019-06-06,Assam
EMP00343,Krishna Bhatti,Deputy Director,State DES - Tamil Nadu,5,16.3,PhD Statistics,2010-04-11,Uttarakhand
EMP00344,Daniel Krishnan,Director,State DES - Karnataka,7,19.4,M.Sc. Data Science,2007-09-06,Uttarakhand
EMP00345,Vedhika Mani,Director General,State DES - Bihar,9,22.3,PhD Statistics,2004-08-26,Rajasthan
EMP00346,Ranveer Seshadri,Statistical Officer (SO),Data Informatics & Innovation Division (DIID),2,7.7,PhD Statistics,2019-11-10,Bihar
EMP00347,Zaitra Borra,Senior Statistical Officer (SSO),Data Informatics & Innovation Division (DIID),3,11.2,M.Sc. Statistics,2015-10-16,Odisha
EMP00348,Vinaya Dara,Director General,State DES - Bihar,9,28.1,MBA,1998-01-26,Chhattisgarh
EMP00349,Siya Khare,Director General,National Sample Survey Office (NSSO),9,29.1,M.Sc. Statistics,1997-11-22,Gujarat
EMP00350,Neelima Luthra,Junior Statistical Officer (JSO),State DES - Tamil Nadu,1,3.3,MBA,2023-07-04,Haryana
EMP00351,Krish Goswami,Deputy Director,State DES - Bihar,5,11.2,M.Sc. Data Science,2015-06-13,Odisha
EMP00352,Mitali Mani,Director General,Central Statistics Office (CSO),9,23.8,PhD Statistics,2003-05-14,Tamil Nadu
EMP00353,Aarush Samra,Statistical Officer (SO),State DES - Bihar,2,7.8,M.Sc. Mathematics,2019-05-11,Telangana
EMP00354,Mitali Gill,Assistant Director,Social Statistics Division (SSD),4,11.2,PhD Statistics,2015-08-24,Tamil Nadu
EMP00355,Mohammed Prabhu,Joint Director,Central Statistics Office (CSO),6,12.8,M.Sc. Statistics,2014-06-21,West Bengal
EMP00356,Anya Mukhopadhyay,Senior Statistical Officer (SSO),State DES - Bihar,3,13.3,M.Sc. Data Science,2013-03-18,Jharkhand
EMP00357,Joshua Gupta,Director General,State DES - Uttar Pradesh,9,27.1,M.Sc. Data Science,1999-11-06,Andhra Pradesh
EMP00358,Darsh Tella,Director,State DES - Bihar,7,19.7,M.Sc. Data Science,2007-10-14,Odisha
EMP00359,Daniel Nath,Assistant Director,State DES - Bihar,4,8.1,M.Sc. Statistics,2018-02-26,Uttarakhand
EMP00360,Imaran Rao,Senior Statistical Officer (SSO),Price Statistics Division (PSD),3,7.7,PhD Statistics,2019-05-22,Tamil Nadu
EMP00361,Imaran Dani,Director General,Social Statistics Division (SSD),9,33.6,MBA,1993-07-19,Himachal Pradesh
EMP00362,Eta Sidhu,Joint Director,State DES - Karnataka,6,22.1,M.Sc. Mathematics,2004-10-19,Punjab
EMP00363,Nikita Mukhopadhyay,Senior Statistical Officer (SSO),Price Statistics Division (PSD),3,7.1,M.Tech Computer Science,2019-03-12,Tamil Nadu
EMP00364,Mohammed Balasubramanian,Director General,State DES - Karnataka,9,26.7,M.Sc. Mathematics,2000-07-14,Uttarakhand
EMP00365,Darsh Dani,Director General,State DES - Tamil Nadu,9,30.3,M.Sc. Mathematics,1996-03-16,Chhattisgarh
EMP00366,Ranveer Bhatt,Senior Statistical Officer (SSO),State DES - Uttar Pradesh,3,7.1,B.Sc. Statistics,2019-01-16,Telangana
EMP00367,Maanas Mody,Director,State DES - Maharashtra,7,26.6,PhD Statistics,2000-11-16,Madhya Pradesh
EMP00368,Yash Talwar,Additional Director General,National Sample Survey Office (NSSO),8,23.9,B.Sc. Statistics,2003-05-02,Gujarat
EMP00369,Parth Chacko,Director General,State DES - Uttar Pradesh,9,25.5,PhD Statistics,2001-09-04,Chhattisgarh
EMP00370,Aadi Joshi,Deputy Director,Social Statistics Division (SSD),5,16.8,B.Sc. Statistics,2010-09-07,Odisha
EMP00371,Vyanjana Goswami,Assistant Director,Central Statistics Office (CSO),4,9.0,PhD Statistics,2017-06-28,Kerala
EMP00372,Jagvi Samra,Additional Director General,National Sample Survey Office (NSSO),8,28.4,M.Sc. Data Science,1998-12-19,Rajasthan
EMP00373,Mohammed Sidhu,Director,National Accounts Division (NAD),7,17.0,M.Sc. Data Science,2009-01-19,Rajasthan
EMP00374,Neelima Rao,Deputy Director,National Accounts Division (NAD),5,15.0,M.A. Economics,2011-05-19,Punjab
EMP00375,Parth Tripathi,Director General,State DES - Tamil Nadu,9,33.8,M.Sc. Statistics,1993-07-02,Bihar
EMP00376,Parth Tiwari,Senior Statistical Officer (SSO),National Accounts Division (NAD),3,11.0,M.Sc. Data Science,2015-12-11,Bihar
EMP00377,Hiral Singh,Director,State DES - Karnataka,7,20.9,M.Tech Computer Science,2006-07-15,Madhya Pradesh
EMP00378,Anjali Tella,Statistical Officer (SO),State DES - Bihar,2,4.8,M.Tech Computer Science,2022-08-16,Telangana
EMP00379,Eshana Dhar,Junior Statistical Officer (JSO),State DES - Bihar,1,4.5,M.Sc. Statistics,2022-11-22,Odisha
EMP00380,Mohammed Sidhu,Statistical Officer (SO),Data Informatics & Innovation Division (DIID),2,7.6,M.Sc. Data Science,2019-04-16,Madhya Pradesh
EMP00381,Parth Bhatti,Deputy Director,State DES - Karnataka,5,12.4,M.Sc. Mathematics,2014-08-26,Uttarakhand
EMP00382,Hitesh Kapoor,Junior Statistical Officer (JSO),State DES - Tamil Nadu,1,1.2,PhD Statistics,2025-02-28,West Bengal
EMP00383,Joshua Prabhu,Additional Director General,Data Informatics & Innovation Division (DIID),8,18.0,M.Sc. Data Science,2008-11-10,Bihar
EMP00384,Joshua Tiwari,Deputy Director,Social Statistics Division (SSD),5,9.9,M.Tech Computer Science,2017-06-22,Karnataka
EMP00385,Ekaja Mandal,Senior Statistical Officer (SSO),State DES - Tamil Nadu,3,4.5,M.Tech Computer Science,2022-07-21,Gujarat
EMP00386,Nikita Talwar,Statistical Officer (SO),State DES - Uttar Pradesh,2,2.0,M.Sc. Statistics,2024-10-08,Bihar
EMP00387,Gunbir Mukhopadhyay,Additional Director General,State DES - Bihar,8,18.1,M.A. Economics,2008-07-23,Tamil Nadu
EMP00388,Maanas Dasgupta,Statistical Officer (SO),National Sample Survey Office (NSSO),2,3.6,M.Sc. Statistics,2023-06-12,Tamil Nadu
EMP00389,Bimala Agrawal,Senior Statistical Officer (SSO),National Accounts Division (NAD),3,7.8,M.Sc. Mathematics,2019-09-19,Karnataka
EMP00390,Krish Murthy,Senior Statistical Officer (SSO),State DES - Bihar,3,8.4,M.Sc. Data Science,2018-07-20,Bihar
EMP00391,Vedhika Prabhu,Assistant Director,National Sample Survey Office (NSSO),4,6.9,M.Sc. Mathematics,2020-10-24,Tamil Nadu
EMP00392,Daniel Sidhu,Director,National Accounts Division (NAD),7,18.8,M.Sc. Data Science,2008-11-03,Kerala
EMP00393,Zaitra Taneja,Deputy Director,State DES - Bihar,5,16.8,B.Sc. Statistics,2010-04-17,Punjab
EMP00394,Amaira Chaudhary,Assistant Director,Economic Census Division (ECD),4,13.5,B.Sc. Statistics,2013-08-13,Gujarat
EMP00395,Eta Singh,Additional Director General,National Sample Survey Office (NSSO),8,25.7,B.Sc. Statistics,2001-06-05,Telangana
EMP00396,Daniel Tiwari,Director,State DES - Tamil Nadu,7,19.4,M.Sc. Mathematics,2007-02-01,Assam
EMP00397,Vinaya Bains,Junior Statistical Officer (JSO),Central Statistics Office (CSO),1,2.0,B.Sc. Statistics,2024-09-10,Andhra Pradesh
EMP00398,Dev Talwar,Director General,Data Informatics & Innovation Division (DIID),9,31.2,MBA,1995-11-18,Karnataka
EMP00399,Rushil Murthy,Senior Statistical Officer (SSO),Economic Census Division (ECD),3,6.8,M.Sc. Statistics,2020-04-26,Jharkhand
EMP00400,Harsh Rao,Joint Director,State DES - Tamil Nadu,6,16.7,M.Sc. Statistics,2010-12-14,Punjab
EMP00401,Lakshit Tripathi,Assistant Director,National Sample Survey Office (NSSO),4,6.6,MBA,2020-08-20,Tamil Nadu
EMP00402,Amaira Ahluwalia,Deputy Director,State DES - Tamil Nadu,5,15.7,M.Sc. Mathematics,2011-01-23,Tamil Nadu
EMP00403,Maanas Khare,Junior Statistical Officer (JSO),Social Statistics Division (SSD),1,1.7,M.Tech Computer Science,2025-06-05,Uttar Pradesh
EMP00404,Utkarsh Mani,Deputy Director,National Sample Survey Office (NSSO),5,16.3,B.Sc. Statistics,2010-07-09,Haryana
EMP00405,Gunbir Bains,Deputy Director,State DES - Karnataka,5,16.1,M.Sc. Statistics,2010-08-17,Assam
EMP00406,Siya Ahluwalia,Additional Director General,National Accounts Division (NAD),8,28.3,M.A. Economics,1998-05-25,Uttar Pradesh
EMP00407,Anya Kapoor,Statistical Officer (SO),State DES - Maharashtra,2,3.6,B.Sc. Statistics,2023-01-08,Maharashtra
EMP00408,Mitali Dasgupta,Joint Director,National Accounts Division (NAD),6,16.6,M.Sc. Mathematics,2010-09-26,Maharashtra
EMP00409,Aarush Talwar,Director,Price Statistics Division (PSD),7,17.7,MBA,2009-05-27,Haryana
EMP00410,Anjali Bhasin,Joint Director,State DES - Tamil Nadu,6,13.4,B.Sc. Statistics,2013-04-26,Uttar Pradesh
EMP00411,Gunbir Nazareth,Director,State DES - Uttar Pradesh,7,15.8,M.Tech Computer Science,2011-06-03,Punjab
EMP00412,Harini Sem,Junior Statistical Officer (JSO),Economic Census Division (ECD),1,2.5,M.Tech Computer Science,2024-04-15,Himachal Pradesh
EMP00413,Siya Dhar,Additional Director General,Price Statistics Division (PSD),8,30.0,M.Sc. Data Science,1996-01-14,Bihar
EMP00414,Amaira Chacko,Director General,State DES - Bihar,9,26.2,B.Sc. Statistics,2000-01-25,Haryana
EMP00415,Varsha Kaur,Deputy Director,State DES - Maharashtra,5,10.0,M.Sc. Data Science,2016-08-02,Madhya Pradesh
EMP00416,Harsh Talwar,Deputy Director,Price Statistics Division (PSD),5,9.9,MBA,2017-08-24,Telangana
EMP00417,Nikita Dhar,Statistical Officer (SO),State DES - Tamil Nadu,2,5.5,MBA,2021-10-19,Karnataka
EMP00418,Charan De,Senior Statistical Officer (SSO),Economic Census Division (ECD),3,6.4,M.A. Economics,2020-12-27,Andhra Pradesh
EMP00419,Utkarsh Bhatti,Joint Director,Price Statistics Division (PSD),6,17.4,M.Sc. Statistics,2009-03-25,Rajasthan
EMP00420,Timothy Dhar,Statistical Officer (SO),National Accounts Division (NAD),2,3.1,PhD Statistics,2023-06-14,Odisha
EMP00421,Eta Rao,Joint Director,Price Statistics Division (PSD),6,23.6,PhD Statistics,2003-08-09,Punjab
EMP00422,Tejas Joshi,Statistical Officer (SO),State DES - Tamil Nadu,2,3.1,M.Tech Computer Science,2023-01-07,Himachal Pradesh
EMP00423,Hiral Tripathi,Joint Director,State DES - Bihar,6,13.8,M.Sc. Data Science,2013-07-17,Telangana
EMP00424,Charan Mukhopadhyay,Deputy Director,National Accounts Division (NAD),5,11.6,B.Sc. Statistics,2015-08-18,Andhra Pradesh
EMP00425,Utkarsh Taneja,Assistant Director,National Sample Survey Office (NSSO),4,6.9,M.Sc. Mathematics,2020-01-02,Tamil Nadu
EMP00426,Hiral Mani,Assistant Director,Data Informatics & Innovation Division (DIID),4,7.3,M.A. Economics,2019-10-19,Karnataka
EMP00427,Gaurika Seth,Statistical Officer (SO),National Sample Survey Office (NSSO),2,2.2,M.Sc. Data Science,2024-03-03,Odisha
EMP00428,Ekaja Tripathi,Joint Director,State DES - Uttar Pradesh,6,13.5,B.Sc. Statistics,2013-10-14,Uttar Pradesh
EMP00429,Jagvi Sandhu,Director,Data Informatics & Innovation Division (DIID),7,21.0,MBA,2005-06-07,Uttar Pradesh
EMP00430,Aarush Shroff,Deputy Director,National Accounts Division (NAD),5,11.8,B.Sc. Statistics,2015-10-20,Himachal Pradesh
EMP00431,Zaitra Mandal,Deputy Director,State DES - Maharashtra,5,14.0,PhD Statistics,2012-02-09,Maharashtra
EMP00432,Daniel Bhatt,Director,State DES - Maharashtra,7,17.4,M.Sc. Data Science,2009-01-13,Chhattisgarh
EMP00433,Yatin Talwar,Joint Director,State DES - Uttar Pradesh,6,17.8,M.A. Economics,2009-09-11,Uttarakhand
EMP00434,Daniel Krishnan,Senior Statistical Officer (SSO),State DES - Karnataka,3,4.3,M.Sc. Data Science,2022-05-02,West Bengal
EMP00435,Dayamai Dasgupta,Director General,State DES - Karnataka,9,26.3,M.Sc. Data Science,2000-02-08,Uttar Pradesh
EMP00436,Varsha Singh,Deputy Director,State DES - Bihar,5,14.3,B.Sc. Statistics,2012-10-28,Gujarat
EMP00437,Dayamai Kaur,Joint Director,National Accounts Division (NAD),6,23.2,M.Sc. Mathematics,2003-10-11,Gujarat
EMP00438,Dayamai Mital,Joint Director,Central Statistics Office (CSO),6,23.0,M.A. Economics,2003-10-05,Uttarakhand
EMP00439,Aadi Mody,Additional Director General,National Accounts Division (NAD),8,24.5,PhD Statistics,2002-02-02,Maharashtra
EMP00440,Yashvi Dubey,Assistant Director,State DES - Uttar Pradesh,4,6.2,B.Sc. Statistics,2020-10-07,Haryana
EMP00441,Dayamai Bhatt,Joint Director,Social Statistics Division (SSD),6,20.6,B.Sc. Statistics,2006-03-19,West Bengal
EMP00442,Leela Balasubramanian,Statistical Officer (SO),Social Statistics Division (SSD),2,7.9,M.Sc. Statistics,2019-12-22,Telangana
EMP00443,Krishna Dhar,Statistical Officer (SO),Social Statistics Division (SSD),2,4.4,M.Sc. Mathematics,2022-12-14,Uttar Pradesh
EMP00444,Yatin Tella,Additional Director General,National Accounts Division (NAD),8,25.8,M.A. Economics,2001-11-19,Gujarat
EMP00445,Jagvi Shroff,Director,State DES - Bihar,7,18.7,M.Tech Computer Science,2008-03-24,Bihar
EMP00446,Krish Khare,Director,State DES - Karnataka,7,25.2,B.Sc. Statistics,2001-10-11,Uttar Pradesh
EMP00447,Aarush Lata,Assistant Director,National Sample Survey Office (NSSO),4,12.4,PhD Statistics,2014-06-24,Bihar
EMP00448,Anjali Singh,Joint Director,National Accounts Division (NAD),6,23.8,M.Sc. Statistics,2003-08-01,Haryana
EMP00449,Gaurika Rai,Assistant Director,Social Statistics Division (SSD),4,12.9,M.Tech Computer Science,2014-12-01,Tamil Nadu
EMP00450,Charan Kaur,Additional Director General,National Accounts Division (NAD),8,26.8,MBA,2000-07-12,Assam
EMP00451,Rushil Kaur,Statistical Officer (SO),State DES - Karnataka,2,7.8,M.Sc. Data Science,2019-08-03,Uttar Pradesh
EMP00452,Dayamai Tripathi,Junior Statistical Officer (JSO),Social Statistics Division (SSD),1,2.2,M.Tech Computer Science,2024-02-11,Tamil Nadu
EMP00453,Joshua Basak,Director,National Sample Survey Office (NSSO),7,16.9,M.Sc. Statistics,2010-10-20,Haryana
EMP00454,Ekaja Dasgupta,Junior Statistical Officer (JSO),State DES - Tamil Nadu,1,2.7,M.Sc. Mathematics,2024-07-06,Himachal Pradesh
EMP00455,Charan Goswami,Joint Director,Price Statistics Division (PSD),6,14.5,MBA,2012-12-24,Chhattisgarh
EMP00456,Rushil Borra,Deputy Director,National Sample Survey Office (NSSO),5,12.0,B.Sc. Statistics,2014-10-18,Andhra Pradesh
EMP00457,Hiral Dani,Senior Statistical Officer (SSO),Central Statistics Office (CSO),3,4.5,MBA,2022-05-27,Karnataka
EMP00458,Varsha Tella,Additional Director General,Central Statistics Office (CSO),8,20.4,M.Sc. Data Science,2006-11-10,Uttar Pradesh
EMP00459,Nikita Dasgupta,Statistical Officer (SO),Data Informatics & Innovation Division (DIID),2,4.2,PhD Statistics,2022-11-09,Assam
EMP00460,Nikita Mandal,Director General,Social Statistics Division (SSD),9,26.7,MBA,2000-03-15,Telangana
EMP00461,Mitali Borra,Additional Director General,Price Statistics Division (PSD),8,23.6,M.Tech Computer Science,2003-01-05,Uttarakhand
EMP00462,Bhavini Khare,Statistical Officer (SO),Social Statistics Division (SSD),2,2.6,MBA,2024-04-18,Uttarakhand
EMP00463,Charan Seshadri,Director,Data Informatics & Innovation Division (DIID),7,24.8,PhD Statistics,2002-04-16,Uttarakhand
EMP00464,Anvi Samra,Director,State DES - Bihar,7,25.8,B.Sc. Statistics,2001-10-17,Jharkhand
EMP00465,Dayamai Bhasin,Senior Statistical Officer (SSO),State DES - Uttar Pradesh,3,5.2,M.Sc. Mathematics,2021-04-26,Uttar Pradesh
EMP00466,Kabir Bhatt,Junior Statistical Officer (JSO),State DES - Tamil Nadu,1,2.7,MBA,2024-11-05,Rajasthan
EMP00467,Hiral Dubey,Deputy Director,State DES - Bihar,5,12.2,M.Sc. Statistics,2014-07-18,Karnataka
EMP00468,Krishna Taneja,Joint Director,State DES - Maharashtra,6,22.3,PhD Statistics,2004-12-20,West Bengal
EMP00469,Vinaya Gola,Director,National Accounts Division (NAD),7,16.4,M.Sc. Mathematics,2010-10-19,Uttarakhand
EMP00470,Bhavini Goswami,Statistical Officer (SO),National Sample Survey Office (NSSO),2,5.9,M.Tech Computer Science,2021-06-14,Chhattisgarh
EMP00471,Gaurika Kaur,Additional Director General,State DES - Uttar Pradesh,8,24.9,B.Sc. Statistics,2002-05-13,Uttar Pradesh
EMP00472,Harsh Murthy,Director,Social Statistics Division (SSD),7,15.5,M.Sc. Data Science,2011-12-16,Maharashtra
EMP00473,Aarush Krishnan,Joint Director,Economic Census Division (ECD),6,12.2,M.Tech Computer Science,2014-08-28,Kerala
EMP00474,Mohammed Mukhopadhyay,Statistical Officer (SO),Price Statistics Division (PSD),2,8.8,M.Sc. Mathematics,2018-12-15,Punjab
EMP00475,Timothy Seth,Joint Director,Data Informatics & Innovation Division (DIID),6,15.2,M.Sc. Statistics,2011-08-07,Rajasthan
EMP00476,Aarush Seth,Director,State DES - Maharashtra,7,23.9,M.A. Economics,2003-09-26,Maharashtra
EMP00477,Joshua Bains,Deputy Director,Data Informatics & Innovation Division (DIID),5,16.1,M.Sc. Mathematics,2010-10-01,Jharkhand
EMP00478,Darsh Mody,Assistant Director,Price Statistics Division (PSD),4,14.4,B.Sc. Statistics,2012-01-12,Odisha
EMP00479,Leela Mody,Deputy Director,State DES - Uttar Pradesh,5,12.7,MBA,2014-11-01,Tamil Nadu
EMP00480,Zaitra Kant,Additional Director General,National Accounts Division (NAD),8,25.1,PhD Statistics,2001-09-12,Uttarakhand
EMP00481,Neelima Luthra,Deputy Director,State DES - Bihar,5,16.5,M.Sc. Statistics,2010-01-13,Punjab
EMP00482,Charan Luthra,Assistant Director,State DES - Tamil Nadu,4,14.6,M.Sc. Data Science,2012-05-21,Rajasthan
EMP00483,Yash Chaudhary,Junior Statistical Officer (JSO),State DES - Tamil Nadu,1,4.5,B.Sc. Statistics,2022-03-21,Assam
EMP00484,Darsh Dubey,Junior Statistical Officer (JSO),State DES - Karnataka,1,1.9,M.Tech Computer Science,2025-07-13,Kerala
EMP00485,Tejas Sidhu,Additional Director General,State DES - Uttar Pradesh,8,21.0,M.Tech Computer Science,2005-10-13,Jharkhand
EMP00486,Vinaya Goswami,Junior Statistical Officer (JSO),State DES - Tamil Nadu,1,3.0,M.A. Economics,2023-11-20,Chhattisgarh
EMP00487,Amaira Chhabra,Deputy Director,State DES - Uttar Pradesh,5,15.8,M.Sc. Statistics,2011-05-21,Haryana
EMP00488,Eshana Tiwari,Deputy Director,State DES - Bihar,5,11.6,M.Tech Computer Science,2015-03-17,Rajasthan
EMP00489,Bhavini Singh,Junior Statistical Officer (JSO),State DES - Karnataka,1,4.2,MBA,2022-11-05,Haryana
EMP00490,Lakshit Narayanan,Additional Director General,Economic Census Division (ECD),8,30.0,MBA,1996-07-24,Andhra Pradesh
EMP00491,Mitali Dhar,Assistant Director,State DES - Bihar,4,9.4,M.Sc. Data Science,2017-11-26,Chhattisgarh
EMP00492,Rudra Chaudhuri,Joint Director,National Accounts Division (NAD),6,18.1,M.Sc. Mathematics,2008-02-16,Punjab
EMP00493,Maanas Mital,Deputy Director,State DES - Maharashtra,5,16.3,M.Sc. Mathematics,2010-11-03,Haryana
EMP00494,Yashvi Sidhu,Assistant Director,Economic Census Division (ECD),4,13.4,MBA,2013-06-09,Haryana
EMP00495,Vinaya Chhabra,Additional Director General,State DES - Uttar Pradesh,8,28.2,B.Sc. Statistics,1998-10-20,Uttarakhand
EMP00496,Anjali Dasgupta,Assistant Director,State DES - Tamil Nadu,4,11.0,MBA,2015-05-14,Jharkhand
EMP00497,Charan Tiwari,Senior Statistical Officer (SSO),Price Statistics Division (PSD),3,5.4,M.A. Economics,2021-10-15,Madhya Pradesh
EMP00498,Harsh Bhatti,Senior Statistical Officer (SSO),State DES - Uttar Pradesh,3,11.8,M.A. Economics,2015-06-21,Uttar Pradesh
EMP00499,Charan Nath,Additional Director General,National Accounts Division (NAD),8,21.3,M.Sc. Mathematics,2005-02-05,Assam
EMP00500,Bahadurjit De,Director,State DES - Uttar Pradesh,7,19.8,MBA,2007-01-18,West Bengal
EMP00501,Kabir Sandhu,Joint Director,Social Statistics Division (SSD),6,23.4,M.Sc. Data Science,2003-11-01,West Bengal
EMP00502,Dev Sandhu,Assistant Director,Social Statistics Division (SSD),4,8.3,M.Tech Computer Science,2018-02-13,Bihar
EMP00503,Manan Dhar,Deputy Director,Central Statistics Office (CSO),5,10.7,M.Tech Computer Science,2016-08-24,Punjab
EMP00504,Gunbir Dubey,Director General,State DES - Tamil Nadu,9,26.1,M.Sc. Mathematics,2000-08-12,Haryana
EMP00505,Bhavini Mody,Senior Statistical Officer (SSO),Data Informatics & Innovation Division (DIID),3,13.5,B.Sc. Statistics,2013-04-24,Gujarat
EMP00506,Maanas Rai,Junior Statistical Officer (JSO),National Accounts Division (NAD),1,3.4,M.Sc. Statistics,2023-12-21,Telangana
EMP00507,Yatin Nazareth,Director,Economic Census Division (ECD),7,25.5,B.Sc. Statistics,2001-01-22,Himachal Pradesh
EMP00508,Anya Mandal,Junior Statistical Officer (JSO),National Sample Survey Office (NSSO),1,1.2,MBA,2025-07-04,Odisha
EMP00509,Harini Borra,Additional Director General,Price Statistics Division (PSD),8,26.4,B.Sc. Statistics,2000-07-22,Punjab
EMP00510,Anya Chaudhuri,Director General,State DES - Karnataka,9,25.2,M.Sc. Mathematics,2001-02-17,Madhya Pradesh
EMP00511,Lakshit Murthy,Statistical Officer (SO),National Sample Survey Office (NSSO),2,4.0,PhD Statistics,2022-10-07,Rajasthan
EMP00512,Timothy Borra,Director General,Social Statistics Division (SSD),9,33.7,MBA,1993-03-02,Punjab
EMP00513,Harini Dani,Assistant Director,State DES - Uttar Pradesh,4,12.9,M.A. Economics,2014-01-01,Gujarat
EMP00514,Varsha Samra,Statistical Officer (SO),State DES - Tamil Nadu,2,7.8,PhD Statistics,2019-02-25,Bihar
EMP00515,Manan Bains,Statistical Officer (SO),State DES - Tamil Nadu,2,8.3,M.Sc. Data Science,2018-05-09,Odisha
EMP00516,Mitali Ahluwalia,Statistical Officer (SO),Central Statistics Office (CSO),2,7.7,M.Tech Computer Science,2019-11-11,Telangana
EMP00517,Vyanjana Mital,Statistical Officer (SO),Central Statistics Office (CSO),2,2.7,B.Sc. Statistics,2024-11-21,Bihar
EMP00518,Joshua Gupta,Joint Director,State DES - Karnataka,6,22.7,M.Tech Computer Science,2004-06-27,Karnataka
EMP00519,Hitesh Shroff,Statistical Officer (SO),State DES - Uttar Pradesh,2,4.8,M.Tech Computer Science,2022-12-28,Andhra Pradesh
EMP00520,Rudra Lata,Director,National Accounts Division (NAD),7,22.8,M.Sc. Statistics,2004-12-24,Bihar
EMP00521,Charan Tripathi,Senior Statistical Officer (SSO),State DES - Karnataka,3,5.0,PhD Statistics,2021-11-15,Uttarakhand
EMP00522,Darsh Murthy,Director,State DES - Karnataka,7,24.3,B.Sc. Statistics,2002-08-16,Bihar
EMP00523,Eta Basak,Director,National Sample Survey Office (NSSO),7,20.3,M.Tech Computer Science,2006-01-23,Haryana
EMP00524,Imaran Mukhopadhyay,Director General,State DES - Karnataka,9,31.2,M.Sc. Data Science,1995-09-17,Haryana
EMP00525,Mohammed Khare,Statistical Officer (SO),State DES - Bihar,2,5.0,M.Sc. Data Science,2021-06-22,Assam
EMP00526,Vedhika Mandal,Director,State DES - Maharashtra,7,16.8,B.Sc. Statistics,2010-11-06,West Bengal
EMP00527,Manan Tripathi,Additional Director General,National Accounts Division (NAD),8,28.2,M.Sc. Statistics,1998-06-08,Assam
EMP00528,Hitesh Krishnan,Junior Statistical Officer (JSO),State DES - Maharashtra,1,3.0,MBA,2023-04-03,Andhra Pradesh
EMP00529,Mitali Prabhu,Additional Director General,State DES - Uttar Pradesh,8,19.1,PhD Statistics,2007-02-16,Haryana
EMP00530,Utkarsh Mandal,Junior Statistical Officer (JSO),Data Informatics & Innovation Division (DIID),1,1.4,B.Sc. Statistics,2025-09-01,Chhattisgarh
EMP00531,Jagvi Samra,Deputy Director,State DES - Maharashtra,5,17.9,M.Sc. Data Science,2009-06-12,Odisha
EMP00532,Jagvi Ahluwalia,Assistant Director,Social Statistics Division (SSD),4,14.4,PhD Statistics,2012-12-15,Telangana
EMP00533,Eta Goswami,Assistant Director,Social Statistics Division (SSD),4,6.0,M.Tech Computer Science,2020-09-12,Chhattisgarh
EMP00534,Mohammed Goswami,Junior Statistical Officer (JSO),State DES - Uttar Pradesh,1,4.6,M.Sc. Mathematics,2022-02-09,Madhya Pradesh
EMP00535,Bahadurjit Mody,Assistant Director,Data Informatics & Innovation Division (DIID),4,7.2,M.Sc. Data Science,2019-04-23,Odisha
EMP00536,Hitesh Goswami,Director,State DES - Tamil Nadu,7,15.6,M.Sc. Statistics,2011-08-22,Odisha
EMP00537,Vinaya Chaudhary,Senior Statistical Officer (SSO),Central Statistics Office (CSO),3,13.6,B.Sc. Statistics,2013-07-27,Chhattisgarh
EMP00538,Vinaya Dasgupta,Director General,National Accounts Division (NAD),9,31.4,M.Sc. Mathematics,1995-02-13,Bihar
EMP00539,Varsha Dubey,Joint Director,Data Informatics & Innovation Division (DIID),6,18.0,MBA,2008-12-25,Himachal Pradesh
EMP00540,Zaitra Krishnan,Director,Economic Census Division (ECD),7,26.6,PhD Statistics,2000-03-14,Bihar
EMP00541,Amaira Khare,Director General,State DES - Bihar,9,25.6,M.A. Economics,2001-11-07,Chhattisgarh
EMP00542,Kabir Rai,Deputy Director,State DES - Tamil Nadu,5,15.9,M.Sc. Mathematics,2011-09-18,Uttar Pradesh
EMP00543,Mohammed Tella,Joint Director,Social Statistics Division (SSD),6,20.5,PhD Statistics,2006-10-22,Uttarakhand
EMP00544,Leela Shukla,Director General,Data Informatics & Innovation Division (DIID),9,25.4,B.Sc. Statistics,2001-02-01,Jharkhand
EMP00545,Daniel Balasubramanian,Junior Statistical Officer (JSO),Price Statistics Division (PSD),1,3.7,M.Tech Computer Science,2023-05-22,Uttar Pradesh
EMP00546,Gaurika Balasubramanian,Junior Statistical Officer (JSO),Economic Census Division (ECD),1,3.8,M.Sc. Data Science,2023-01-12,Chhattisgarh
EMP00547,Jagvi Prabhu,Statistical Officer (SO),State DES - Tamil Nadu,2,6.3,M.Sc. Data Science,2020-07-08,Chhattisgarh
EMP00548,Manan Gill,Deputy Director,Central Statistics Office (CSO),5,15.9,MBA,2011-07-26,Andhra Pradesh
EMP00549,Vedhika Bhatti,Director General,State DES - Bihar,9,22.6,M.Tech Computer Science,2004-10-28,Rajasthan
EMP00550,Timothy Tiwari,Additional Director General,State DES - Tamil Nadu,8,28.0,M.A. Economics,1998-09-24,Uttarakhand
EMP00551,Amaira Mody,Assistant Director,National Accounts Division (NAD),4,8.9,M.Sc. Statistics,2018-03-24,Uttar Pradesh
EMP00552,Manan Joshi,Director,Economic Census Division (ECD),7,15.5,M.Tech Computer Science,2011-03-19,Bihar
EMP00553,Tejas Borra,Junior Statistical Officer (JSO),State DES - Bihar,1,2.3,M.Sc. Mathematics,2024-03-11,Maharashtra
EMP00554,Amaira Ahluwalia,Deputy Director,State DES - Karnataka,5,13.9,M.A. Economics,2013-12-11,Karnataka
EMP00555,Gunbir Chacko,Senior Statistical Officer (SSO),State DES - Maharashtra,3,9.2,M.Sc. Mathematics,2017-09-18,Madhya Pradesh
EMP00556,Krishna Samra,Joint Director,Price Statistics Division (PSD),6,14.7,M.A. Economics,2012-06-10,Haryana
EMP00557,Viraj Bali,Director General,State DES - Maharashtra,9,27.7,B.Sc. Statistics,1999-11-12,Tamil Nadu
EMP00558,Aahana Singh,Assistant Director,State DES - Tamil Nadu,4,15.6,M.A. Economics,2011-02-13,Andhra Pradesh
EMP00559,Gaurika Rao,Deputy Director,State DES - Maharashtra,5,9.2,M.A. Economics,2017-09-15,Jharkhand
EMP00560,Falak Nazareth,Deputy Director,Price Statistics Division (PSD),5,18.0,M.A. Economics,2008-02-04,Jharkhand
EMP00561,Joshua Mani,Director General,State DES - Tamil Nadu,9,28.4,M.Sc. Statistics,1998-11-21,Rajasthan
EMP00562,Timothy Rai,Director,Price Statistics Division (PSD),7,25.0,MBA,2001-12-22,Karnataka
EMP00563,Harsh Narayanan,Additional Director General,Central Statistics Office (CSO),8,26.6,M.Sc. Statistics,2000-01-06,Karnataka
EMP00564,Yatin Borra,Director General,Price Statistics Division (PSD),9,22.8,M.Tech Computer Science,2004-07-15,Madhya Pradesh
EMP00565,Dev Dara,Director,Data Informatics & Innovation Division (DIID),7,18.8,M.Sc. Statistics,2008-01-21,Chhattisgarh
EMP00566,Lakshit Murthy,Statistical Officer (SO),State DES - Karnataka,2,7.3,B.Sc. Statistics,2019-06-17,Karnataka
EMP00567,Anya Chhabra,Deputy Director,Economic Census Division (ECD),5,15.1,PhD Statistics,2011-07-27,Andhra Pradesh
EMP00568,Varsha Narayanan,Additional Director General,Price Statistics Division (PSD),8,19.9,M.Sc. Mathematics,2007-09-10,Andhra Pradesh
EMP00569,Dev Balasubramanian,Deputy Director,State DES - Bihar,5,15.8,M.A. Economics,2011-09-28,West Bengal
EMP00570,Harini Balasubramanian,Statistical Officer (SO),State DES - Karnataka,2,2.3,MBA,2024-09-03,Chhattisgarh
EMP00571,Anvi Rai,Joint Director,State DES - Tamil Nadu,6,14.5,M.Sc. Mathematics,2012-03-08,Uttar Pradesh
EMP00572,Bahadurjit Seshadri,Deputy Director,National Accounts Division (NAD),5,10.9,B.Sc. Statistics,2016-08-21,Chhattisgarh
EMP00573,Harini Bains,Deputy Director,Economic Census Division (ECD),5,15.7,M.Sc. Statistics,2011-12-19,Rajasthan
EMP00574,Falak Gupta,Joint Director,State DES - Tamil Nadu,6,13.5,M.Sc. Data Science,2013-05-20,Tamil Nadu
EMP00575,Anjali Kapoor,Assistant Director,State DES - Uttar Pradesh,4,9.2,M.A. Economics,2017-11-10,Himachal Pradesh
EMP00576,Mohammed Dhar,Senior Statistical Officer (SSO),Social Statistics Division (SSD),3,9.7,M.A. Economics,2017-03-01,Madhya Pradesh
EMP00577,Eshana Singh,Assistant Director,State DES - Tamil Nadu,4,13.1,MBA,2013-06-05,Kerala
EMP00578,Vedhika Sandhu,Joint Director,State DES - Uttar Pradesh,6,22.5,PhD Statistics,2004-05-16,Telangana
EMP00579,Harini Goswami,Senior Statistical Officer (SSO),National Sample Survey Office (NSSO),3,10.5,M.Tech Computer Science,2016-09-07,Bihar
EMP00580,Gaurika Sandhu,Statistical Officer (SO),Central Statistics Office (CSO),2,7.1,B.Sc. Statistics,2019-10-13,Uttarakhand
EMP00581,Timothy Dhar,Assistant Director,State DES - Maharashtra,4,15.1,M.Tech Computer Science,2011-09-16,Chhattisgarh
EMP00582,Jeet Mani,Senior Statistical Officer (SSO),Price Statistics Division (PSD),3,7.7,M.Tech Computer Science,2019-08-17,Bihar
EMP00583,Manan Samra,Director,Central Statistics Office (CSO),7,19.4,M.Sc. Data Science,2007-11-06,Himachal Pradesh
EMP00584,Bhavini Chaudhary,Senior Statistical Officer (SSO),National Accounts Division (NAD),3,8.5,M.Sc. Mathematics,2018-06-02,Assam
EMP00585,Yashvi Bali,Additional Director General,Economic Census Division (ECD),8,20.8,M.A. Economics,2006-01-22,Gujarat
EMP00586,Viraj Gola,Joint Director,State DES - Uttar Pradesh,6,16.7,B.Sc. Statistics,2010-11-11,Maharashtra
EMP00587,Anya Talwar,Director General,Economic Census Division (ECD),9,29.6,M.Tech Computer Science,1997-09-19,Uttarakhand
EMP00588,Darsh Kaur,Director,State DES - Tamil Nadu,7,19.4,M.Sc. Statistics,2007-05-13,Jharkhand
EMP00589,Aarush Chacko,Director General,Social Statistics Division (SSD),9,26.9,PhD Statistics,2000-10-01,Assam
EMP00590,Manan Basak,Senior Statistical Officer (SSO),Price Statistics Division (PSD),3,8.4,M.Sc. Statistics,2018-11-09,Jharkhand
EMP00591,Viraj Balasubramanian,Senior Statistical Officer (SSO),State DES - Karnataka,3,5.6,M.Sc. Statistics,2021-07-26,Gujarat
EMP00592,Hitesh Sandhu,Statistical Officer (SO),State DES - Uttar Pradesh,2,5.4,PhD Statistics,2021-10-06,Rajasthan
EMP00593,Jeet Seshadri,Director,Central Statistics Office (CSO),7,15.3,M.Sc. Mathematics,2011-10-06,Uttarakhand
EMP00594,Maanas Tella,Director General,State DES - Karnataka,9,22.5,M.Sc. Mathematics,2004-03-09,Maharashtra
EMP00595,Libni Shroff,Director General,State DES - Karnataka,9,33.5,B.Sc. Statistics,1993-02-07,Punjab
EMP00596,Aahana Dubey,Additional Director General,National Accounts Division (NAD),8,28.4,M.Sc. Data Science,1998-10-05,Madhya Pradesh
EMP00597,Yatin Dhar,Senior Statistical Officer (SSO),State DES - Maharashtra,3,10.2,M.Tech Computer Science,2016-12-22,Uttar Pradesh
EMP00598,Hitesh Sem,Statistical Officer (SO),Data Informatics & Innovation Division (DIID),2,3.6,M.Sc. Mathematics,2023-01-07,Tamil Nadu
EMP00599,Gunbir Tiwari,Director General,National Accounts Division (NAD),9,30.2,M.Sc. Statistics,1996-08-20,Uttar Pradesh
EMP00600,Amaira Nazareth,Director General,National Sample Survey Office (NSSO),9,28.0,M.Sc. Statistics,1998-11-05,Assam
EMP00601,Ekaja Dubey,Director General,State DES - Tamil Nadu,9,31.9,MBA,1995-07-12,Jharkhand
EMP00602,Imaran Nazareth,Director General,State DES - Uttar Pradesh,9,27.1,MBA,1999-10-26,Telangana
EMP00603,Utkarsh Bali,Statistical Officer (SO),Economic Census Division (ECD),2,5.0,PhD Statistics,2021-02-10,Gujarat
EMP00604,Amaira Basak,Director General,Price Statistics Division (PSD),9,26.9,B.Sc. Statistics,2000-10-17,West Bengal
EMP00605,Eta Gola,Junior Statistical Officer (JSO),Price Statistics Division (PSD),1,2.5,M.A. Economics,2024-06-04,Madhya Pradesh
EMP00606,Harsh De,Deputy Director,State DES - Maharashtra,5,11.6,MBA,2015-06-20,Uttarakhand
EMP00607,Parth Mukhopadhyay,Director,Data Informatics & Innovation Division (DIID),7,24.1,PhD Statistics,2002-06-18,Uttar Pradesh
EMP00608,Harini Dasgupta,Deputy Director,State DES - Karnataka,5,18.9,M.A. Economics,2008-12-05,Andhra Pradesh
EMP00609,Tejas Tiwari,Statistical Officer (SO),State DES - Uttar Pradesh,2,7.2,M.Sc. Mathematics,2019-04-17,Tamil Nadu
EMP00610,Krishna Gill,Joint Director,State DES - Karnataka,6,21.6,B.Sc. Statistics,2005-07-21,Uttar Pradesh
EMP00611,Krish Lata,Statistical Officer (SO),State DES - Uttar Pradesh,2,7.8,MBA,2019-02-09,Karnataka
EMP00612,Yashvi Kant,Statistical Officer (SO),State DES - Bihar,2,6.3,MBA,2020-10-21,Andhra Pradesh
EMP00613,Gunbir Chhabra,Junior Statistical Officer (JSO),National Accounts Division (NAD),1,4.8,PhD Statistics,2022-01-07,Odisha
EMP00614,Tejas Chaudhuri,Director General,Central Statistics Office (CSO),9,25.4,M.Sc. Data Science,2001-03-22,Himachal Pradesh
EMP00615,Mitali Kant,Assistant Director,National Accounts Division (NAD),4,12.6,M.Sc. Statistics,2014-07-12,Kerala
EMP00616,Varsha Dara,Director,State DES - Maharashtra,7,22.0,B.Sc. Statistics,2004-02-18,Karnataka
EMP00617,Ranveer Sandhu,Director General,Social Statistics Division (SSD),9,33.0,M.A. Economics,1993-04-20,Kerala
EMP00618,Kabir Sem,Director,Economic Census Division (ECD),7,21.9,M.Sc. Mathematics,2005-09-04,Madhya Pradesh
EMP00619,Harini Bains,Director General,National Sample Survey Office (NSSO),9,25.5,M.Tech Computer Science,2001-10-09,Chhattisgarh
EMP00620,Mohammed Prabhu,Director,Price Statistics Division (PSD),7,21.8,M.A. Economics,2005-11-15,Odisha
EMP00621,Ekaja Dhar,Junior Statistical Officer (JSO),Economic Census Division (ECD),1,2.9,M.Sc. Statistics,2024-11-26,Andhra Pradesh
EMP00622,Yashvi Mukhopadhyay,Assistant Director,Data Informatics & Innovation Division (DIID),4,14.0,M.A. Economics,2012-09-01,Jharkhand
EMP00623,Mohammed Seshadri,Deputy Director,National Sample Survey Office (NSSO),5,11.5,MBA,2015-02-18,Haryana
EMP00624,Libni Shroff,Additional Director General,Price Statistics Division (PSD),8,21.8,M.Tech Computer Science,2005-12-22,Uttar Pradesh
EMP00625,Libni Mody,Additional Director General,Price Statistics Division (PSD),8,26.8,M.Sc. Data Science,2000-04-08,Kerala
EMP00626,Kabir Seshadri,Assistant Director,Social Statistics Division (SSD),4,14.4,M.Sc. Mathematics,2012-02-03,Tamil Nadu
EMP00627,Vedhika Chaudhuri,Additional Director General,State DES - Maharashtra,8,25.4,B.Sc. Statistics,2001-06-20,Assam
EMP00628,Eshana Dani,Deputy Director,State DES - Maharashtra,5,13.9,M.Tech Computer Science,2013-04-25,Andhra Pradesh
EMP00629,Aadi Bhatt,Junior Statistical Officer (JSO),Data Informatics & Innovation Division (DIID),1,3.1,PhD Statistics,2023-01-17,Chhattisgarh
EMP00630,Neelima Dara,Senior Statistical Officer (SSO),National Sample Survey Office (NSSO),3,8.6,PhD Statistics,2018-12-01,Haryana
EMP00631,Krish Mukhopadhyay,Assistant Director,National Sample Survey Office (NSSO),4,9.8,M.A. Economics,2017-10-28,Telangana
EMP00632,Gaurika Shroff,Director General,Economic Census Division (ECD),9,25.2,PhD Statistics,2001-06-12,Himachal Pradesh
EMP00633,Darsh Dani,Director,State DES - Bihar,7,17.5,M.A. Economics,2009-07-09,Telangana
EMP00634,Aahana Shroff,Senior Statistical Officer (SSO),State DES - Tamil Nadu,3,13.8,M.Sc. Data Science,2013-12-09,Tamil Nadu
EMP00635,Dayamai Singh,Director General,Data Informatics & Innovation Division (DIID),9,27.2,M.Sc. Data Science,1999-12-05,Bihar
EMP00636,Rudra Lata,Junior Statistical Officer (JSO),State DES - Uttar Pradesh,1,1.7,M.Sc. Mathematics,2025-09-24,Jharkhand
EMP00637,Eshana Gill,Additional Director General,State DES - Maharashtra,8,21.6,B.Sc. Statistics,2005-02-23,Andhra Pradesh
EMP00638,Joshua Ahluwalia,Assistant Director,State DES - Uttar Pradesh,4,14.1,M.Sc. Statistics,2012-12-11,Odisha
EMP00639,Gaurika Kant,Joint Director,Economic Census Division (ECD),6,18.7,M.A. Economics,2008-07-04,West Bengal
EMP00640,Neelima Tiwari,Assistant Director,State DES - Tamil Nadu,4,11.8,M.Sc. Mathematics,2015-06-11,Punjab
EMP00641,Vedhika Chaudhary,Additional Director General,State DES - Uttar Pradesh,8,27.3,M.Sc. Statistics,1999-10-10,Andhra Pradesh
EMP00642,Mitali Tella,Senior Statistical Officer (SSO),State DES - Tamil Nadu,3,12.7,M.A. Economics,2014-11-20,Madhya Pradesh
EMP00643,Aadi Dara,Statistical Officer (SO),Social Statistics Division (SSD),2,2.6,M.Sc. Data Science,2024-06-21,Haryana
EMP00644,Ranveer Talwar,Deputy Director,Data Informatics & Innovation Division (DIID),5,15.1,M.Tech Computer Science,2011-06-24,Odisha
EMP00645,Vinaya Gola,Additional Director General,National Accounts Division (NAD),8,23.0,B.Sc. Statistics,2003-12-08,Bihar
EMP00646,Varsha Borra,Statistical Officer (SO),Data Informatics & Innovation Division (DIID),2,3.5,M.Sc. Statistics,2023-02-16,Tamil Nadu
EMP00647,Harini Ahluwalia,Junior Statistical Officer (JSO),State DES - Maharashtra,1,4.1,M.Sc. Statistics,2022-05-20,Tamil Nadu
EMP00648,Harsh Samra,Director,Price Statistics Division (PSD),7,18.7,M.Tech Computer Science,2008-11-05,Odisha
EMP00649,Maanas Gola,Senior Statistical Officer (SSO),State DES - Tamil Nadu,3,4.3,M.A. Economics,2022-08-15,Haryana
EMP00650,Imaran Rao,Deputy Director,National Accounts Division (NAD),5,14.5,M.Sc. Mathematics,2012-10-15,Uttarakhand
EMP00651,Dev Mital,Director,State DES - Tamil Nadu,7,21.3,M.Tech Computer Science,2005-08-18,Telangana
EMP00652,Yashvi Lata,Statistical Officer (SO),Social Statistics Division (SSD),2,5.1,MBA,2021-03-10,Kerala
EMP00653,Krish Nath,Director General,National Accounts Division (NAD),9,31.8,M.A. Economics,1995-08-18,Punjab
EMP00654,Krish Khare,Additional Director General,State DES - Uttar Pradesh,8,29.4,M.Tech Computer Science,1997-07-26,West Bengal
EMP00655,Ranveer Dubey,Assistant Director,State DES - Maharashtra,4,14.0,M.A. Economics,2012-07-18,Rajasthan
EMP00656,Vyanjana Dara,Assistant Director,State DES - Bihar,4,7.6,MBA,2019-04-09,Andhra Pradesh
EMP00657,Nikita De,Assistant Director,State DES - Karnataka,4,11.2,M.Tech Computer Science,2015-11-24,Punjab
EMP00658,Rushil Lata,Deputy Director,National Sample Survey Office (NSSO),5,13.1,M.Sc. Mathematics,2013-05-04,Bihar
EMP00659,Dev Sem,Additional Director General,State DES - Karnataka,8,21.3,PhD Statistics,2005-06-01,Rajasthan
EMP00660,Harsh Ahluwalia,Director General,National Sample Survey Office (NSSO),9,22.3,M.Tech Computer Science,2004-03-23,Kerala
EMP00661,Aahana Sandhu,Junior Statistical Officer (JSO),National Accounts Division (NAD),1,1.9,B.Sc. Statistics,2025-04-11,Assam
EMP00662,Yash Agrawal,Additional Director General,State DES - Uttar Pradesh,8,30.0,B.Sc. Statistics,1996-02-27,Haryana
EMP00663,Bhavini Balasubramanian,Junior Statistical Officer (JSO),Data Informatics & Innovation Division (DIID),1,2.1,M.Sc. Statistics,2024-08-06,Chhattisgarh
EMP00664,Kabir Kapoor,Deputy Director,Central Statistics Office (CSO),5,17.2,M.Sc. Statistics,2009-07-25,Gujarat
EMP00665,Aahana Singh,Junior Statistical Officer (JSO),State DES - Bihar,1,1.8,M.Sc. Statistics,2025-11-07,Jharkhand
EMP00666,Rudra Kaur,Deputy Director,National Accounts Division (NAD),5,18.4,B.Sc. Statistics,2008-09-04,Chhattisgarh
EMP00667,Gaurika Dasgupta,Deputy Director,Central Statistics Office (CSO),5,11.0,M.Sc. Data Science,2015-04-21,Tamil Nadu
EMP00668,Vyanjana Bhatti,Junior Statistical Officer (JSO),Economic Census Division (ECD),1,1.7,M.Sc. Statistics,2025-04-01,Andhra Pradesh
EMP00669,Mitali Dhar,Additional Director General,National Accounts Division (NAD),8,26.3,M.A. Economics,2000-04-06,Karnataka
EMP00670,Falak Samra,Joint Director,State DES - Tamil Nadu,6,23.2,B.Sc. Statistics,2003-06-21,Maharashtra
EMP00671,Harsh Khare,Director General,National Accounts Division (NAD),9,31.5,PhD Statistics,1995-06-18,Gujarat
EMP00672,Yatin Mandal,Joint Director,State DES - Uttar Pradesh,6,21.7,M.Sc. Data Science,2005-12-13,West Bengal
EMP00673,Neelima Sandhu,Senior Statistical Officer (SSO),Central Statistics Office (CSO),3,6.5,PhD Statistics,2020-09-10,Odisha
EMP00674,Rushil Khare,Additional Director General,National Accounts Division (NAD),8,20.3,M.A. Economics,2006-12-15,Haryana
EMP00675,Parth Tiwari,Director General,State DES - Maharashtra,9,23.9,M.Sc. Mathematics,2003-05-27,Odisha
EMP00676,Gaurika Rao,Joint Director,State DES - Tamil Nadu,6,17.4,MBA,2009-01-20,Uttar Pradesh
EMP00677,Tejas Kant,Assistant Director,National Sample Survey Office (NSSO),4,9.2,MBA,2017-09-22,Rajasthan
EMP00678,Falak Mani,Director General,Economic Census Division (ECD),9,23.8,M.A. Economics,2003-11-11,Madhya Pradesh
EMP00679,Eta Goswami,Director General,Central Statistics Office (CSO),9,29.9,M.Sc. Mathematics,1997-01-07,Uttar Pradesh
EMP00680,Anya Dani,Assistant Director,State DES - Karnataka,4,7.0,MBA,2019-09-20,Assam
EMP00681,Mohammed Dhar,Deputy Director,Price Statistics Division (PSD),5,9.5,M.Sc. Statistics,2017-04-21,West Bengal
EMP00682,Falak Basak,Statistical Officer (SO),State DES - Tamil Nadu,2,5.3,B.Sc. Statistics,2021-09-24,Telangana
EMP00683,Bimala Shukla,Joint Director,Central Statistics Office (CSO),6,21.5,M.Tech Computer Science,2005-01-24,Jharkhand
EMP00684,Anjali Seshadri,Deputy Director,Price Statistics Division (PSD),5,9.8,M.Sc. Statistics,2017-12-08,Tamil Nadu
EMP00685,Rushil Kaur,Assistant Director,State DES - Tamil Nadu,4,7.9,M.Sc. Data Science,2019-11-06,Uttarakhand
EMP00686,Harini Mital,Director General,National Sample Survey Office (NSSO),9,27.0,M.A. Economics,1999-12-22,Odisha
EMP00687,Vyanjana Basak,Statistical Officer (SO),National Accounts Division (NAD),2,3.2,MBA,2023-06-22,Jharkhand
EMP00688,Joshua Rao,Additional Director General,Social Statistics Division (SSD),8,29.2,M.A. Economics,1997-07-25,Telangana
EMP00689,Dev De,Joint Director,State DES - Karnataka,6,19.3,M.Sc. Data Science,2007-09-24,Andhra Pradesh
EMP00690,Gaurika Kant,Additional Director General,Data Informatics & Innovation Division (DIID),8,23.4,B.Sc. Statistics,2003-05-20,Maharashtra
EMP00691,Amaira Gola,Senior Statistical Officer (SSO),Economic Census Division (ECD),3,13.9,B.Sc. Statistics,2013-04-07,Punjab
EMP00692,Tejas Bhatti,Junior Statistical Officer (JSO),State DES - Bihar,1,4.1,M.Tech Computer Science,2022-09-18,Chhattisgarh
EMP00693,Aadi Bhasin,Senior Statistical Officer (SSO),State DES - Uttar Pradesh,3,4.9,M.A. Economics,2022-03-09,Bihar
EMP00694,Siya Basak,Assistant Director,Economic Census Division (ECD),4,8.3,M.Sc. Statistics,2018-07-19,Uttarakhand
EMP00695,Aarush Rai,Statistical Officer (SO),State DES - Uttar Pradesh,2,7.1,M.Sc. Mathematics,2019-12-23,Assam
EMP00696,Aadi Seth,Statistical Officer (SO),Economic Census Division (ECD),2,6.2,B.Sc. Statistics,2020-07-03,Uttarakhand
EMP00697,Timothy Ahluwalia,Joint Director,Data Informatics & Innovation Division (DIID),6,16.2,MBA,2010-04-24,Tamil Nadu
EMP00698,Jeet Tripathi,Junior Statistical Officer (JSO),State DES - Tamil Nadu,1,3.5,MBA,2023-05-17,Maharashtra
EMP00699,Mitali Bhatti,Director General,Social Statistics Division (SSD),9,28.8,M.Sc. Data Science,1998-01-22,Bihar
EMP00700,Lakshit Dara,Additional Director General,State DES - Karnataka,8,27.0,M.Sc. Statistics,1999-07-10,Gujarat
EMP00701,Yatin Dara,Senior Statistical Officer (SSO),National Sample Survey Office (NSSO),3,5.3,PhD Statistics,2021-12-02,Uttarakhand
EMP00702,Harini Dara,Deputy Director,State DES - Maharashtra,5,9.9,MBA,2017-03-16,Bihar
EMP00703,Harini Mody,Additional Director General,State DES - Karnataka,8,22.7,M.Sc. Data Science,2004-10-24,Chhattisgarh
EMP00704,Gunbir Singh,Assistant Director,Data Informatics & Innovation Division (DIID),4,6.7,M.A. Economics,2020-02-04,Uttarakhand
EMP00705,Varsha Shukla,Director,Price Statistics Division (PSD),7,19.4,M.A. Economics,2007-10-21,Telangana
EMP00706,Amaira Mani,Deputy Director,Social Statistics Division (SSD),5,10.7,PhD Statistics,2016-03-15,Himachal Pradesh
EMP00707,Mitali Seth,Assistant Director,Social Statistics Division (SSD),4,8.0,M.Sc. Mathematics,2018-02-24,Karnataka
EMP00708,Charan Singh,Senior Statistical Officer (SSO),Economic Census Division (ECD),3,12.7,B.Sc. Statistics,2014-12-26,Haryana
EMP00709,Eta Agrawal,Additional Director General,Social Statistics Division (SSD),8,23.7,M.Sc. Data Science,2003-04-07,Chhattisgarh
EMP00710,Rushil Gola,Deputy Director,State DES - Karnataka,5,14.5,M.Sc. Mathematics,2012-07-19,West Bengal
EMP00711,Ekaja Chaudhuri,Director General,National Accounts Division (NAD),9,22.5,B.Sc. Statistics,2004-04-26,Punjab
EMP00712,Mohammed Murthy,Deputy Director,State DES - Tamil Nadu,5,9.5,B.Sc. Statistics,2017-07-22,Karnataka
EMP00713,Parth Chaudhuri,Joint Director,Central Statistics Office (CSO),6,22.4,M.Tech Computer Science,2004-04-13,Andhra Pradesh
EMP00714,Manan Talwar,Statistical Officer (SO),State DES - Uttar Pradesh,2,8.3,M.Sc. Statistics,2018-04-17,Uttar Pradesh
EMP00715,Mitali Taneja,Junior Statistical Officer (JSO),State DES - Maharashtra,1,1.2,M.Tech Computer Science,2025-08-13,Haryana
EMP00716,Utkarsh Luthra,Junior Statistical Officer (JSO),Social Statistics Division (SSD),1,2.4,M.A. Economics,2024-04-17,Punjab
EMP00717,Parth Lata,Junior Statistical Officer (JSO),Data Informatics & Innovation Division (DIID),1,3.5,B.Sc. Statistics,2023-05-08,Chhattisgarh
EMP00718,Harsh Gupta,Director,National Sample Survey Office (NSSO),7,22.9,MBA,2004-11-20,Jharkhand
EMP00719,Imaran Tella,Assistant Director,State DES - Karnataka,4,10.2,M.Sc. Mathematics,2016-05-20,Madhya Pradesh
EMP00720,Hitesh Prabhu,Director General,State DES - Tamil Nadu,9,23.6,M.Sc. Mathematics,2003-09-22,Uttarakhand
EMP00721,Dayamai Mody,Senior Statistical Officer (SSO),State DES - Bihar,3,7.1,M.Sc. Mathematics,2019-03-21,Madhya Pradesh
EMP00722,Libni Bhasin,Senior Statistical Officer (SSO),State DES - Maharashtra,3,7.2,M.Sc. Statistics,2019-06-27,Uttar Pradesh
EMP00723,Bimala Balasubramanian,Junior Statistical Officer (JSO),Data Informatics & Innovation Division (DIID),1,4.1,MBA,2022-08-24,Punjab
EMP00724,Libni Seth,Deputy Director,Price Statistics Division (PSD),5,10.5,M.Sc. Statistics,2016-03-01,Bihar
EMP00725,Bhavini Murthy,Deputy Director,State DES - Karnataka,5,15.1,M.Sc. Data Science,2011-04-08,Himachal Pradesh
EMP00726,Vedhika Narayanan,Joint Director,State DES - Uttar Pradesh,6,13.0,M.Sc. Mathematics,2013-10-16,Jharkhand
EMP00727,Leela Mandal,Joint Director,Data Informatics & Innovation Division (DIID),6,14.2,PhD Statistics,2012-03-06,Assam
EMP00728,Kabir Chacko,Junior Statistical Officer (JSO),Central Statistics Office (CSO),1,2.6,M.Tech Computer Science,2024-04-24,Madhya Pradesh
EMP00729,Varsha Mody,Assistant Director,State DES - Uttar Pradesh,4,6.7,PhD Statistics,2020-08-08,Haryana
EMP00730,Vyanjana Dara,Junior Statistical Officer (JSO),Data Informatics & Innovation Division (DIID),1,3.4,M.A. Economics,2023-10-24,Andhra Pradesh
EMP00731,Aadi Dubey,Director General,State DES - Bihar,9,28.3,B.Sc. Statistics,1998-02-15,Jharkhand
EMP00732,Mitali Seth,Junior Statistical Officer (JSO),Price Statistics Division (PSD),1,4.5,MBA,2022-09-13,Maharashtra
EMP00733,Gunbir Bali,Junior Statistical Officer (JSO),State DES - Uttar Pradesh,1,1.8,MBA,2025-05-15,Punjab
EMP00734,Joshua De,Deputy Director,Central Statistics Office (CSO),5,15.1,M.Sc. Mathematics,2011-11-15,Odisha
EMP00735,Nikita Sandhu,Director General,State DES - Karnataka,9,23.4,M.Sc. Mathematics,2003-07-11,Andhra Pradesh
EMP00736,Aahana Narayanan,Senior Statistical Officer (SSO),State DES - Bihar,3,8.5,M.Sc. Data Science,2018-02-09,Odisha
EMP00737,Eshana Khare,Senior Statistical Officer (SSO),National Sample Survey Office (NSSO),3,11.2,M.Sc. Statistics,2015-12-15,Tamil Nadu
EMP00738,Dev Kant,Statistical Officer (SO),Data Informatics & Innovation Division (DIID),2,5.7,M.Sc. Mathematics,2021-09-13,Andhra Pradesh
EMP00739,Mitali Mani,Senior Statistical Officer (SSO),State DES - Karnataka,3,13.1,M.Sc. Mathematics,2013-03-06,Uttar Pradesh
EMP00740,Timothy Talwar,Junior Statistical Officer (JSO),Economic Census Division (ECD),1,2.7,PhD Statistics,2024-11-06,Punjab
EMP00741,Eta Kapoor,Senior Statistical Officer (SSO),Central Statistics Office (CSO),3,13.6,M.Tech Computer Science,2013-08-16,West Bengal
EMP00742,Tejas Dani,Director General,State DES - Karnataka,9,31.7,PhD Statistics,1995-04-19,Gujarat
EMP00743,Varsha Dasgupta,Additional Director General,National Sample Survey Office (NSSO),8,22.9,B.Sc. Statistics,2004-09-09,Gujarat
EMP00744,Bahadurjit Tella,Director General,Price Statistics Division (PSD),9,31.8,B.Sc. Statistics,1995-03-02,Uttar Pradesh
EMP00745,Jeet Sidhu,Junior Statistical Officer (JSO),Central Statistics Office (CSO),1,1.6,M.Tech Computer Science,2025-02-02,Haryana
EMP00746,Anya Shukla,Senior Statistical Officer (SSO),Economic Census Division (ECD),3,5.6,M.Sc. Mathematics,2021-12-19,Odisha
EMP00747,Siya Nazareth,Statistical Officer (SO),Social Statistics Division (SSD),2,7.4,M.A. Economics,2019-02-25,Andhra Pradesh
EMP00748,Vyanjana Seshadri,Director General,State DES - Uttar Pradesh,9,22.8,M.Sc. Mathematics,2004-12-28,Tamil Nadu
EMP00749,Parth Gupta,Director General,Price Statistics Division (PSD),9,27.0,M.Sc. Data Science,1999-01-04,Himachal Pradesh
EMP00750,Aadi Sandhu,Director General,State DES - Uttar Pradesh,9,33.8,M.Tech Computer Science,1993-10-28,Madhya Pradesh
EMP00751,Eshana Borra,Director General,State DES - Karnataka,9,28.9,M.A. Economics,1998-10-19,Bihar
EMP00752,Falak Gola,Additional Director General,National Accounts Division (NAD),8,23.9,M.Sc. Data Science,2003-04-01,Punjab
EMP00753,Eta Narayanan,Additional Director General,National Sample Survey Office (NSSO),8,25.5,M.Sc. Data Science,2001-07-14,Himachal Pradesh
EMP00754,Mitali Gupta,Joint Director,State DES - Tamil Nadu,6,18.7,M.Sc. Data Science,2008-11-07,West Bengal
EMP00755,Mohammed Chhabra,Deputy Director,Economic Census Division (ECD),5,16.9,M.Tech Computer Science,2010-09-11,Jharkhand
EMP00756,Timothy Nath,Statistical Officer (SO),Social Statistics Division (SSD),2,6.8,MBA,2020-10-01,Uttarakhand
EMP00757,Hiral Shroff,Assistant Director,Social Statistics Division (SSD),4,9.3,PhD Statistics,2017-01-21,Assam
EMP00758,Maanas Dasgupta,Senior Statistical Officer (SSO),State DES - Maharashtra,3,10.3,M.A. Economics,2016-07-24,Odisha
EMP00759,Charan Seshadri,Director General,State DES - Bihar,9,25.6,M.A. Economics,2001-09-01,Chhattisgarh
EMP00760,Viraj Bhasin,Joint Director,Social Statistics Division (SSD),6,21.6,M.Sc. Statistics,2005-05-27,Bihar
EMP00761,Amaira Gupta,Director,National Accounts Division (NAD),7,22.5,MBA,2004-10-04,Uttar Pradesh
EMP00762,Imaran Gill,Deputy Director,Social Statistics Division (SSD),5,16.1,B.Sc. Statistics,2010-07-03,Kerala
EMP00763,Falak Basak,Assistant Director,Economic Census Division (ECD),4,9.7,M.Sc. Data Science,2017-05-06,Jharkhand
EMP00764,Eta Kant,Junior Statistical Officer (JSO),National Sample Survey Office (NSSO),1,4.1,PhD Statistics,2022-01-26,Jharkhand
EMP00765,Rudra Kapoor,Director General,Social Statistics Division (SSD),9,23.8,PhD Statistics,2003-05-25,Jharkhand
EMP00766,Eshana Balasubramanian,Statistical Officer (SO),State DES - Maharashtra,2,7.8,M.Sc. Mathematics,2019-12-02,Rajasthan
EMP00767,Mitali Kaur,Director General,Economic Census Division (ECD),9,23.4,B.Sc. Statistics,2003-02-11,Himachal Pradesh
EMP00768,Mitali Basak,Junior Statistical Officer (JSO),State DES - Tamil Nadu,1,1.4,M.Tech Computer Science,2025-10-25,West Bengal
EMP00769,Anvi Tella,Assistant Director,Price Statistics Division (PSD),4,9.2,M.Tech Computer Science,2017-09-11,Kerala
EMP00770,Timothy Prabhu,Statistical Officer (SO),National Accounts Division (NAD),2,3.9,M.Tech Computer Science,2023-01-20,Tamil Nadu
EMP00771,Harini Chaudhary,Statistical Officer (SO),Social Statistics Division (SSD),2,3.4,M.A. Economics,2023-03-23,Kerala
EMP00772,Dayamai Chhabra,Assistant Director,Economic Census Division (ECD),4,7.7,M.A. Economics,2019-08-02,Chhattisgarh
EMP00773,Maanas Narayanan,Additional Director General,Central Statistics Office (CSO),8,28.8,M.Sc. Statistics,1998-01-03,Andhra Pradesh
EMP00774,Vyanjana Dara,Senior Statistical Officer (SSO),State DES - Karnataka,3,11.0,PhD Statistics,2015-06-10,Himachal Pradesh
EMP00775,Hitesh Seth,Assistant Director,State DES - Tamil Nadu,4,13.1,M.Sc. Statistics,2013-10-05,Odisha
EMP00776,Nikita Seth,Additional Director General,Economic Census Division (ECD),8,19.2,PhD Statistics,2007-04-08,Assam
EMP00777,Harsh Tiwari,Deputy Director,Data Informatics & Innovation Division (DIID),5,18.1,M.Sc. Mathematics,2008-06-15,Haryana
EMP00778,Falak Narayanan,Statistical Officer (SO),Social Statistics Division (SSD),2,5.3,PhD Statistics,2021-03-10,Odisha
EMP00779,Timothy Sidhu,Senior Statistical Officer (SSO),Data Informatics & Innovation Division (DIID),3,9.1,M.Sc. Statistics,2017-09-21,Haryana
EMP00780,Anjali Gill,Deputy Director,Data Informatics & Innovation Division (DIID),5,14.3,MBA,2012-10-08,Gujarat
EMP00781,Harini Luthra,Additional Director General,Social Statistics Division (SSD),8,22.6,M.Sc. Data Science,2004-07-26,Uttarakhand
EMP00782,Vyanjana Bhasin,Joint Director,Price Statistics Division (PSD),6,18.5,M.Sc. Mathematics,2008-12-23,Karnataka
EMP00783,Aadi Seshadri,Additional Director General,State DES - Karnataka,8,19.4,PhD Statistics,2007-09-04,Haryana
EMP00784,Jagvi Prabhu,Senior Statistical Officer (SSO),Data Informatics & Innovation Division (DIID),3,7.1,M.Sc. Statistics,2019-02-22,Himachal Pradesh
EMP00785,Jagvi Dubey,Director,State DES - Tamil Nadu,7,18.9,B.Sc. Statistics,2008-04-27,Karnataka
EMP00786,Maanas Basak,Junior Statistical Officer (JSO),State DES - Tamil Nadu,1,4.0,M.Sc. Mathematics,2022-09-10,Odisha
EMP00787,Daniel Murthy,Additional Director General,State DES - Tamil Nadu,8,20.3,M.A. Economics,2006-10-26,Punjab
EMP00788,Aarush Mukhopadhyay,Deputy Director,Data Informatics & Innovation Division (DIID),5,18.2,M.A. Economics,2008-10-01,Karnataka
EMP00789,Bahadurjit Chaudhary,Director,Economic Census Division (ECD),7,25.2,B.Sc. Statistics,2001-09-02,Telangana
EMP00790,Krish Talwar,Director General,Social Statistics Division (SSD),9,31.8,M.Sc. Statistics,1995-01-08,Punjab
EMP00791,Vyanjana Khare,Director,State DES - Bihar,7,22.5,MBA,2004-07-14,Andhra Pradesh
EMP00792,Rushil Rai,Senior Statistical Officer (SSO),Price Statistics Division (PSD),3,8.7,MBA,2018-07-05,Telangana
EMP00793,Ranveer Tiwari,Senior Statistical Officer (SSO),National Sample Survey Office (NSSO),3,5.3,B.Sc. Statistics,2021-12-16,Bihar
EMP00794,Varsha De,Senior Statistical Officer (SSO),State DES - Tamil Nadu,3,4.8,MBA,2022-12-20,Odisha
EMP00795,Libni De,Senior Statistical Officer (SSO),Data Informatics & Innovation Division (DIID),3,8.5,PhD Statistics,2018-06-08,Andhra Pradesh
EMP00796,Darsh De,Junior Statistical Officer (JSO),State DES - Bihar,1,3.3,M.Sc. Data Science,2023-05-14,Jharkhand
EMP00797,Libni Rao,Joint Director,Central Statistics Office (CSO),6,12.4,PhD Statistics,2014-02-19,Telangana
EMP00798,Rudra Khare,Statistical Officer (SO),State DES - Bihar,2,3.0,M.Tech Computer Science,2023-09-03,Odisha
EMP00799,Gunbir Basak,Statistical Officer (SO),State DES - Tamil Nadu,2,3.7,M.Sc. Statistics,2023-10-10,Chhattisgarh
EMP00800,Bahadurjit Ahluwalia,Joint Director,Central Statistics Office (CSO),6,18.4,PhD Statistics,2008-09-16,Odisha
EMP00801,Aadi Sandhu,Joint Director,Economic Census Division (ECD),6,17.1,M.Tech Computer Science,2009-01-23,Uttar Pradesh
EMP00802,Libni Dubey,Deputy Director,State DES - Karnataka,5,16.3,M.Tech Computer Science,2010-11-16,Maharashtra
EMP00803,Vinaya Luthra,Junior Statistical Officer (JSO),Economic Census Division (ECD),1,3.6,B.Sc. Statistics,2023-08-03,Punjab
EMP00804,Maanas Chaudhary,Statistical Officer (SO),Economic Census Division (ECD),2,8.0,M.Tech Computer Science,2018-10-09,Bihar
EMP00805,Parth Tripathi,Deputy Director,National Sample Survey Office (NSSO),5,9.1,M.Sc. Mathematics,2017-12-05,Uttarakhand
EMP00806,Varsha Prabhu,Joint Director,Economic Census Division (ECD),6,21.7,M.Sc. Data Science,2005-03-26,Assam
EMP00807,Gunbir Tiwari,Junior Statistical Officer (JSO),National Sample Survey Office (NSSO),1,2.4,M.Sc. Mathematics,2024-03-27,Himachal Pradesh
EMP00808,Falak Bali,Director,Price Statistics Division (PSD),7,24.2,PhD Statistics,2002-04-19,Uttar Pradesh
EMP00809,Lakshit Seshadri,Joint Director,Economic Census Division (ECD),6,12.7,M.Sc. Statistics,2014-03-15,Maharashtra
EMP00810,Krishna Dasgupta,Deputy Director,State DES - Maharashtra,5,13.8,M.Sc. Data Science,2013-11-23,Andhra Pradesh
EMP00811,Daniel Dasgupta,Deputy Director,Data Informatics & Innovation Division (DIID),5,10.5,B.Sc. Statistics,2016-08-13,Punjab
EMP00812,Vedhika Bhatti,Director General,Central Statistics Office (CSO),9,30.2,M.Sc. Statistics,1996-11-12,Chhattisgarh
EMP00813,Tejas De,Deputy Director,Economic Census Division (ECD),5,12.3,M.Sc. Statistics,2014-11-19,Kerala
EMP00814,Krishna Sem,Assistant Director,State DES - Karnataka,4,13.3,M.Sc. Data Science,2013-06-22,Jharkhand
EMP00815,Mohammed Shroff,Joint Director,State DES - Tamil Nadu,6,18.6,B.Sc. Statistics,2008-01-14,Karnataka
EMP00816,Anya Gola,Statistical Officer (SO),Social Statistics Division (SSD),2,6.8,M.Sc. Data Science,2020-05-07,Punjab
EMP00817,Mitali Narayanan,Statistical Officer (SO),State DES - Karnataka,2,2.4,M.Sc. Data Science,2024-11-04,Himachal Pradesh
EMP00818,Leela Joshi,Statistical Officer (SO),National Accounts Division (NAD),2,8.0,MBA,2018-03-04,Uttarakhand
EMP00819,Mohammed Shroff,Deputy Director,State DES - Tamil Nadu,5,11.9,M.Sc. Statistics,2015-05-25,Odisha
EMP00820,Vyanjana Khare,Joint Director,National Sample Survey Office (NSSO),6,15.1,M.Tech Computer Science,2011-07-13,Maharashtra
EMP00821,Hitesh Ahluwalia,Deputy Director,Economic Census Division (ECD),5,18.6,M.Sc. Mathematics,2008-02-16,Odisha
EMP00822,Libni Mody,Director,State DES - Uttar Pradesh,7,17.1,M.Sc. Statistics,2009-09-25,Bihar
EMP00823,Vyanjana Rai,Statistical Officer (SO),State DES - Bihar,2,8.4,M.Tech Computer Science,2018-01-03,Tamil Nadu
EMP00824,Anjali Bhasin,Deputy Director,Central Statistics Office (CSO),5,16.8,PhD Statistics,2010-11-21,Bihar
EMP00825,Krish Nazareth,Director,State DES - Bihar,7,18.2,M.A. Economics,2008-10-01,Andhra Pradesh
EMP00826,Manan Talwar,Additional Director General,Data Informatics & Innovation Division (DIID),8,23.7,M.Sc. Statistics,2003-04-01,Chhattisgarh
EMP00827,Daniel Khare,Additional Director General,State DES - Maharashtra,8,19.5,M.A. Economics,2007-11-10,Haryana
EMP00828,Krishna Ahluwalia,Statistical Officer (SO),Social Statistics Division (SSD),2,4.6,M.Sc. Statistics,2022-05-21,Odisha
EMP00829,Kabir Shroff,Director General,Data Informatics & Innovation Division (DIID),9,22.5,M.Sc. Data Science,2004-12-13,Punjab
EMP00830,Ekaja Goswami,Joint Director,State DES - Tamil Nadu,6,17.8,PhD Statistics,2009-03-02,Rajasthan
EMP00831,Kabir Narayanan,Assistant Director,National Sample Survey Office (NSSO),4,10.9,M.Tech Computer Science,2016-09-27,Assam
EMP00832,Dayamai Prabhu,Junior Statistical Officer (JSO),Central Statistics Office (CSO),1,1.1,M.A. Economics,2025-07-04,Maharashtra
EMP00833,Viraj Lata,Director General,State DES - Tamil Nadu,9,27.5,M.Sc. Mathematics,1999-04-03,Uttarakhand
EMP00834,Mitali Mital,Senior Statistical Officer (SSO),Central Statistics Office (CSO),3,8.9,PhD Statistics,2018-01-08,Himachal Pradesh
EMP00835,Mohammed Mandal,Senior Statistical Officer (SSO),State DES - Tamil Nadu,3,4.1,B.Sc. Statistics,2022-02-15,Punjab
EMP00836,Bahadurjit Luthra,Statistical Officer (SO),National Sample Survey Office (NSSO),2,7.7,M.Sc. Statistics,2019-10-26,Assam
EMP00837,Bahadurjit Chacko,Statistical Officer (SO),Data Informatics & Innovation Division (DIID),2,7.6,M.A. Economics,2019-06-04,Andhra Pradesh
EMP00838,Vedhika Bhasin,Director General,Price Statistics Division (PSD),9,23.6,B.Sc. Statistics,2003-03-11,Uttarakhand
EMP00839,Anjali Joshi,Deputy Director,Data Informatics & Innovation Division (DIID),5,10.4,M.Sc. Mathematics,2016-09-06,Telangana
EMP00840,Aahana Singh,Junior Statistical Officer (JSO),State DES - Tamil Nadu,1,1.5,MBA,2025-01-16,Uttar Pradesh
EMP00841,Nikita Nath,Junior Statistical Officer (JSO),National Sample Survey Office (NSSO),1,1.7,M.Tech Computer Science,2025-12-26,Madhya Pradesh
EMP00842,Yatin Mani,Additional Director General,Price Statistics Division (PSD),8,26.3,M.Sc. Mathematics,2000-09-15,Kerala
EMP00843,Yash Singh,Senior Statistical Officer (SSO),Central Statistics Office (CSO),3,10.1,M.Sc. Mathematics,2016-10-03,Assam
EMP00844,Dev Seth,Deputy Director,Central Statistics Office (CSO),5,12.5,M.Sc. Data Science,2014-02-17,Rajasthan
EMP00845,Anya Murthy,Joint Director,State DES - Maharashtra,6,22.4,M.Sc. Data Science,2004-11-22,Odisha
EMP00846,Viraj Krishnan,Junior Statistical Officer (JSO),National Accounts Division (NAD),1,1.8,PhD Statistics,2025-03-06,Assam
EMP00847,Varsha Nazareth,Junior Statistical Officer (JSO),Economic Census Division (ECD),1,3.6,M.Sc. Data Science,2023-05-11,Madhya Pradesh
EMP00848,Bahadurjit Lata,Additional Director General,State DES - Bihar,8,18.5,B.Sc. Statistics,2008-03-06,Chhattisgarh
EMP00849,Yatin Narayanan,Additional Director General,National Sample Survey Office (NSSO),8,24.2,M.Sc. Data Science,2002-10-19,Odisha
EMP00850,Eshana Shukla,Assistant Director,Social Statistics Division (SSD),4,13.5,M.Sc. Data Science,2013-06-08,Tamil Nadu
EMP00851,Anya Singh,Director,Data Informatics & Innovation Division (DIID),7,25.4,M.Sc. Data Science,2001-08-19,Karnataka
EMP00852,Falak Ahluwalia,Director,State DES - Karnataka,7,16.7,PhD Statistics,2010-07-12,Uttar Pradesh
EMP00853,Maanas Sem,Assistant Director,Economic Census Division (ECD),4,12.3,M.Sc. Data Science,2014-03-02,Haryana
EMP00854,Mohammed Bhasin,Junior Statistical Officer (JSO),National Sample Survey Office (NSSO),1,2.1,PhD Statistics,2024-07-06,Odisha
EMP00855,Bhavini Gupta,Assistant Director,State DES - Karnataka,4,14.9,M.Sc. Mathematics,2012-03-19,Himachal Pradesh
EMP00856,Harini Tripathi,Assistant Director,State DES - Maharashtra,4,6.9,PhD Statistics,2020-10-16,Rajasthan
EMP00857,Hiral Sem,Deputy Director,Data Informatics & Innovation Division (DIID),5,9.1,M.Sc. Data Science,2017-06-14,Gujarat
EMP00858,Vinaya Chacko,Senior Statistical Officer (SSO),Central Statistics Office (CSO),3,13.1,MBA,2013-01-16,Maharashtra
EMP00859,Lakshit Mani,Director General,State DES - Maharashtra,9,22.4,MBA,2004-12-27,Assam
EMP00860,Anya Prabhu,Additional Director General,State DES - Maharashtra,8,20.9,B.Sc. Statistics,2006-04-05,Madhya Pradesh
EMP00861,Neelima Chhabra,Assistant Director,National Sample Survey Office (NSSO),4,12.5,B.Sc. Statistics,2014-11-10,Assam
EMP00862,Joshua Talwar,Additional Director General,State DES - Bihar,8,28.3,B.Sc. Statistics,1998-08-25,Odisha
EMP00863,Maanas Tiwari,Director,Social Statistics Division (SSD),7,17.2,PhD Statistics,2009-11-03,West Bengal
EMP00864,Daniel Kapoor,Joint Director,Economic Census Division (ECD),6,18.4,MBA,2008-12-20,Kerala
EMP00865,Rushil Bhasin,Assistant Director,National Sample Survey Office (NSSO),4,13.9,M.A. Economics,2013-09-22,Maharashtra
EMP00866,Siya Basak,Junior Statistical Officer (JSO),Social Statistics Division (SSD),1,1.4,PhD Statistics,2025-01-12,Himachal Pradesh
EMP00867,Siya Shroff,Director General,State DES - Maharashtra,9,30.5,M.Sc. Data Science,1996-06-08,Bihar
EMP00868,Rushil Joshi,Additional Director General,State DES - Karnataka,8,26.8,M.Sc. Data Science,2000-06-12,Gujarat
EMP00869,Ekaja Krishnan,Director General,Economic Census Division (ECD),9,30.2,B.Sc. Statistics,1996-06-12,Karnataka
EMP00870,Aahana Dani,Director General,National Sample Survey Office (NSSO),9,28.3,PhD Statistics,1998-11-27,Chhattisgarh
EMP00871,Rushil Kapoor,Deputy Director,Social Statistics Division (SSD),5,13.5,M.Sc. Statistics,2013-08-03,Rajasthan
EMP00872,Nikita Dara,Senior Statistical Officer (SSO),National Sample Survey Office (NSSO),3,6.9,M.Sc. Statistics,2020-05-04,Uttar Pradesh
EMP00873,Mohammed Balasubramanian,Additional Director General,Price Statistics Division (PSD),8,19.8,B.Sc. Statistics,2007-07-22,Punjab
EMP00874,Rushil Bhatt,Additional Director General,State DES - Uttar Pradesh,8,22.2,B.Sc. Statistics,2004-04-03,Punjab
EMP00875,Amaira Tiwari,Assistant Director,State DES - Maharashtra,4,14.3,M.A. Economics,2012-10-11,Madhya Pradesh
EMP00876,Jeet Mandal,Joint Director,State DES - Tamil Nadu,6,17.8,PhD Statistics,2009-05-19,Odisha
EMP00877,Maanas Kapoor,Deputy Director,Economic Census Division (ECD),5,10.7,M.Sc. Data Science,2016-06-10,Assam
EMP00878,Timothy Tripathi,Junior Statistical Officer (JSO),Economic Census Division (ECD),1,1.6,PhD Statistics,2025-10-06,Uttar Pradesh
EMP00879,Leela Rao,Deputy Director,National Accounts Division (NAD),5,10.8,M.Sc. Mathematics,2016-04-04,Uttar Pradesh
EMP00880,Mitali Bhatti,Senior Statistical Officer (SSO),Social Statistics Division (SSD),3,8.4,M.Sc. Mathematics,2018-09-23,Rajasthan
EMP00881,Mitali Chaudhuri,Joint Director,National Accounts Division (NAD),6,23.7,M.A. Economics,2003-09-06,Odisha
EMP00882,Rushil Agrawal,Statistical Officer (SO),Data Informatics & Innovation Division (DIID),2,8.4,PhD Statistics,2018-08-11,Bihar
EMP00883,Harsh Nath,Director General,Social Statistics Division (SSD),9,33.7,M.Tech Computer Science,1993-05-25,Assam
EMP00884,Aadi Chaudhuri,Senior Statistical Officer (SSO),State DES - Bihar,3,12.0,PhD Statistics,2014-12-04,Haryana
EMP00885,Lakshit Dasgupta,Junior Statistical Officer (JSO),State DES - Maharashtra,1,1.6,M.Sc. Statistics,2025-01-13,Punjab
EMP00886,Bahadurjit Seshadri,Assistant Director,National Sample Survey Office (NSSO),4,10.5,M.A. Economics,2016-10-21,Maharashtra
EMP00887,Kabir Dhar,Director General,Economic Census Division (ECD),9,24.7,M.Sc. Data Science,2002-02-18,West Bengal
EMP00888,Tejas Prabhu,Statistical Officer (SO),Data Informatics & Innovation Division (DIID),2,8.8,M.Sc. Data Science,2018-06-20,Assam
EMP00889,Amaira Chaudhary,Junior Statistical Officer (JSO),Social Statistics Division (SSD),1,4.6,MBA,2022-12-28,Bihar
EMP00890,Vyanjana Kant,Director,Economic Census Division (ECD),7,19.5,M.A. Economics,2007-05-15,Telangana
EMP00891,Imaran Taneja,Statistical Officer (SO),State DES - Uttar Pradesh,2,3.5,MBA,2023-05-06,Odisha
EMP00892,Dayamai Sandhu,Director,Data Informatics & Innovation Division (DIID),7,23.7,M.Sc. Mathematics,2003-10-03,Uttarakhand
EMP00893,Harsh Rai,Deputy Director,State DES - Maharashtra,5,13.7,M.A. Economics,2013-10-25,Karnataka
EMP00894,Daniel Samra,Junior Statistical Officer (JSO),Economic Census Division (ECD),1,2.6,MBA,2024-09-15,Uttar Pradesh
EMP00895,Leela Bhasin,Senior Statistical Officer (SSO),Data Informatics & Innovation Division (DIID),3,6.0,M.Tech Computer Science,2020-08-02,Chhattisgarh
EMP00896,Jagvi Seth,Deputy Director,Economic Census Division (ECD),5,17.3,PhD Statistics,2009-12-15,Chhattisgarh
EMP00897,Yashvi Narayanan,Junior Statistical Officer (JSO),Economic Census Division (ECD),1,1.6,PhD Statistics,2025-11-22,Tamil Nadu
EMP00898,Ekaja Chhabra,Director,State DES - Bihar,7,17.2,M.Sc. Data Science,2009-02-25,West Bengal
EMP00899,Parth Dani,Statistical Officer (SO),Social Statistics Division (SSD),2,6.2,PhD Statistics,2020-07-28,Uttarakhand
EMP00900,Gaurika Tella,Additional Director General,National Sample Survey Office (NSSO),8,29.7,M.A. Economics,1997-12-19,Jharkhand
EMP00901,Amaira Tripathi,Deputy Director,Central Statistics Office (CSO),5,10.6,M.Sc. Mathematics,2016-08-23,Haryana
EMP00902,Maanas Sidhu,Senior Statistical Officer (SSO),Social Statistics Division (SSD),3,4.5,MBA,2022-01-10,Telangana
EMP00903,Ranveer Gola,Statistical Officer (SO),State DES - Tamil Nadu,2,5.6,M.Sc. Mathematics,2021-10-25,Tamil Nadu
EMP00904,Joshua Rao,Joint Director,State DES - Tamil Nadu,6,22.5,M.Tech Computer Science,2004-11-23,Kerala
EMP00905,Mohammed Kant,Statistical Officer (SO),Social Statistics Division (SSD),2,5.7,M.Sc. Mathematics,2021-03-17,West Bengal
EMP00906,Ranveer Kant,Additional Director General,National Accounts Division (NAD),8,22.9,M.Sc. Statistics,2004-03-17,Rajasthan
EMP00907,Yashvi Seshadri,Assistant Director,State DES - Maharashtra,4,14.0,M.Sc. Statistics,2012-08-03,Madhya Pradesh
EMP00908,Eta Seth,Senior Statistical Officer (SSO),State DES - Uttar Pradesh,3,13.2,M.A. Economics,2013-12-12,Punjab
EMP00909,Maanas Seth,Additional Director General,State DES - Karnataka,8,28.7,M.A. Economics,1998-12-10,Uttar Pradesh
EMP00910,Amaira Mital,Statistical Officer (SO),State DES - Bihar,2,3.6,M.Sc. Mathematics,2023-05-05,Gujarat
EMP00911,Viraj Bhatt,Statistical Officer (SO),National Sample Survey Office (NSSO),2,5.0,M.Sc. Statistics,2021-08-25,West Bengal
EMP00912,Vyanjana Nazareth,Assistant Director,State DES - Tamil Nadu,4,7.1,B.Sc. Statistics,2019-02-09,Assam
EMP00913,Mitali Bains,Deputy Director,National Sample Survey Office (NSSO),5,15.7,M.Sc. Statistics,2011-04-19,Himachal Pradesh
EMP00914,Ekaja Mody,Senior Statistical Officer (SSO),Central Statistics Office (CSO),3,10.7,M.Sc. Statistics,2016-12-09,Bihar
EMP00915,Vinaya Sidhu,Joint Director,State DES - Maharashtra,6,13.9,M.Sc. Data Science,2013-10-03,Jharkhand
EMP00916,Anya Seth,Junior Statistical Officer (JSO),State DES - Bihar,1,3.1,M.Sc. Data Science,2023-03-25,Punjab
EMP00917,Rushil Nath,Statistical Officer (SO),State DES - Maharashtra,2,8.5,PhD Statistics,2018-12-19,Telangana
EMP00918,Darsh Prabhu,Statistical Officer (SO),Social Statistics Division (SSD),2,3.3,MBA,2023-04-17,Madhya Pradesh
EMP00919,Yashvi Shukla,Statistical Officer (SO),Social Statistics Division (SSD),2,7.3,M.Sc. Statistics,2019-02-17,Odisha
EMP00920,Maanas Dani,Joint Director,State DES - Maharashtra,6,20.5,B.Sc. Statistics,2006-06-16,Karnataka
EMP00921,Eta Kaur,Deputy Director,State DES - Bihar,5,13.6,M.Tech Computer Science,2013-04-18,Odisha
EMP00922,Yash Chhabra,Director,National Sample Survey Office (NSSO),7,17.3,PhD Statistics,2009-03-01,Telangana
EMP00923,Vedhika Dani,Statistical Officer (SO),State DES - Maharashtra,2,4.8,M.Sc. Statistics,2022-03-13,Tamil Nadu
EMP00924,Krishna Khare,Statistical Officer (SO),National Accounts Division (NAD),2,7.2,M.Sc. Statistics,2019-04-11,Telangana
EMP00925,Kabir Dubey,Director,Data Informatics & Innovation Division (DIID),7,16.5,PhD Statistics,2010-12-25,Kerala
EMP00926,Vinaya Dhar,Deputy Director,State DES - Tamil Nadu,5,16.6,MBA,2010-08-22,Telangana
EMP00927,Amaira Dara,Additional Director General,National Accounts Division (NAD),8,24.1,PhD Statistics,2002-02-09,Tamil Nadu
EMP00928,Falak Dani,Assistant Director,National Accounts Division (NAD),4,12.3,B.Sc. Statistics,2014-12-02,Tamil Nadu
EMP00929,Hiral Bains,Additional Director General,National Accounts Division (NAD),8,26.1,MBA,2000-11-11,Himachal Pradesh
EMP00930,Harsh Agrawal,Statistical Officer (SO),State DES - Tamil Nadu,2,7.3,PhD Statistics,2019-04-10,Odisha
EMP00931,Varsha Dani,Additional Director General,State DES - Maharashtra,8,24.1,M.A. Economics,2002-09-01,Chhattisgarh
EMP00932,Bhavini Nazareth,Director,National Sample Survey Office (NSSO),7,25.6,MBA,2001-06-28,Odisha
EMP00933,Daniel Prabhu,Additional Director General,National Accounts Division (NAD),8,18.4,M.Tech Computer Science,2008-08-14,Uttar Pradesh
EMP00934,Maanas Agrawal,Director,National Sample Survey Office (NSSO),7,20.8,PhD Statistics,2006-11-18,Chhattisgarh
EMP00935,Aadi Dasgupta,Additional Director General,National Accounts Division (NAD),8,24.7,B.Sc. Statistics,2002-05-16,Andhra Pradesh
EMP00936,Vinaya Kaur,Joint Director,Economic Census Division (ECD),6,21.2,M.A. Economics,2005-01-19,Maharashtra
EMP00937,Mitali Bhatt,Joint Director,State DES - Bihar,6,16.2,B.Sc. Statistics,2010-07-04,Haryana
EMP00938,Vyanjana Sidhu,Joint Director,Central Statistics Office (CSO),6,16.9,M.Sc. Data Science,2010-04-21,Gujarat
EMP00939,Anvi Dhar,Statistical Officer (SO),National Sample Survey Office (NSSO),2,8.4,M.Tech Computer Science,2018-06-06,Tamil Nadu
EMP00940,Amaira Rao,Joint Director,State DES - Tamil Nadu,6,12.4,MBA,2014-09-14,Uttarakhand
EMP00941,Parth Narayanan,Additional Director General,Social Statistics Division (SSD),8,25.1,MBA,2001-07-11,Uttarakhand
EMP00942,Aadi Goswami,Additional Director General,State DES - Tamil Nadu,8,19.2,M.Sc. Data Science,2007-08-17,Haryana
EMP00943,Dayamai Bali,Joint Director,Economic Census Division (ECD),6,14.0,M.A. Economics,2012-04-16,Madhya Pradesh
EMP00944,Dev Tripathi,Statistical Officer (SO),State DES - Maharashtra,2,7.9,M.Sc. Data Science,2019-05-02,Punjab
EMP00945,Anvi Bhasin,Director,State DES - Karnataka,7,24.7,M.Sc. Statistics,2002-02-19,Uttarakhand
EMP00946,Hitesh Krishnan,Statistical Officer (SO),State DES - Maharashtra,2,6.0,PhD Statistics,2020-04-12,Madhya Pradesh
EMP00947,Yatin Bains,Deputy Director,Economic Census Division (ECD),5,14.0,MBA,2012-06-07,Chhattisgarh
EMP00948,Yash Dara,Deputy Director,State DES - Uttar Pradesh,5,15.2,M.Sc. Mathematics,2011-11-23,West Bengal
EMP00949,Gunbir Tiwari,Senior Statistical Officer (SSO),Price Statistics Division (PSD),3,9.8,PhD Statistics,2017-11-18,Kerala
EMP00950,Dayamai Murthy,Director,State DES - Bihar,7,26.2,B.Sc. Statistics,2000-04-12,Jharkhand
EMP00951,Mitali Balasubramanian,Assistant Director,State DES - Tamil Nadu,4,7.5,M.Tech Computer Science,2019-07-11,Madhya Pradesh
EMP00952,Imaran Seshadri,Statistical Officer (SO),Data Informatics & Innovation Division (DIID),2,6.4,M.Tech Computer Science,2020-11-06,Punjab
EMP00953,Gaurika Mukhopadhyay,Assistant Director,National Sample Survey Office (NSSO),4,10.1,M.Sc. Mathematics,2016-01-08,Rajasthan
EMP00954,Dayamai Seth,Deputy Director,State DES - Maharashtra,5,13.6,MBA,2013-11-02,Madhya Pradesh
EMP00955,Kabir Luthra,Deputy Director,Economic Census Division (ECD),5,10.4,M.Tech Computer Science,2016-03-21,Chhattisgarh
EMP00956,Tejas Nazareth,Additional Director General,Central Statistics Office (CSO),8,27.4,M.Sc. Statistics,1999-10-10,Haryana
EMP00957,Imaran Bains,Director,State DES - Tamil Nadu,7,25.8,M.Sc. Statistics,2001-12-27,Andhra Pradesh
EMP00958,Maanas Singh,Statistical Officer (SO),State DES - Maharashtra,2,6.0,M.Sc. Statistics,2020-11-27,Jharkhand
EMP00959,Vinaya Mani,Director General,National Sample Survey Office (NSSO),9,25.0,M.Sc. Data Science,2001-02-25,Himachal Pradesh
EMP00960,Dayamai Bhatti,Joint Director,State DES - Bihar,6,22.0,MBA,2004-07-07,Gujarat
EMP00961,Harsh Goswami,Senior Statistical Officer (SSO),Economic Census Division (ECD),3,6.1,PhD Statistics,2020-05-28,Madhya Pradesh
EMP00962,Vinaya Ahluwalia,Additional Director General,State DES - Bihar,8,24.4,M.Sc. Statistics,2002-09-14,Haryana
EMP00963,Rudra Mukhopadhyay,Assistant Director,National Accounts Division (NAD),4,15.6,M.A. Economics,2011-12-12,Assam
EMP00964,Jagvi Agrawal,Junior Statistical Officer (JSO),State DES - Karnataka,1,3.6,B.Sc. Statistics,2023-12-26,Maharashtra
EMP00965,Varsha Singh,Deputy Director,Economic Census Division (ECD),5,14.5,M.A. Economics,2012-09-28,Tamil Nadu
EMP00966,Zaitra Tripathi,Additional Director General,Data Informatics & Innovation Division (DIID),8,22.7,M.Tech Computer Science,2004-02-27,Punjab
EMP00967,Bhavini Singh,Deputy Director,National Accounts Division (NAD),5,11.1,PhD Statistics,2015-11-14,Haryana
EMP00968,Yatin Nazareth,Deputy Director,State DES - Uttar Pradesh,5,17.7,PhD Statistics,2009-06-23,Madhya Pradesh
EMP00969,Vyanjana Basak,Statistical Officer (SO),State DES - Bihar,2,7.8,M.Tech Computer Science,2019-02-12,Jharkhand
EMP00970,Yash Dubey,Director General,State DES - Uttar Pradesh,9,30.9,B.Sc. Statistics,1996-11-21,Maharashtra
EMP00971,Darsh Tella,Additional Director General,National Accounts Division (NAD),8,27.5,B.Sc. Statistics,1999-04-21,Andhra Pradesh
EMP00972,Anvi Bhatti,Statistical Officer (SO),Price Statistics Division (PSD),2,2.8,M.Sc. Mathematics,2024-11-14,Himachal Pradesh
EMP00973,Yatin Bhatti,Additional Director General,State DES - Bihar,8,23.7,M.Sc. Mathematics,2003-03-22,Kerala
EMP00974,Vinaya Seth,Joint Director,Price Statistics Division (PSD),6,21.6,M.Sc. Statistics,2005-06-06,Madhya Pradesh
EMP00975,Krishna Basak,Director,State DES - Karnataka,7,26.3,M.Sc. Data Science,2000-01-18,West Bengal
EMP00976,Jeet Murthy,Assistant Director,State DES - Uttar Pradesh,4,15.1,M.Sc. Data Science,2011-12-28,Kerala
EMP00977,Joshua Ahluwalia,Director,State DES - Karnataka,7,22.4,M.Tech Computer Science,2004-02-12,Bihar
EMP00978,Joshua Bhasin,Statistical Officer (SO),State DES - Maharashtra,2,2.1,MBA,2024-11-16,Odisha
EMP00979,Eta Chacko,Assistant Director,Economic Census Division (ECD),4,7.9,M.Tech Computer Science,2019-07-05,Assam
EMP00980,Vyanjana Tripathi,Assistant Director,Economic Census Division (ECD),4,12.0,M.Sc. Data Science,2014-03-14,Madhya Pradesh
EMP00981,Yatin Balasubramanian,Junior Statistical Officer (JSO),Economic Census Division (ECD),1,2.2,M.Sc. Data Science,2024-08-08,Himachal Pradesh
EMP00982,Siya Dhar,Additional Director General,State DES - Uttar Pradesh,8,19.0,M.Sc. Mathematics,2007-12-13,Haryana
EMP00983,Vedhika Rai,Director,State DES - Bihar,7,23.5,M.Tech Computer Science,2003-02-18,Karnataka
EMP00984,Charan Ahluwalia,Joint Director,State DES - Uttar Pradesh,6,23.2,M.A. Economics,2003-11-26,Himachal Pradesh
EMP00985,Amaira Talwar,Junior Statistical Officer (JSO),State DES - Maharashtra,1,1.0,MBA,2025-07-22,Punjab
EMP00986,Siya Bhatt,Director General,National Accounts Division (NAD),9,22.5,M.Tech Computer Science,2004-09-16,Uttar Pradesh
EMP00987,Libni Gupta,Additional Director General,Social Statistics Division (SSD),8,19.6,MBA,2007-05-04,Bihar
EMP00988,Eshana Nazareth,Senior Statistical Officer (SSO),Economic Census Division (ECD),3,9.0,M.A. Economics,2017-05-09,Madhya Pradesh
EMP00989,Bahadurjit Seshadri,Deputy Director,Data Informatics & Innovation Division (DIID),5,14.2,M.Sc. Mathematics,2012-12-16,Haryana
EMP00990,Bhavini Balasubramanian,Director General,State DES - Tamil Nadu,9,32.2,PhD Statistics,1994-04-05,Maharashtra
EMP00991,Charan Chacko,Senior Statistical Officer (SSO),Economic Census Division (ECD),3,4.4,M.Sc. Mathematics,2022-07-04,Odisha
EMP00992,Ekaja Dani,Junior Statistical Officer (JSO),State DES - Bihar,1,2.8,PhD Statistics,2024-08-04,Odisha
EMP00993,Tejas Sandhu,Senior Statistical Officer (SSO),National Sample Survey Office (NSSO),3,5.2,M.Sc. Data Science,2021-03-27,Punjab
EMP00994,Joshua Mital,Director General,State DES - Karnataka,9,31.9,M.Sc. Data Science,1995-01-17,Uttarakhand
EMP00995,Timothy Bhasin,Senior Statistical Officer (SSO),National Sample Survey Office (NSSO),3,8.2,M.Sc. Data Science,2018-11-04,Assam
EMP00996,Bimala Gupta,Junior Statistical Officer (JSO),State DES - Tamil Nadu,1,2.1,M.Sc. Statistics,2024-06-19,Andhra Pradesh
EMP00997,Libni Goswami,Joint Director,National Sample Survey Office (NSSO),6,13.8,PhD Statistics,2013-08-21,Assam
EMP00998,Parth Dubey,Junior Statistical Officer (JSO),Central Statistics Office (CSO),1,2.3,PhD Statistics,2024-12-24,Haryana
EMP00999,Aarush Lata,Senior Statistical Officer (SSO),Central Statistics Office (CSO),3,6.1,M.Tech Computer Science,2020-01-24,Haryana
EMP01000,Anjali Taneja,Director,Economic Census Division (ECD),7,16.1,M.Sc. Mathematics,2010-07-03,Gujarat
EMP01001,Amaira Tripathi,Assistant Director,Data Informatics & Innovation Division (DIID),4,7.6,M.Tech Computer Science,2019-02-10,Bihar
EMP01002,Falak Lata,Director,Economic Census Division (ECD),7,23.8,M.Sc. Mathematics,2003-11-04,Telangana
EMP01003,Hiral Kant,Director General,State DES - Uttar Pradesh,9,24.4,MBA,2002-05-19,Assam
EMP01004,Amaira De,Statistical Officer (SO),Social Statistics Division (SSD),2,7.3,M.Sc. Mathematics,2019-11-14,Madhya Pradesh
EMP01005,Nikita Nazareth,Director General,State DES - Uttar Pradesh,9,26.1,M.Sc. Data Science,2000-08-17,Bihar
EMP01006,Dev Mandal,Director General,State DES - Uttar Pradesh,9,23.0,MBA,2003-08-10,Karnataka
EMP01007,Harsh Bhatt,Deputy Director,State DES - Maharashtra,5,17.4,MBA,2009-10-02,Punjab
EMP01008,Harini Bains,Junior Statistical Officer (JSO),State DES - Maharashtra,1,3.1,MBA,2023-02-15,Madhya Pradesh
EMP01009,Varsha Sandhu,Deputy Director,State DES - Karnataka,5,12.6,M.Sc. Statistics,2014-01-04,Jharkhand
EMP01010,Utkarsh Chaudhuri,Additional Director General,National Accounts Division (NAD),8,20.2,MBA,2006-02-14,Maharashtra
EMP01011,Bimala Talwar,Deputy Director,State DES - Bihar,5,12.1,PhD Statistics,2014-10-26,Odisha
EMP01012,Gaurika Gupta,Senior Statistical Officer (SSO),National Sample Survey Office (NSSO),3,6.1,M.Tech Computer Science,2020-07-18,Tamil Nadu
EMP01013,Amaira Nath,Director,National Accounts Division (NAD),7,16.4,PhD Statistics,2010-12-13,Odisha
EMP01014,Imaran Chaudhuri,Additional Director General,State DES - Karnataka,8,21.6,M.A. Economics,2005-05-03,Andhra Pradesh
EMP01015,Maanas Bhatt,Junior Statistical Officer (JSO),Central Statistics Office (CSO),1,1.8,M.Sc. Data Science,2025-04-16,West Bengal
EMP01016,Jeet Balasubramanian,Assistant Director,State DES - Tamil Nadu,4,10.4,M.Sc. Data Science,2016-05-25,Karnataka
EMP01017,Mitali Balasubramanian,Additional Director General,National Sample Survey Office (NSSO),8,23.1,M.Sc. Mathematics,2003-12-23,Bihar
EMP01018,Aahana Dani,Additional Director General,State DES - Uttar Pradesh,8,18.2,M.Sc. Data Science,2008-05-19,Rajasthan
EMP01019,Hiral Seshadri,Director,Central Statistics Office (CSO),7,15.6,M.Sc. Statistics,2011-07-28,Madhya Pradesh
EMP01020,Falak Mital,Director General,Central Statistics Office (CSO),9,34.0,PhD Statistics,1992-08-17,Andhra Pradesh
EMP01021,Vinaya Sandhu,Additional Director General,Central Statistics Office (CSO),8,20.8,B.Sc. Statistics,2006-10-11,Madhya Pradesh
EMP01022,Harini Bains,Deputy Director,Data Informatics & Innovation Division (DIID),5,17.9,PhD Statistics,2009-08-20,Tamil Nadu
EMP01023,Jeet Sidhu,Additional Director General,Central Statistics Office (CSO),8,26.4,M.Sc. Mathematics,2000-12-07,Punjab
EMP01024,Rudra Sidhu,Additional Director General,Price Statistics Division (PSD),8,20.8,M.A. Economics,2006-12-22,Himachal Pradesh
EMP01025,Mitali Bhatt,Deputy Director,Data Informatics & Innovation Division (DIID),5,16.2,MBA,2010-08-26,Telangana
EMP01026,Tejas Luthra,Assistant Director,State DES - Bihar,4,8.8,M.Sc. Statistics,2018-03-06,Assam
EMP01027,Kabir Luthra,Additional Director General,Data Informatics & Innovation Division (DIID),8,19.2,PhD Statistics,2007-04-07,Punjab
EMP01028,Harini Ahluwalia,Junior Statistical Officer (JSO),Economic Census Division (ECD),1,2.4,M.A. Economics,2024-03-27,Uttar Pradesh
EMP01029,Imaran Kapoor,Director General,National Sample Survey Office (NSSO),9,22.4,M.A. Economics,2004-02-20,Madhya Pradesh
EMP01030,Yashvi Joshi,Director General,Economic Census Division (ECD),9,24.7,M.A. Economics,2002-01-25,Telangana
EMP01031,Bimala Taneja,Deputy Director,State DES - Bihar,5,18.0,M.Sc. Statistics,2008-08-26,Maharashtra
EMP01032,Mitali Seshadri,Statistical Officer (SO),State DES - Karnataka,2,8.8,M.Sc. Statistics,2018-01-17,Chhattisgarh
EMP01033,Anya Luthra,Statistical Officer (SO),Social Statistics Division (SSD),2,8.1,M.Sc. Mathematics,2018-12-15,Punjab
EMP01034,Bhavini Chaudhary,Additional Director General,National Sample Survey Office (NSSO),8,26.8,M.Sc. Mathematics,2000-06-27,Telangana
EMP01035,Maanas Joshi,Assistant Director,Data Informatics & Innovation Division (DIID),4,10.4,B.Sc. Statistics,2016-08-11,Gujarat
EMP01036,Ranveer Chaudhary,Senior Statistical Officer (SSO),Social Statistics Division (SSD),3,4.9,MBA,2022-11-22,Telangana
EMP01037,Zaitra Balasubramanian,Director General,Price Statistics Division (PSD),9,27.1,M.Sc. Mathematics,1999-07-14,Madhya Pradesh
EMP01038,Ekaja Sem,Director General,Social Statistics Division (SSD),9,31.5,B.Sc. Statistics,1995-03-25,Odisha
EMP01039,Krish Talwar,Director General,National Sample Survey Office (NSSO),9,33.3,M.A. Economics,1993-07-25,Haryana
EMP01040,Joshua De,Junior Statistical Officer (JSO),Central Statistics Office (CSO),1,2.6,M.Sc. Mathematics,2024-01-21,Uttarakhand
EMP01041,Leela Lata,Director General,Data Informatics & Innovation Division (DIID),9,33.7,MBA,1993-05-24,Chhattisgarh
EMP01042,Utkarsh Bhatti,Joint Director,Economic Census Division (ECD),6,12.1,M.Sc. Mathematics,2014-08-21,Andhra Pradesh
EMP01043,Viraj Basak,Director General,State DES - Karnataka,9,29.5,PhD Statistics,1997-11-13,Telangana
EMP01044,Timothy Mody,Deputy Director,State DES - Maharashtra,5,9.8,M.A. Economics,2017-12-24,Andhra Pradesh
EMP01045,Utkarsh Basak,Senior Statistical Officer (SSO),State DES - Maharashtra,3,9.2,M.Tech Computer Science,2017-02-17,Rajasthan
EMP01046,Harini Agrawal,Director General,State DES - Tamil Nadu,9,26.1,M.Sc. Mathematics,2000-01-26,West Bengal
EMP01047,Rushil Dhar,Deputy Director,Economic Census Division (ECD),5,11.4,MBA,2015-02-24,Jharkhand
EMP01048,Charan Seshadri,Joint Director,State DES - Maharashtra,6,15.1,M.A. Economics,2011-01-25,Tamil Nadu
EMP01049,Jeet Joshi,Additional Director General,State DES - Bihar,8,21.6,B.Sc. Statistics,2005-06-08,Odisha
EMP01050,Dayamai Mital,Director General,Price Statistics Division (PSD),9,32.1,M.A. Economics,1994-05-22,Punjab
EMP01051,Yatin Seth,Senior Statistical Officer (SSO),State DES - Maharashtra,3,11.1,M.Sc. Data Science,2015-06-17,Tamil Nadu
EMP01052,Vinaya Mody,Joint Director,National Accounts Division (NAD),6,17.5,MBA,2009-02-03,Madhya Pradesh
EMP01053,Charan De,Senior Statistical Officer (SSO),State DES - Uttar Pradesh,3,8.8,M.Sc. Statistics,2018-11-17,Telangana
EMP01054,Krishna Dhar,Director General,Data Informatics & Innovation Division (DIID),9,28.2,M.Tech Computer Science,1998-08-21,Uttarakhand
EMP01055,Vyanjana Prabhu,Additional Director General,Data Informatics & Innovation Division (DIID),8,26.8,M.Sc. Mathematics,2000-09-05,Bihar
EMP01056,Falak Talwar,Additional Director General,State DES - Bihar,8,19.6,M.Sc. Statistics,2007-08-16,Rajasthan
EMP01057,Mitali Mital,Senior Statistical Officer (SSO),Social Statistics Division (SSD),3,13.4,M.Sc. Statistics,2013-07-04,Himachal Pradesh
EMP01058,Eta Kant,Deputy Director,National Accounts Division (NAD),5,9.4,M.Sc. Statistics,2017-05-12,Telangana
EMP01059,Anvi Chhabra,Additional Director General,National Accounts Division (NAD),8,18.3,M.Sc. Mathematics,2008-07-02,Uttarakhand
EMP01060,Libni Kapoor,Deputy Director,Price Statistics Division (PSD),5,17.9,M.Sc. Mathematics,2009-01-04,Assam
EMP01061,Harini Sidhu,Statistical Officer (SO),Data Informatics & Innovation Division (DIID),2,8.1,PhD Statistics,2018-05-19,Uttarakhand
EMP01062,Aahana Kapoor,Joint Director,State DES - Uttar Pradesh,6,21.4,M.Sc. Mathematics,2005-09-21,Bihar
EMP01063,Mitali Bali,Additional Director General,National Accounts Division (NAD),8,26.0,M.A. Economics,2000-10-22,Karnataka
EMP01064,Bahadurjit Shukla,Director,Data Informatics & Innovation Division (DIID),7,17.8,M.A. Economics,2009-01-22,Chhattisgarh
EMP01065,Bimala Prabhu,Deputy Director,National Accounts Division (NAD),5,15.5,B.Sc. Statistics,2011-11-26,Uttarakhand
EMP01066,Timothy Talwar,Deputy Director,National Sample Survey Office (NSSO),5,14.6,M.Sc. Statistics,2012-10-18,Rajasthan
EMP01067,Aadi Bali,Junior Statistical Officer (JSO),State DES - Maharashtra,1,4.8,M.Sc. Data Science,2022-09-01,Assam
EMP01068,Eta Chaudhuri,Director General,Central Statistics Office (CSO),9,24.2,M.Tech Computer Science,2002-04-27,Rajasthan
EMP01069,Leela Seshadri,Additional Director General,State DES - Maharashtra,8,19.0,M.A. Economics,2007-10-02,Andhra Pradesh
EMP01070,Falak Tiwari,Junior Statistical Officer (JSO),National Accounts Division (NAD),1,2.4,MBA,2024-09-11,West Bengal
EMP01071,Daniel Borra,Statistical Officer (SO),National Sample Survey Office (NSSO),2,2.8,M.Sc. Mathematics,2024-03-06,Punjab
EMP01072,Gaurika Mani,Statistical Officer (SO),Data Informatics & Innovation Division (DIID),2,3.1,M.Sc. Mathematics,2023-10-11,Maharashtra
EMP01073,Darsh Narayanan,Junior Statistical Officer (JSO),National Sample Survey Office (NSSO),1,2.2,M.A. Economics,2024-07-11,Bihar
EMP01074,Gaurika Kaur,Statistical Officer (SO),Price Statistics Division (PSD),2,2.4,M.Sc. Data Science,2024-09-25,Assam
EMP01075,Manan Kaur,Statistical Officer (SO),Social Statistics Division (SSD),2,3.9,PhD Statistics,2023-07-03,Chhattisgarh
EMP01076,Rudra Narayanan,Director,Central Statistics Office (CSO),7,22.6,M.Tech Computer Science,2004-10-22,Chhattisgarh
EMP01077,Anya Singh,Director General,National Accounts Division (NAD),9,29.8,M.Tech Computer Science,1997-07-15,Uttarakhand
EMP01078,Nikita Tripathi,Director General,National Accounts Division (NAD),9,24.4,M.A. Economics,2002-03-26,Chhattisgarh
EMP01079,Zaitra Rao,Director,State DES - Maharashtra,7,26.5,PhD Statistics,2000-01-27,Maharashtra
EMP01080,Mitali Seshadri,Deputy Director,National Accounts Division (NAD),5,15.5,B.Sc. Statistics,2011-08-09,Maharashtra
EMP01081,Amaira Borra,Director,State DES - Tamil Nadu,7,27.0,M.Sc. Data Science,1999-09-10,Uttarakhand
EMP01082,Mitali Luthra,Director General,Economic Census Division (ECD),9,28.8,M.Sc. Statistics,1998-12-04,Andhra Pradesh
EMP01083,Hiral Bhatt,Director General,Data Informatics & Innovation Division (DIID),9,34.0,M.Sc. Data Science,1992-09-26,Himachal Pradesh
EMP01084,Eshana Basak,Joint Director,State DES - Bihar,6,19.6,PhD Statistics,2007-04-22,Kerala
EMP01085,Eshana Gupta,Assistant Director,State DES - Karnataka,4,10.6,M.A. Economics,2016-12-05,West Bengal
EMP01086,Jeet Nath,Additional Director General,Central Statistics Office (CSO),8,18.1,M.Sc. Mathematics,2008-09-23,Madhya Pradesh
EMP01087,Leela Dani,Director,State DES - Tamil Nadu,7,21.5,M.Sc. Statistics,2005-01-27,Chhattisgarh
EMP01088,Jagvi Chaudhuri,Additional Director General,Social Statistics Division (SSD),8,26.1,MBA,2000-06-13,Himachal Pradesh
EMP01089,Darsh Seshadri,Junior Statistical Officer (JSO),Social Statistics Division (SSD),1,1.5,M.Sc. Data Science,2025-01-08,Odisha
EMP01090,Utkarsh Narayanan,Deputy Director,State DES - Bihar,5,15.8,M.A. Economics,2011-02-27,Rajasthan
EMP01091,Bahadurjit Tella,Deputy Director,Price Statistics Division (PSD),5,17.1,M.Sc. Data Science,2009-06-02,Assam
EMP01092,Parth Dani,Assistant Director,State DES - Tamil Nadu,4,6.1,MBA,2020-05-19,Tamil Nadu
EMP01093,Manan Dani,Senior Statistical Officer (SSO),State DES - Tamil Nadu,3,9.5,M.Sc. Mathematics,2017-10-05,Karnataka
EMP01094,Utkarsh Bains,Senior Statistical Officer (SSO),State DES - Karnataka,3,6.6,M.Sc. Data Science,2020-12-26,Jharkhand
EMP01095,Parth Mody,Junior Statistical Officer (JSO),State DES - Bihar,1,5.0,M.Tech Computer Science,2021-08-01,Chhattisgarh
EMP01096,Vyanjana Mandal,Junior Statistical Officer (JSO),Social Statistics Division (SSD),1,4.4,MBA,2022-05-04,Madhya Pradesh
EMP01097,Vedhika Gola,Additional Director General,State DES - Maharashtra,8,23.9,B.Sc. Statistics,2003-01-09,Gujarat
EMP01098,Aarush Shukla,Director General,Central Statistics Office (CSO),9,27.4,MBA,1999-06-03,Rajasthan
EMP01099,Bimala Bhasin,Junior Statistical Officer (JSO),Price Statistics Division (PSD),1,5.0,MBA,2021-04-07,Karnataka
EMP01100,Joshua Gupta,Deputy Director,State DES - Tamil Nadu,5,9.6,M.Sc. Statistics,2017-08-14,West Bengal
EMP01101,Dayamai Narayanan,Joint Director,Price Statistics Division (PSD),6,22.1,M.Sc. Statistics,2004-04-11,Assam
EMP01102,Hiral Ahluwalia,Joint Director,Price Statistics Division (PSD),6,18.2,M.Sc. Statistics,2008-10-15,Himachal Pradesh
EMP01103,Bhavini Goswami,Additional Director General,National Sample Survey Office (NSSO),8,24.9,B.Sc. Statistics,2002-07-11,Maharashtra
EMP01104,Bimala Tripathi,Statistical Officer (SO),Central Statistics Office (CSO),2,7.5,PhD Statistics,2019-05-20,Maharashtra
EMP01105,Dev De,Statistical Officer (SO),Central Statistics Office (CSO),2,2.7,B.Sc. Statistics,2024-07-13,Punjab
EMP01106,Anya Murthy,Director,State DES - Karnataka,7,17.8,B.Sc. Statistics,2009-07-15,Odisha
EMP01107,Yatin De,Statistical Officer (SO),State DES - Tamil Nadu,2,4.4,B.Sc. Statistics,2022-09-11,Odisha
EMP01108,Vinaya Mody,Statistical Officer (SO),State DES - Karnataka,2,2.7,M.Sc. Statistics,2024-04-19,Uttarakhand
EMP01109,Maanas Tella,Director General,Data Informatics & Innovation Division (DIID),9,25.1,PhD Statistics,2001-08-06,Himachal Pradesh
EMP01110,Zaitra Bhatt,Junior Statistical Officer (JSO),Economic Census Division (ECD),1,1.2,MBA,2025-11-25,Jharkhand
EMP01111,Neelima Agrawal,Director General,National Accounts Division (NAD),9,31.3,PhD Statistics,1995-10-11,Punjab
EMP01112,Ranveer Kant,Junior Statistical Officer (JSO),State DES - Tamil Nadu,1,3.1,M.Sc. Mathematics,2023-04-17,Maharashtra
EMP01113,Jagvi Seshadri,Director General,Data Informatics & Innovation Division (DIID),9,32.3,M.A. Economics,1994-04-21,Rajasthan
EMP01114,Aarush Mody,Statistical Officer (SO),State DES - Tamil Nadu,2,4.4,PhD Statistics,2022-10-23,Odisha
EMP01115,Hitesh Tripathi,Joint Director,Data Informatics & Innovation Division (DIID),6,19.4,M.A. Economics,2007-02-15,Uttar Pradesh
EMP01116,Bimala Gill,Junior Statistical Officer (JSO),Central Statistics Office (CSO),1,3.0,M.Sc. Data Science,2023-08-20,Gujarat
EMP01117,Viraj Singh,Additional Director General,Social Statistics Division (SSD),8,26.8,MBA,2000-07-06,Rajasthan
EMP01118,Jagvi Nath,Joint Director,Social Statistics Division (SSD),6,12.1,B.Sc. Statistics,2014-02-05,Chhattisgarh
EMP01119,Ranveer Prabhu,Assistant Director,Social Statistics Division (SSD),4,12.3,B.Sc. Statistics,2014-04-07,West Bengal
EMP01120,Ranveer Shroff,Assistant Director,State DES - Bihar,4,14.9,M.Sc. Mathematics,2012-09-08,Haryana
EMP01121,Darsh Mody,Junior Statistical Officer (JSO),Economic Census Division (ECD),1,1.7,M.Sc. Statistics,2025-11-05,West Bengal
EMP01122,Daniel Mandal,Statistical Officer (SO),Price Statistics Division (PSD),2,4.4,M.Tech Computer Science,2022-04-12,Odisha
EMP01123,Dayamai Kant,Senior Statistical Officer (SSO),State DES - Karnataka,3,13.4,MBA,2013-02-05,Karnataka
EMP01124,Bimala Bhatt,Assistant Director,Data Informatics & Innovation Division (DIID),4,7.9,M.A. Economics,2019-10-14,Haryana
EMP01125,Dev Singh,Junior Statistical Officer (JSO),State DES - Karnataka,1,4.1,M.Sc. Data Science,2022-05-26,Chhattisgarh
EMP01126,Harsh Bhatti,Assistant Director,Economic Census Division (ECD),4,6.5,M.Sc. Mathematics,2020-10-16,Jharkhand
EMP01127,Viraj Sandhu,Statistical Officer (SO),State DES - Tamil Nadu,2,7.5,M.Sc. Statistics,2019-09-13,Uttar Pradesh
EMP01128,Bhavini Basak,Director General,State DES - Maharashtra,9,26.5,PhD Statistics,2000-06-23,Uttar Pradesh
EMP01129,Siya Gola,Additional Director General,State DES - Uttar Pradesh,8,26.6,PhD Statistics,2000-10-13,Kerala
EMP01130,Dev Gill,Junior Statistical Officer (JSO),Price Statistics Division (PSD),1,1.8,PhD Statistics,2025-07-07,Gujarat
EMP01131,Anvi De,Director,Social Statistics Division (SSD),7,21.9,M.Tech Computer Science,2005-02-05,Chhattisgarh
EMP01132,Bhavini Samra,Deputy Director,Social Statistics Division (SSD),5,13.4,M.Sc. Data Science,2013-01-15,Uttarakhand
EMP01133,Manan Murthy,Joint Director,State DES - Uttar Pradesh,6,17.1,MBA,2009-06-26,Madhya Pradesh
EMP01134,Falak Bhatti,Deputy Director,National Accounts Division (NAD),5,12.8,PhD Statistics,2014-05-21,Gujarat
EMP01135,Anjali Sidhu,Statistical Officer (SO),State DES - Maharashtra,2,4.1,M.Sc. Statistics,2022-04-04,Kerala
EMP01136,Eta Bains,Joint Director,Price Statistics Division (PSD),6,12.5,M.A. Economics,2014-11-11,Rajasthan
EMP01137,Gaurika Agrawal,Deputy Director,State DES - Karnataka,5,10.9,M.Sc. Mathematics,2016-05-01,Chhattisgarh
EMP01138,Timothy Agrawal,Deputy Director,Data Informatics & Innovation Division (DIID),5,17.2,MBA,2009-11-01,Uttarakhand
EMP01139,Rudra Mandal,Director General,National Accounts Division (NAD),9,33.9,MBA,1993-04-24,Gujarat
EMP01140,Utkarsh Rai,Additional Director General,State DES - Karnataka,8,20.8,PhD Statistics,2006-06-26,Odisha
EMP01141,Nikita Bhatti,Assistant Director,State DES - Bihar,4,10.3,MBA,2016-08-15,Rajasthan
EMP01142,Tejas Taneja,Junior Statistical Officer (JSO),State DES - Karnataka,1,2.5,M.Sc. Mathematics,2024-12-01,Punjab
EMP01143,Falak Lata,Joint Director,Data Informatics & Innovation Division (DIID),6,16.1,MBA,2010-12-18,Andhra Pradesh
EMP01144,Anvi Bhatti,Junior Statistical Officer (JSO),Central Statistics Office (CSO),1,3.3,M.Sc. Mathematics,2023-06-19,Bihar
EMP01145,Dev Lata,Director,Price Statistics Division (PSD),7,26.8,MBA,2000-09-13,Karnataka
EMP01146,Kabir Dasgupta,Statistical Officer (SO),State DES - Uttar Pradesh,2,4.3,M.Tech Computer Science,2022-03-04,Karnataka
EMP01147,Vedhika Taneja,Senior Statistical Officer (SSO),State DES - Bihar,3,4.3,PhD Statistics,2022-03-07,West Bengal
EMP01148,Anjali Kaur,Deputy Director,Economic Census Division (ECD),5,11.1,M.Sc. Statistics,2015-01-12,Odisha
EMP01149,Gunbir Nath,Senior Statistical Officer (SSO),Data Informatics & Innovation Division (DIID),3,7.3,MBA,2019-02-05,Uttar Pradesh
EMP01150,Rushil Shukla,Additional Director General,Data Informatics & Innovation Division (DIID),8,26.9,M.Sc. Data Science,2000-04-10,Bihar
EMP01151,Vyanjana Seth,Additional Director General,State DES - Karnataka,8,19.9,M.Tech Computer Science,2007-04-17,Uttarakhand
EMP01152,Leela Mukhopadhyay,Additional Director General,Central Statistics Office (CSO),8,21.3,M.Sc. Mathematics,2005-02-27,Odisha
EMP01153,Krishna Dubey,Assistant Director,State DES - Karnataka,4,11.3,PhD Statistics,2015-08-19,Odisha
EMP01154,Mitali Mital,Statistical Officer (SO),State DES - Uttar Pradesh,2,4.0,M.A. Economics,2022-07-20,Punjab
EMP01155,Jagvi Lata,Senior Statistical Officer (SSO),National Accounts Division (NAD),3,8.2,MBA,2018-07-22,Odisha
EMP01156,Darsh Khare,Statistical Officer (SO),Central Statistics Office (CSO),2,4.8,M.Sc. Data Science,2022-05-21,Uttar Pradesh
EMP01157,Rushil Chhabra,Statistical Officer (SO),State DES - Bihar,2,6.9,M.Sc. Data Science,2020-07-25,Assam
EMP01158,Harini Joshi,Joint Director,National Sample Survey Office (NSSO),6,12.9,M.A. Economics,2014-08-06,Madhya Pradesh
EMP01159,Gaurika Rai,Director General,Central Statistics Office (CSO),9,22.5,M.Sc. Statistics,2004-07-11,Odisha
EMP01160,Utkarsh Dara,Assistant Director,Central Statistics Office (CSO),4,10.0,M.Tech Computer Science,2016-12-05,Tamil Nadu
EMP01161,Eshana Chaudhuri,Additional Director General,National Sample Survey Office (NSSO),8,23.8,M.Sc. Statistics,2003-11-08,Chhattisgarh
EMP01162,Leela Prabhu,Senior Statistical Officer (SSO),Economic Census Division (ECD),3,8.7,M.Sc. Mathematics,2018-01-20,Uttar Pradesh
EMP01163,Anya Shroff,Deputy Director,State DES - Bihar,5,10.2,MBA,2016-02-22,Uttar Pradesh
EMP01164,Bhavini Nath,Deputy Director,Social Statistics Division (SSD),5,10.5,M.Sc. Mathematics,2016-12-02,Rajasthan
EMP01165,Ekaja Mukhopadhyay,Director General,State DES - Bihar,9,24.6,B.Sc. Statistics,2002-11-22,Jharkhand
EMP01166,Leela Chaudhuri,Statistical Officer (SO),Economic Census Division (ECD),2,4.7,PhD Statistics,2022-10-01,Maharashtra
EMP01167,Charan Mani,Director,Price Statistics Division (PSD),7,24.2,M.A. Economics,2002-04-03,Gujarat
EMP01168,Amaira Shukla,Junior Statistical Officer (JSO),Social Statistics Division (SSD),1,5.0,M.Sc. Data Science,2021-04-04,Karnataka
EMP01169,Dayamai Seshadri,Senior Statistical Officer (SSO),Central Statistics Office (CSO),3,11.2,MBA,2015-02-27,Jharkhand
EMP01170,Eshana Bhatti,Director General,State DES - Karnataka,9,29.5,M.Sc. Data Science,1997-07-14,Chhattisgarh
EMP01171,Eta Chacko,Assistant Director,Social Statistics Division (SSD),4,7.1,M.Sc. Mathematics,2019-07-21,West Bengal
EMP01172,Eshana Nath,Director,Price Statistics Division (PSD),7,17.6,M.Sc. Statistics,2009-11-20,Kerala
EMP01173,Siya Nazareth,Statistical Officer (SO),Data Informatics & Innovation Division (DIID),2,8.2,M.Tech Computer Science,2018-08-04,Himachal Pradesh
EMP01174,Leela Rao,Senior Statistical Officer (SSO),National Sample Survey Office (NSSO),3,6.5,M.A. Economics,2020-11-25,Andhra Pradesh
EMP01175,Mohammed Bhatt,Joint Director,State DES - Bihar,6,14.1,M.A. Economics,2012-02-11,Assam
EMP01176,Amaira Dubey,Additional Director General,State DES - Tamil Nadu,8,22.6,M.Sc. Data Science,2004-10-23,Jharkhand
EMP01177,Krish Chacko,Junior Statistical Officer (JSO),National Sample Survey Office (NSSO),1,3.5,M.Tech Computer Science,2023-12-14,Gujarat
EMP01178,Bhavini Singh,Statistical Officer (SO),Social Statistics Division (SSD),2,2.4,PhD Statistics,2024-04-05,Punjab
EMP01179,Daniel Rai,Junior Statistical Officer (JSO),State DES - Bihar,1,2.0,PhD Statistics,2024-03-09,Haryana
EMP01180,Eshana Mandal,Junior Statistical Officer (JSO),Data Informatics & Innovation Division (DIID),1,3.1,M.Tech Computer Science,2023-04-28,West Bengal
EMP01181,Lakshit Gupta,Joint Director,State DES - Maharashtra,6,14.9,B.Sc. Statistics,2012-11-23,Gujarat
EMP01182,Lakshit Chacko,Director,National Accounts Division (NAD),7,21.3,PhD Statistics,2005-02-28,West Bengal
EMP01183,Falak Bains,Assistant Director,National Accounts Division (NAD),4,6.5,M.Sc. Data Science,2020-02-06,Bihar
EMP01184,Vinaya Taneja,Assistant Director,National Sample Survey Office (NSSO),4,8.4,MBA,2018-05-06,Odisha
EMP01185,Lakshit Mody,Assistant Director,State DES - Karnataka,4,10.2,M.Sc. Data Science,2016-05-19,Punjab
EMP01186,Aahana Tella,Assistant Director,State DES - Uttar Pradesh,4,8.7,M.Sc. Statistics,2018-07-13,Telangana
EMP01187,Joshua Dasgupta,Additional Director General,State DES - Karnataka,8,23.1,MBA,2003-08-01,Bihar
EMP01188,Bhavini Kaur,Director,Economic Census Division (ECD),7,25.2,M.Sc. Mathematics,2001-12-06,Chhattisgarh
EMP01189,Gaurika Kaur,Additional Director General,Economic Census Division (ECD),8,21.7,MBA,2005-10-16,Chhattisgarh
EMP01190,Anjali Gupta,Senior Statistical Officer (SSO),Price Statistics Division (PSD),3,11.1,M.Sc. Mathematics,2015-01-01,Rajasthan
EMP01191,Imaran Chaudhary,Joint Director,Data Informatics & Innovation Division (DIID),6,17.9,MBA,2009-07-16,Telangana
EMP01192,Anvi Mandal,Statistical Officer (SO),Central Statistics Office (CSO),2,4.9,M.Sc. Statistics,2022-10-06,Andhra Pradesh
EMP01193,Kabir Bali,Director,State DES - Bihar,7,26.5,M.A. Economics,2000-12-16,Jharkhand
EMP01194,Dev Khare,Joint Director,State DES - Tamil Nadu,6,20.4,MBA,2006-12-08,Madhya Pradesh
EMP01195,Zaitra Dasgupta,Junior Statistical Officer (JSO),Social Statistics Division (SSD),1,4.7,B.Sc. Statistics,2022-05-20,Bihar
EMP01196,Mitali Mukhopadhyay,Senior Statistical Officer (SSO),State DES - Karnataka,3,6.5,M.Sc. Mathematics,2020-02-25,West Bengal
EMP01197,Nikita Mandal,Director,State DES - Karnataka,7,19.8,M.Sc. Statistics,2007-04-14,Jharkhand
EMP01198,Joshua Seshadri,Director,Economic Census Division (ECD),7,18.0,MBA,2008-05-24,Uttarakhand
EMP01199,Yash Bali,Statistical Officer (SO),State DES - Karnataka,2,2.8,M.A. Economics,2024-05-24,Bihar
EMP01200,Viraj Mital,Director,Central Statistics Office (CSO),7,23.4,M.Sc. Mathematics,2003-01-04,Assam
EMP01201,Anjali Mani,Director,State DES - Tamil Nadu,7,21.3,M.Tech Computer Science,2005-03-06,Madhya Pradesh
EMP01202,Siya Shroff,Senior Statistical Officer (SSO),National Accounts Division (NAD),3,6.0,M.Sc. Statistics,2020-10-27,Odisha
EMP01203,Viraj Shroff,Assistant Director,National Accounts Division (NAD),4,6.6,M.Sc. Data Science,2020-07-15,Kerala
EMP01204,Dev Murthy,Statistical Officer (SO),National Accounts Division (NAD),2,8.1,M.Sc. Statistics,2018-02-13,Punjab
EMP01205,Eta Krishnan,Statistical Officer (SO),State DES - Karnataka,2,4.4,M.Sc. Data Science,2022-08-22,Assam
EMP01206,Bhavini Goswami,Junior Statistical Officer (JSO),Central Statistics Office (CSO),1,1.2,B.Sc. Statistics,2025-04-17,Tamil Nadu
EMP01207,Yatin Nath,Director,Economic Census Division (ECD),7,22.2,PhD Statistics,2004-06-20,Assam
EMP01208,Vyanjana Gupta,Joint Director,Social Statistics Division (SSD),6,20.2,M.A. Economics,2006-06-22,Gujarat
EMP01209,Krishna Kaur,Junior Statistical Officer (JSO),Social Statistics Division (SSD),1,4.9,M.Sc. Statistics,2022-08-28,West Bengal
EMP01210,Mohammed Dara,Senior Statistical Officer (SSO),National Sample Survey Office (NSSO),3,4.3,M.Tech Computer Science,2022-06-15,Gujarat
EMP01211,Bahadurjit Mukhopadhyay,Additional Director General,State DES - Tamil Nadu,8,24.2,M.Sc. Data Science,2002-11-27,West Bengal
EMP01212,Eshana Narayanan,Joint Director,State DES - Bihar,6,22.5,M.A. Economics,2004-04-20,Odisha
EMP01213,Falak Dara,Statistical Officer (SO),State DES - Uttar Pradesh,2,4.4,M.Sc. Statistics,2022-05-20,Andhra Pradesh
EMP01214,Kabir Talwar,Senior Statistical Officer (SSO),State DES - Karnataka,3,12.7,B.Sc. Statistics,2014-08-26,Bihar
EMP01215,Nikita Agrawal,Director General,State DES - Uttar Pradesh,9,33.8,M.Sc. Mathematics,1993-02-16,Odisha
EMP01216,Varsha Rao,Assistant Director,National Accounts Division (NAD),4,8.4,M.Sc. Statistics,2018-07-23,Tamil Nadu
EMP01217,Amaira Luthra,Joint Director,Economic Census Division (ECD),6,22.8,M.Sc. Data Science,2004-11-16,Kerala
EMP01218,Ekaja Chaudhuri,Statistical Officer (SO),State DES - Maharashtra,2,6.7,PhD Statistics,2020-12-11,Karnataka
EMP01219,Imaran Chacko,Statistical Officer (SO),Data Informatics & Innovation Division (DIID),2,6.5,MBA,2020-07-26,Chhattisgarh
EMP01220,Yashvi Chacko,Deputy Director,National Sample Survey Office (NSSO),5,10.2,M.Sc. Statistics,2016-06-24,Karnataka
EMP01221,Vinaya Mody,Statistical Officer (SO),National Accounts Division (NAD),2,6.0,M.A. Economics,2020-10-24,Andhra Pradesh
EMP01222,Krish Agrawal,Junior Statistical Officer (JSO),Price Statistics Division (PSD),1,3.4,MBA,2023-06-25,Madhya Pradesh
EMP01223,Siya Lata,Senior Statistical Officer (SSO),State DES - Karnataka,3,9.2,M.Sc. Data Science,2017-07-01,Tamil Nadu
EMP01224,Rushil Tripathi,Additional Director General,Economic Census Division (ECD),8,21.8,M.Sc. Data Science,2005-11-15,Assam
EMP01225,Harsh Dubey,Deputy Director,State DES - Tamil Nadu,5,10.5,B.Sc. Statistics,2016-06-10,Himachal Pradesh
EMP01226,Manan Khare,Statistical Officer (SO),State DES - Bihar,2,3.9,PhD Statistics,2023-08-10,Rajasthan
EMP01227,Leela Kaur,Junior Statistical Officer (JSO),Social Statistics Division (SSD),1,4.9,M.Sc. Mathematics,2022-12-26,Rajasthan
EMP01228,Yashvi Khare,Junior Statistical Officer (JSO),National Accounts Division (NAD),1,4.7,PhD Statistics,2022-05-27,Andhra Pradesh
EMP01229,Varsha Tripathi,Senior Statistical Officer (SSO),State DES - Maharashtra,3,13.9,MBA,2013-07-22,Haryana
EMP01230,Rudra Sidhu,Director,State DES - Maharashtra,7,19.7,M.Tech Computer Science,2007-12-07,Punjab
EMP01231,Mohammed Tripathi,Director General,National Accounts Division (NAD),9,26.7,M.A. Economics,2000-01-28,Uttarakhand
EMP01232,Libni Talwar,Deputy Director,National Accounts Division (NAD),5,13.6,M.Sc. Mathematics,2013-12-16,Odisha
EMP01233,Ranveer Kapoor,Senior Statistical Officer (SSO),State DES - Bihar,3,6.1,M.Sc. Data Science,2020-06-24,West Bengal
EMP01234,Tejas Bhasin,Statistical Officer (SO),National Accounts Division (NAD),2,6.7,MBA,2020-11-27,Madhya Pradesh
EMP01235,Joshua Ahluwalia,Statistical Officer (SO),State DES - Uttar Pradesh,2,4.5,M.Sc. Mathematics,2022-02-17,Maharashtra
EMP01236,Jeet Gupta,Director,State DES - Tamil Nadu,7,26.6,MBA,2000-01-04,Gujarat
EMP01237,Zaitra Dara,Additional Director General,State DES - Karnataka,8,21.6,M.Sc. Mathematics,2005-12-26,Andhra Pradesh
EMP01238,Varsha Chaudhuri,Statistical Officer (SO),State DES - Tamil Nadu,2,7.4,MBA,2019-11-21,Kerala
EMP01239,Aahana Kant,Junior Statistical Officer (JSO),National Sample Survey Office (NSSO),1,1.5,M.Sc. Statistics,2025-11-22,Assam
EMP01240,Aarush Chaudhary,Assistant Director,State DES - Karnataka,4,6.2,PhD Statistics,2020-12-24,Kerala
EMP01241,Anya Gill,Senior Statistical Officer (SSO),State DES - Tamil Nadu,3,7.8,MBA,2019-10-05,Punjab
EMP01242,Anya Bhatti,Statistical Officer (SO),State DES - Maharashtra,2,7.0,M.Sc. Mathematics,2019-12-01,Andhra Pradesh
EMP01243,Krishna Taneja,Director General,State DES - Maharashtra,9,31.4,PhD Statistics,1995-09-27,Karnataka
EMP01244,Vinaya Rao,Statistical Officer (SO),Price Statistics Division (PSD),2,7.3,M.Sc. Statistics,2019-10-23,Uttar Pradesh
EMP01245,Darsh Nath,Director General,Social Statistics Division (SSD),9,27.4,M.Sc. Statistics,1999-03-19,Maharashtra
EMP01246,Viraj Mandal,Senior Statistical Officer (SSO),Economic Census Division (ECD),3,4.9,B.Sc. Statistics,2022-02-17,Karnataka
EMP01247,Anvi Kant,Director General,State DES - Tamil Nadu,9,24.1,B.Sc. Statistics,2002-05-02,Gujarat
EMP01248,Gunbir Kapoor,Deputy Director,State DES - Uttar Pradesh,5,15.6,M.Sc. Mathematics,2011-08-23,Uttarakhand
EMP01249,Eshana Gola,Joint Director,State DES - Maharashtra,6,19.3,M.Sc. Data Science,2007-11-27,Tamil Nadu
EMP01250,Mitali Singh,Junior Statistical Officer (JSO),Economic Census Division (ECD),1,1.8,M.Sc. Data Science,2025-10-18,Bihar
EMP01251,Viraj Dhar,Joint Director,State DES - Bihar,6,15.3,MBA,2011-09-09,Karnataka
EMP01252,Gaurika Kaur,Senior Statistical Officer (SSO),National Sample Survey Office (NSSO),3,8.0,M.Tech Computer Science,2018-12-05,Madhya Pradesh
EMP01253,Rushil Rai,Statistical Officer (SO),Economic Census Division (ECD),2,6.4,M.Sc. Data Science,2020-10-22,Telangana
EMP01254,Jeet Seth,Director General,Data Informatics & Innovation Division (DIID),9,29.3,M.Sc. Mathematics,1997-07-13,Haryana
EMP01255,Amaira Dubey,Assistant Director,National Sample Survey Office (NSSO),4,6.8,M.Sc. Statistics,2020-07-03,Chhattisgarh
EMP01256,Hitesh Tella,Statistical Officer (SO),Social Statistics Division (SSD),2,4.5,M.Tech Computer Science,2022-04-09,Bihar
EMP01257,Krish Goswami,Director,Price Statistics Division (PSD),7,26.8,MBA,2000-02-06,Tamil Nadu
EMP01258,Gunbir Sandhu,Deputy Director,State DES - Uttar Pradesh,5,14.9,M.Sc. Statistics,2012-06-23,Jharkhand
EMP01259,Aadi Tiwari,Deputy Director,State DES - Karnataka,5,14.5,M.Sc. Statistics,2012-03-11,Maharashtra
EMP01260,Bhavini Kaur,Senior Statistical Officer (SSO),State DES - Bihar,3,7.5,MBA,2019-10-05,Assam
EMP01261,Gaurika Nath,Director General,State DES - Tamil Nadu,9,30.6,M.Sc. Mathematics,1996-07-19,Bihar
EMP01262,Utkarsh Krishnan,Junior Statistical Officer (JSO),State DES - Tamil Nadu,1,4.7,M.A. Economics,2022-11-20,Gujarat
EMP01263,Yash Talwar,Additional Director General,Social Statistics Division (SSD),8,20.2,PhD Statistics,2006-05-09,Jharkhand
EMP01264,Vyanjana Gola,Assistant Director,National Sample Survey Office (NSSO),4,9.1,M.Tech Computer Science,2017-06-28,Madhya Pradesh
EMP01265,Nikita Tella,Statistical Officer (SO),Price Statistics Division (PSD),2,2.5,M.Sc. Statistics,2024-10-02,Uttar Pradesh
EMP01266,Nikita Mital,Deputy Director,State DES - Uttar Pradesh,5,14.5,B.Sc. Statistics,2012-11-17,Madhya Pradesh
EMP01267,Libni Sandhu,Senior Statistical Officer (SSO),State DES - Maharashtra,3,8.8,M.Sc. Statistics,2018-01-20,Andhra Pradesh
EMP01268,Kabir Seshadri,Junior Statistical Officer (JSO),State DES - Bihar,1,3.9,M.A. Economics,2023-12-22,Gujarat
EMP01269,Aarush Seth,Director General,Central Statistics Office (CSO),9,30.2,PhD Statistics,1996-11-25,Uttar Pradesh
EMP01270,Gunbir Kapoor,Assistant Director,Social Statistics Division (SSD),4,7.7,M.Sc. Mathematics,2019-06-02,Jharkhand
EMP01271,Vyanjana Dani,Director,National Sample Survey Office (NSSO),7,17.0,M.A. Economics,2009-09-28,Gujarat
EMP01272,Timothy Tripathi,Statistical Officer (SO),State DES - Uttar Pradesh,2,4.0,M.Tech Computer Science,2022-04-01,Kerala
EMP01273,Utkarsh Tella,Director,Economic Census Division (ECD),7,17.6,B.Sc. Statistics,2009-10-28,Odisha
EMP01274,Falak Ahluwalia,Joint Director,State DES - Uttar Pradesh,6,12.1,M.A. Economics,2014-06-04,Punjab
EMP01275,Krish Sidhu,Senior Statistical Officer (SSO),Central Statistics Office (CSO),3,8.0,M.Sc. Statistics,2018-08-07,Madhya Pradesh
EMP01276,Nikita Gola,Director General,Data Informatics & Innovation Division (DIID),9,32.8,M.Sc. Statistics,1994-01-05,Assam
EMP01277,Timothy Chaudhuri,Deputy Director,Data Informatics & Innovation Division (DIID),5,11.3,M.A. Economics,2015-06-14,Punjab
EMP01278,Ekaja Shroff,Director General,National Sample Survey Office (NSSO),9,31.7,PhD Statistics,1995-03-05,Odisha
EMP01279,Neelima Mital,Director,State DES - Bihar,7,15.1,M.Sc. Data Science,2011-04-10,Tamil Nadu
EMP01280,Mitali Bhatt,Director,Social Statistics Division (SSD),7,20.1,B.Sc. Statistics,2006-11-07,Uttar Pradesh
EMP01281,Rudra Chaudhuri,Deputy Director,State DES - Uttar Pradesh,5,10.2,PhD Statistics,2016-06-25,Bihar
EMP01282,Bhavini Mani,Director,State DES - Bihar,7,21.0,MBA,2005-02-04,Bihar
EMP01283,Yatin Narayanan,Senior Statistical Officer (SSO),State DES - Maharashtra,3,5.6,B.Sc. Statistics,2021-01-22,Gujarat
EMP01284,Hiral Gupta,Director,State DES - Bihar,7,26.7,B.Sc. Statistics,2000-08-10,Madhya Pradesh
EMP01285,Ranveer Dani,Statistical Officer (SO),Price Statistics Division (PSD),2,7.3,M.Sc. Mathematics,2019-03-08,Jharkhand
EMP01286,Parth Mani,Statistical Officer (SO),State DES - Bihar,2,8.0,M.Sc. Data Science,2018-04-16,Madhya Pradesh
EMP01287,Leela Gill,Statistical Officer (SO),State DES - Maharashtra,2,6.9,M.Sc. Mathematics,2020-10-21,Rajasthan
EMP01288,Dev Balasubramanian,Assistant Director,Data Informatics & Innovation Division (DIID),4,7.2,B.Sc. Statistics,2019-04-05,Kerala
EMP01289,Vyanjana Narayanan,Assistant Director,Central Statistics Office (CSO),4,6.9,MBA,2020-09-10,Madhya Pradesh
EMP01290,Mohammed Tella,Assistant Director,Data Informatics & Innovation Division (DIID),4,8.2,PhD Statistics,2018-09-14,Maharashtra
EMP01291,Jeet Ahluwalia,Deputy Director,Social Statistics Division (SSD),5,10.1,M.Tech Computer Science,2016-12-14,Telangana
EMP01292,Zaitra Bhatti,Junior Statistical Officer (JSO),Central Statistics Office (CSO),1,1.7,B.Sc. Statistics,2025-04-10,Haryana
EMP01293,Rudra Krishnan,Statistical Officer (SO),Economic Census Division (ECD),2,5.0,PhD Statistics,2021-06-10,Telangana
EMP01294,Eta Goswami,Junior Statistical Officer (JSO),National Accounts Division (NAD),1,3.7,M.A. Economics,2023-12-26,Telangana
EMP01295,Siya Mital,Director General,Price Statistics Division (PSD),9,29.3,M.Tech Computer Science,1997-10-13,Rajasthan
EMP01296,Nikita Basak,Statistical Officer (SO),State DES - Bihar,2,2.9,M.Sc. Statistics,2024-10-21,Maharashtra
EMP01297,Jagvi Mody,Assistant Director,National Sample Survey Office (NSSO),4,13.0,M.Sc. Statistics,2013-10-11,Chhattisgarh
EMP01298,Anvi Sandhu,Additional Director General,Price Statistics Division (PSD),8,29.9,M.Sc. Mathematics,1997-03-07,Maharashtra
EMP01299,Yash Taneja,Deputy Director,State DES - Maharashtra,5,17.9,M.A. Economics,2009-08-21,Telangana
EMP01300,Leela Joshi,Director,Data Informatics & Innovation Division (DIID),7,15.8,B.Sc. Statistics,2011-10-09,Uttar Pradesh
EMP01301,Mohammed Bhatt,Deputy Director,State DES - Karnataka,5,9.5,B.Sc. Statistics,2017-12-27,Rajasthan
EMP01302,Krishna Dani,Director General,National Sample Survey Office (NSSO),9,32.4,M.Sc. Mathematics,1994-09-13,Odisha
EMP01303,Harini Mani,Director,Economic Census Division (ECD),7,19.8,M.Sc. Data Science,2007-01-06,Uttar Pradesh
EMP01304,Aadi Rai,Junior Statistical Officer (JSO),State DES - Maharashtra,1,4.5,PhD Statistics,2022-12-24,Jharkhand
EMP01305,Gunbir Borra,Deputy Director,Economic Census Division (ECD),5,17.5,M.Tech Computer Science,2009-02-06,Chhattisgarh
EMP01306,Yashvi Nazareth,Director General,Central Statistics Office (CSO),9,24.9,M.Sc. Mathematics,2002-03-09,Kerala
EMP01307,Imaran Gill,Junior Statistical Officer (JSO),Price Statistics Division (PSD),1,3.6,M.Sc. Data Science,2023-02-01,Chhattisgarh
EMP01308,Jeet Sidhu,Joint Director,State DES - Bihar,6,15.9,M.Tech Computer Science,2011-07-20,Bihar
EMP01309,Ranveer Bhatti,Junior Statistical Officer (JSO),Central Statistics Office (CSO),1,3.5,M.A. Economics,2023-12-09,Gujarat
EMP01310,Darsh Borra,Junior Statistical Officer (JSO),State DES - Karnataka,1,3.1,M.Sc. Statistics,2023-11-09,Andhra Pradesh
EMP01311,Imaran Tella,Director General,State DES - Uttar Pradesh,9,24.5,M.Sc. Data Science,2002-05-07,Haryana
EMP01312,Vinaya Tella,Director,Price Statistics Division (PSD),7,16.9,MBA,2010-03-16,Telangana
EMP01313,Nikita Dani,Senior Statistical Officer (SSO),National Accounts Division (NAD),3,8.6,M.Sc. Data Science,2018-08-24,Uttarakhand
EMP01314,Darsh Mandal,Deputy Director,National Accounts Division (NAD),5,9.2,M.Sc. Mathematics,2017-11-20,Andhra Pradesh
EMP01315,Kabir Bains,Senior Statistical Officer (SSO),Price Statistics Division (PSD),3,4.7,PhD Statistics,2022-02-24,Andhra Pradesh
EMP01316,Gunbir Bhatt,Junior Statistical Officer (JSO),Data Informatics & Innovation Division (DIID),1,3.4,MBA,2023-02-27,West Bengal
EMP01317,Krish Bali,Junior Statistical Officer (JSO),National Sample Survey Office (NSSO),1,1.5,M.Tech Computer Science,2025-11-20,Bihar
EMP01318,Krish Gill,Junior Statistical Officer (JSO),National Sample Survey Office (NSSO),1,4.8,M.A. Economics,2022-04-05,Karnataka
EMP01319,Rudra Bali,Additional Director General,Economic Census Division (ECD),8,27.8,M.A. Economics,1999-03-08,Assam
EMP01320,Charan Rao,Deputy Director,National Sample Survey Office (NSSO),5,15.3,B.Sc. Statistics,2011-02-18,Maharashtra
EMP01321,Ranveer Goswami,Director General,Data Informatics & Innovation Division (DIID),9,32.6,M.Sc. Mathematics,1994-04-01,West Bengal
EMP01322,Yashvi De,Director,State DES - Tamil Nadu,7,16.8,M.Tech Computer Science,2010-11-13,Gujarat
EMP01323,Vedhika Basak,Statistical Officer (SO),National Sample Survey Office (NSSO),2,5.4,M.Sc. Data Science,2021-05-12,Tamil Nadu
EMP01324,Anjali Murthy,Joint Director,National Sample Survey Office (NSSO),6,13.4,B.Sc. Statistics,2013-03-06,Himachal Pradesh
EMP01325,Vyanjana Gola,Joint Director,State DES - Tamil Nadu,6,19.2,MBA,2007-11-22,Bihar
EMP01326,Anvi Murthy,Deputy Director,National Sample Survey Office (NSSO),5,12.5,M.Tech Computer Science,2014-11-12,Assam
EMP01327,Libni Borra,Statistical Officer (SO),National Accounts Division (NAD),2,7.5,M.Sc. Mathematics,2019-03-13,Haryana
EMP01328,Aahana Sandhu,Additional Director General,National Sample Survey Office (NSSO),8,27.8,MBA,1999-03-03,Kerala
EMP01329,Eshana Bhatt,Senior Statistical Officer (SSO),Social Statistics Division (SSD),3,11.7,M.A. Economics,2015-07-16,Assam
EMP01330,Mohammed Shukla,Joint Director,State DES - Tamil Nadu,6,13.7,M.Sc. Data Science,2013-07-18,Andhra Pradesh
EMP01331,Falak Rao,Director General,State DES - Maharashtra,9,27.9,M.Sc. Data Science,1999-02-19,Andhra Pradesh
EMP01332,Leela Shukla,Director General,State DES - Bihar,9,28.9,M.Sc. Data Science,1998-04-12,Karnataka
EMP01333,Krish Rai,Junior Statistical Officer (JSO),State DES - Uttar Pradesh,1,2.4,M.Sc. Mathematics,2024-01-12,Tamil Nadu
EMP01334,Siya Tripathi,Senior Statistical Officer (SSO),National Accounts Division (NAD),3,6.9,MBA,2020-04-27,Gujarat
EMP01335,Yashvi Ahluwalia,Senior Statistical Officer (SSO),State DES - Bihar,3,5.2,M.Sc. Mathematics,2021-12-01,Andhra Pradesh
EMP01336,Mohammed De,Joint Director,National Sample Survey Office (NSSO),6,12.6,M.Sc. Statistics,2014-10-28,Assam
EMP01337,Joshua Narayanan,Senior Statistical Officer (SSO),National Sample Survey Office (NSSO),3,7.7,M.Sc. Data Science,2019-01-19,Karnataka
EMP01338,Hiral Seth,Director,National Accounts Division (NAD),7,16.8,PhD Statistics,2010-12-17,Bihar
EMP01339,Mohammed Agrawal,Additional Director General,Social Statistics Division (SSD),8,22.9,PhD Statistics,2004-05-04,West Bengal
EMP01340,Harsh Ahluwalia,Junior Statistical Officer (JSO),National Accounts Division (NAD),1,3.4,M.Sc. Mathematics,2023-07-27,West Bengal
EMP01341,Vyanjana Mukhopadhyay,Additional Director General,Economic Census Division (ECD),8,24.6,M.Tech Computer Science,2002-07-06,Gujarat
EMP01342,Parth Samra,Director General,National Accounts Division (NAD),9,26.5,M.Sc. Data Science,2000-10-02,Andhra Pradesh
EMP01343,Yashvi Dara,Senior Statistical Officer (SSO),State DES - Maharashtra,3,12.2,M.Sc. Statistics,2014-08-11,Odisha
EMP01344,Jeet Mandal,Director,National Accounts Division (NAD),7,24.9,B.Sc. Statistics,2002-11-14,Telangana
EMP01345,Kabir Krishnan,Statistical Officer (SO),Social Statistics Division (SSD),2,2.7,M.A. Economics,2024-04-10,West Bengal
EMP01346,Joshua Rao,Statistical Officer (SO),State DES - Karnataka,2,2.5,B.Sc. Statistics,2024-04-18,Punjab
EMP01347,Kabir Tella,Junior Statistical Officer (JSO),National Sample Survey Office (NSSO),1,2.0,B.Sc. Statistics,2024-08-02,Uttarakhand
EMP01348,Charan Bhatti,Statistical Officer (SO),Central Statistics Office (CSO),2,8.6,M.A. Economics,2018-07-17,Punjab
EMP01349,Kabir Bhatti,Director,National Accounts Division (NAD),7,23.7,M.Sc. Statistics,2003-07-24,Haryana
EMP01350,Manan Goswami,Director General,National Accounts Division (NAD),9,31.7,B.Sc. Statistics,1995-07-16,Uttarakhand
EMP01351,Vinaya Tiwari,Junior Statistical Officer (JSO),National Accounts Division (NAD),1,2.2,PhD Statistics,2024-11-03,Karnataka
EMP01352,Leela Chacko,Assistant Director,State DES - Tamil Nadu,4,14.1,M.Sc. Mathematics,2012-09-17,Uttar Pradesh
EMP01353,Lakshit Dubey,Director General,Social Statistics Division (SSD),9,33.2,PhD Statistics,1993-06-10,Bihar
EMP01354,Siya Murthy,Director,State DES - Bihar,7,15.5,MBA,2011-04-20,Gujarat
EMP01355,Amaira Bains,Senior Statistical Officer (SSO),State DES - Uttar Pradesh,3,9.7,M.Sc. Statistics,2017-03-25,West Bengal
EMP01356,Imaran Agrawal,Director General,National Sample Survey Office (NSSO),9,32.4,PhD Statistics,1994-08-11,Tamil Nadu
EMP01357,Joshua Chhabra,Senior Statistical Officer (SSO),State DES - Karnataka,3,4.7,M.A. Economics,2022-02-03,Telangana
EMP01358,Darsh Talwar,Additional Director General,State DES - Uttar Pradesh,8,21.1,M.Tech Computer Science,2005-11-05,Odisha
EMP01359,Eta Bhasin,Additional Director General,Economic Census Division (ECD),8,18.5,MBA,2008-10-22,Madhya Pradesh
EMP01360,Maanas Prabhu,Joint Director,State DES - Karnataka,6,18.1,M.A. Economics,2008-02-22,Telangana
EMP01361,Yash Chaudhary,Additional Director General,State DES - Tamil Nadu,8,21.2,B.Sc. Statistics,2005-11-02,Himachal Pradesh
EMP01362,Utkarsh Gill,Assistant Director,State DES - Maharashtra,4,13.0,B.Sc. Statistics,2013-02-10,Bihar
EMP01363,Daniel Luthra,Director,Price Statistics Division (PSD),7,25.2,MBA,2001-11-03,Odisha
EMP01364,Neelima Sem,Additional Director General,State DES - Uttar Pradesh,8,25.7,M.Sc. Statistics,2001-03-24,Karnataka
EMP01365,Anya Dara,Director,Social Statistics Division (SSD),7,17.4,M.Sc. Statistics,2009-06-20,Haryana
EMP01366,Falak Rai,Additional Director General,State DES - Uttar Pradesh,8,19.4,B.Sc. Statistics,2007-03-16,Chhattisgarh
EMP01367,Harsh Tella,Assistant Director,Central Statistics Office (CSO),4,9.2,MBA,2017-06-26,Maharashtra
EMP01368,Vyanjana Dasgupta,Assistant Director,Central Statistics Office (CSO),4,6.5,MBA,2020-05-21,Kerala
EMP01369,Darsh Samra,Senior Statistical Officer (SSO),Data Informatics & Innovation Division (DIID),3,4.7,M.Sc. Statistics,2022-12-15,Punjab
EMP01370,Imaran Shukla,Director General,Economic Census Division (ECD),9,24.6,M.Sc. Mathematics,2002-02-14,Maharashtra
EMP01371,Hitesh Bali,Deputy Director,Social Statistics Division (SSD),5,10.6,MBA,2016-08-18,Assam
EMP01372,Mohammed Gill,Senior Statistical Officer (SSO),Data Informatics & Innovation Division (DIID),3,13.7,M.A. Economics,2013-07-27,Uttarakhand
EMP01373,Krish Taneja,Assistant Director,State DES - Tamil Nadu,4,6.8,M.Sc. Mathematics,2020-11-27,Haryana
EMP01374,Lakshit Mital,Joint Director,State DES - Uttar Pradesh,6,12.2,M.Sc. Mathematics,2014-06-04,Assam
EMP01375,Yatin Mukhopadhyay,Director,State DES - Bihar,7,18.2,B.Sc. Statistics,2008-03-21,Odisha
EMP01376,Aahana Tella,Statistical Officer (SO),State DES - Bihar,2,2.3,M.Sc. Data Science,2024-12-18,Madhya Pradesh
EMP01377,Timothy Luthra,Director,Price Statistics Division (PSD),7,17.6,M.Sc. Data Science,2009-01-12,Uttarakhand
EMP01378,Jagvi Kant,Junior Statistical Officer (JSO),Economic Census Division (ECD),1,2.2,M.Sc. Statistics,2024-11-15,Assam
EMP01379,Yash Shukla,Joint Director,State DES - Maharashtra,6,16.2,MBA,2010-06-04,Jharkhand
EMP01380,Libni Shroff,Additional Director General,National Accounts Division (NAD),8,23.1,M.Sc. Mathematics,2003-07-13,Chhattisgarh
EMP01381,Ranveer Tripathi,Director,State DES - Bihar,7,22.6,M.Sc. Statistics,2004-02-03,Karnataka
EMP01382,Jeet Narayanan,Director,State DES - Bihar,7,16.2,M.Sc. Statistics,2010-09-19,Odisha
EMP01383,Dayamai Nazareth,Deputy Director,Price Statistics Division (PSD),5,17.5,M.Sc. Data Science,2009-09-13,Odisha
EMP01384,Eta Mody,Additional Director General,Social Statistics Division (SSD),8,29.4,PhD Statistics,1997-11-23,Madhya Pradesh
EMP01385,Yatin Mital,Director,Social Statistics Division (SSD),7,15.1,M.Sc. Data Science,2011-05-09,Jharkhand
EMP01386,Bimala Chaudhuri,Deputy Director,Data Informatics & Innovation Division (DIID),5,12.1,M.Sc. Data Science,2014-07-02,West Bengal
EMP01387,Krish Narayanan,Senior Statistical Officer (SSO),State DES - Maharashtra,3,11.9,M.A. Economics,2015-03-19,Haryana
EMP01388,Vyanjana Singh,Director General,Price Statistics Division (PSD),9,33.7,MBA,1993-10-14,Maharashtra
EMP01389,Maanas Tella,Director,National Accounts Division (NAD),7,26.7,MBA,2000-09-06,Haryana
EMP01390,Vyanjana Chacko,Statistical Officer (SO),National Accounts Division (NAD),2,7.0,M.Sc. Statistics,2019-07-27,Uttarakhand
EMP01391,Bhavini Tella,Deputy Director,National Accounts Division (NAD),5,17.4,M.A. Economics,2009-02-03,Rajasthan
EMP01392,Amaira De,Junior Statistical Officer (JSO),State DES - Karnataka,1,3.5,M.Sc. Mathematics,2023-10-23,West Bengal
EMP01393,Rushil Samra,Director,State DES - Bihar,7,15.3,M.Sc. Mathematics,2011-11-21,Odisha
EMP01394,Timothy Sidhu,Senior Statistical Officer (SSO),Price Statistics Division (PSD),3,6.4,M.Tech Computer Science,2020-09-27,Rajasthan
EMP01395,Zaitra Sandhu,Director,State DES - Tamil Nadu,7,24.2,B.Sc. Statistics,2002-02-05,Kerala
EMP01396,Dev Narayanan,Statistical Officer (SO),State DES - Karnataka,2,2.8,M.Sc. Statistics,2024-03-10,Tamil Nadu
EMP01397,Gaurika Kapoor,Senior Statistical Officer (SSO),State DES - Uttar Pradesh,3,4.9,M.A. Economics,2022-07-04,Rajasthan
EMP01398,Falak Gill,Junior Statistical Officer (JSO),State DES - Uttar Pradesh,1,2.7,M.Sc. Statistics,2024-11-14,Rajasthan
EMP01399,Daniel Basak,Joint Director,State DES - Uttar Pradesh,6,19.6,M.Sc. Mathematics,2007-05-01,Uttar Pradesh
EMP01400,Ekaja Shroff,Junior Statistical Officer (JSO),Social Statistics Division (SSD),1,1.5,M.A. Economics,2025-10-20,Assam
EMP01401,Rushil Nath,Senior Statistical Officer (SSO),Economic Census Division (ECD),3,9.2,M.Sc. Statistics,2017-10-01,Rajasthan
EMP01402,Rushil Narayanan,Director General,National Accounts Division (NAD),9,28.1,M.Sc. Data Science,1998-02-07,Telangana
EMP01403,Amaira Bhatti,Senior Statistical Officer (SSO),State DES - Bihar,3,6.2,M.Sc. Mathematics,2020-05-16,Kerala
EMP01404,Kabir Samra,Joint Director,State DES - Tamil Nadu,6,20.5,M.Tech Computer Science,2006-12-26,Odisha
EMP01405,Falak De,Director General,Price Statistics Division (PSD),9,33.4,M.Tech Computer Science,1993-04-22,Uttar Pradesh
EMP01406,Tejas Basak,Deputy Director,National Sample Survey Office (NSSO),5,18.6,M.Tech Computer Science,2008-04-24,Uttar Pradesh
EMP01407,Falak De,Additional Director General,State DES - Bihar,8,23.1,M.Tech Computer Science,2003-10-04,Haryana
EMP01408,Amaira Kaur,Director,Social Statistics Division (SSD),7,17.4,M.A. Economics,2009-08-06,Karnataka
EMP01409,Bimala Nazareth,Director General,Data Informatics & Innovation Division (DIID),9,25.0,M.Tech Computer Science,2001-11-17,Himachal Pradesh
EMP01410,Neelima Dara,Junior Statistical Officer (JSO),Social Statistics Division (SSD),1,1.5,MBA,2025-06-08,Uttar Pradesh
EMP01411,Anjali Rai,Joint Director,Social Statistics Division (SSD),6,16.5,M.Sc. Statistics,2010-06-23,West Bengal
EMP01412,Krish Talwar,Joint Director,State DES - Karnataka,6,14.6,M.A. Economics,2012-09-03,Gujarat
EMP01413,Daniel Chhabra,Assistant Director,National Sample Survey Office (NSSO),4,11.3,M.Tech Computer Science,2015-11-03,Himachal Pradesh
EMP01414,Aadi Kapoor,Director,Data Informatics & Innovation Division (DIID),7,23.2,M.A. Economics,2003-04-07,Haryana
EMP01415,Charan Lata,Additional Director General,Economic Census Division (ECD),8,24.0,MBA,2002-02-15,Tamil Nadu
EMP01416,Joshua Dubey,Joint Director,Price Statistics Division (PSD),6,19.1,B.Sc. Statistics,2007-01-21,Punjab
EMP01417,Yatin Tripathi,Junior Statistical Officer (JSO),Economic Census Division (ECD),1,4.6,M.Sc. Mathematics,2022-01-18,Andhra Pradesh
EMP01418,Aarush Gola,Junior Statistical Officer (JSO),Central Statistics Office (CSO),1,2.3,M.Sc. Statistics,2024-02-27,Assam
EMP01419,Dayamai Shukla,Deputy Director,Social Statistics Division (SSD),5,11.7,MBA,2015-09-25,Karnataka
EMP01420,Eshana Dani,Junior Statistical Officer (JSO),State DES - Bihar,1,2.6,PhD Statistics,2024-11-04,Assam
EMP01421,Hiral Kant,Statistical Officer (SO),Central Statistics Office (CSO),2,2.2,B.Sc. Statistics,2024-02-11,Bihar
EMP01422,Imaran Khare,Director,National Sample Survey Office (NSSO),7,17.7,M.Sc. Data Science,2009-09-01,Telangana
EMP01423,Libni Khare,Junior Statistical Officer (JSO),Central Statistics Office (CSO),1,2.0,M.Sc. Statistics,2024-05-03,Maharashtra
EMP01424,Gaurika Gupta,Director,National Accounts Division (NAD),7,18.2,M.Sc. Mathematics,2008-08-04,Uttarakhand
EMP01425,Maanas Bhatti,Senior Statistical Officer (SSO),Data Informatics & Innovation Division (DIID),3,11.5,PhD Statistics,2015-09-17,Tamil Nadu
EMP01426,Zaitra Bhasin,Additional Director General,Economic Census Division (ECD),8,25.9,M.A. Economics,2001-04-03,Assam
EMP01427,Gaurika Mani,Deputy Director,Social Statistics Division (SSD),5,16.1,M.Sc. Data Science,2010-12-03,Rajasthan
EMP01428,Anjali Dani,Junior Statistical Officer (JSO),State DES - Tamil Nadu,1,1.8,M.Sc. Data Science,2025-07-07,Odisha
EMP01429,Falak Goswami,Joint Director,State DES - Karnataka,6,14.5,M.A. Economics,2012-12-15,Punjab
EMP01430,Jeet Balasubramanian,Director General,National Accounts Division (NAD),9,23.3,M.Sc. Data Science,2003-07-15,Telangana
EMP01431,Imaran Murthy,Director General,Data Informatics & Innovation Division (DIID),9,24.4,M.Sc. Data Science,2002-05-14,Karnataka
EMP01432,Joshua Mukhopadhyay,Deputy Director,State DES - Karnataka,5,18.5,M.Sc. Statistics,2008-08-04,Bihar
EMP01433,Utkarsh Joshi,Assistant Director,State DES - Uttar Pradesh,4,6.2,M.Sc. Mathematics,2020-01-16,Kerala
EMP01434,Varsha Gola,Additional Director General,National Sample Survey Office (NSSO),8,22.2,M.Sc. Statistics,2004-07-07,Telangana
EMP01435,Harsh Dara,Director General,Social Statistics Division (SSD),9,27.2,B.Sc. Statistics,1999-05-12,Odisha
EMP01436,Anya Ahluwalia,Director,Data Informatics & Innovation Division (DIID),7,23.8,M.Sc. Data Science,2003-04-13,Punjab
EMP01437,Darsh Dubey,Deputy Director,State DES - Uttar Pradesh,5,14.3,MBA,2012-11-02,Tamil Nadu
EMP01438,Jeet Singh,Statistical Officer (SO),Central Statistics Office (CSO),2,3.5,B.Sc. Statistics,2023-05-08,Uttarakhand
EMP01439,Anjali Rao,Statistical Officer (SO),State DES - Karnataka,2,3.9,MBA,2023-07-04,Andhra Pradesh
EMP01440,Yashvi Sandhu,Deputy Director,National Accounts Division (NAD),5,14.0,M.Sc. Data Science,2012-11-10,Telangana
EMP01441,Leela Dubey,Deputy Director,National Sample Survey Office (NSSO),5,16.3,M.Sc. Mathematics,2010-12-20,Jharkhand
EMP01442,Rudra Mital,Deputy Director,State DES - Bihar,5,17.5,M.Sc. Data Science,2009-06-22,Uttar Pradesh
EMP01443,Anjali Luthra,Senior Statistical Officer (SSO),State DES - Uttar Pradesh,3,7.3,M.Sc. Mathematics,2019-11-16,West Bengal
EMP01444,Vyanjana Gupta,Junior Statistical Officer (JSO),Economic Census Division (ECD),1,1.7,M.Sc. Statistics,2025-11-25,Uttar Pradesh
EMP01445,Tejas Nath,Joint Director,State DES - Karnataka,6,23.6,B.Sc. Statistics,2003-04-16,Assam
EMP01446,Eta Nazareth,Junior Statistical Officer (JSO),Economic Census Division (ECD),1,3.3,M.Sc. Data Science,2023-09-06,Jharkhand
EMP01447,Bhavini Balasubramanian,Statistical Officer (SO),State DES - Bihar,2,2.7,M.A. Economics,2024-08-24,Odisha
EMP01448,Neelima Rao,Deputy Director,Economic Census Division (ECD),5,15.6,M.A. Economics,2011-01-27,Odisha
EMP01449,Neelima Agrawal,Joint Director,State DES - Tamil Nadu,6,22.7,PhD Statistics,2004-05-22,Tamil Nadu
EMP01450,Gunbir Sandhu,Junior Statistical Officer (JSO),Data Informatics & Innovation Division (DIID),1,1.6,M.Sc. Data Science,2025-06-16,Bihar
EMP01451,Amaira Singh,Director,State DES - Bihar,7,19.3,M.Sc. Statistics,2007-07-21,Rajasthan
EMP01452,Anya Krishnan,Director General,State DES - Uttar Pradesh,9,32.8,M.Sc. Mathematics,1994-11-12,Kerala
EMP01453,Bimala Gupta,Director,Economic Census Division (ECD),7,22.1,M.Tech Computer Science,2004-01-19,Rajasthan
EMP01454,Gunbir Khare,Joint Director,National Sample Survey Office (NSSO),6,22.0,MBA,2004-10-26,Odisha
EMP01455,Yatin Sidhu,Deputy Director,Central Statistics Office (CSO),5,10.1,PhD Statistics,2016-08-22,Bihar
EMP01456,Harsh Gola,Deputy Director,State DES - Tamil Nadu,5,15.2,M.Sc. Mathematics,2011-08-10,Punjab
EMP01457,Anjali Lata,Deputy Director,Central Statistics Office (CSO),5,9.2,M.Sc. Data Science,2017-10-04,Punjab
EMP01458,Charan Dani,Deputy Director,Social Statistics Division (SSD),5,9.1,B.Sc. Statistics,2017-05-05,Maharashtra
EMP01459,Neelima Basak,Deputy Director,State DES - Maharashtra,5,16.9,M.Sc. Mathematics,2010-12-09,Karnataka
EMP01460,Harsh Sandhu,Assistant Director,National Sample Survey Office (NSSO),4,10.3,M.Tech Computer Science,2016-01-16,Gujarat
EMP01461,Libni Sidhu,Assistant Director,State DES - Tamil Nadu,4,14.1,MBA,2012-07-04,Madhya Pradesh
EMP01462,Ekaja Borra,Deputy Director,National Accounts Division (NAD),5,15.0,MBA,2011-10-05,Haryana
EMP01463,Vedhika Mani,Assistant Director,Data Informatics & Innovation Division (DIID),4,8.5,M.Sc. Data Science,2018-05-03,Punjab
EMP01464,Anvi Bhasin,Additional Director General,Data Informatics & Innovation Division (DIID),8,24.5,MBA,2002-03-17,Tamil Nadu
EMP01465,Aahana Khare,Joint Director,State DES - Tamil Nadu,6,18.0,M.A. Economics,2008-06-14,Odisha
EMP01466,Mitali Shukla,Director,State DES - Maharashtra,7,20.5,B.Sc. Statistics,2006-02-25,Madhya Pradesh
EMP01467,Maanas Murthy,Deputy Director,State DES - Karnataka,5,16.9,M.A. Economics,2010-10-18,Bihar
EMP01468,Ekaja Bhasin,Deputy Director,Data Informatics & Innovation Division (DIID),5,9.5,M.Sc. Mathematics,2017-11-01,Andhra Pradesh
EMP01469,Mitali Lata,Director General,Central Statistics Office (CSO),9,27.5,M.Sc. Statistics,1999-05-27,Maharashtra
EMP01470,Jeet Goswami,Joint Director,Economic Census Division (ECD),6,19.1,PhD Statistics,2007-01-04,Haryana
EMP01471,Utkarsh Dhar,Director General,Central Statistics Office (CSO),9,30.9,M.Sc. Data Science,1996-03-18,Jharkhand
EMP01472,Utkarsh Dani,Senior Statistical Officer (SSO),State DES - Tamil Nadu,3,6.2,M.Sc. Mathematics,2020-11-10,Punjab
EMP01473,Lakshit Nath,Additional Director General,Price Statistics Division (PSD),8,25.5,M.Sc. Statistics,2001-01-05,Karnataka
EMP01474,Amaira Basak,Statistical Officer (SO),Price Statistics Division (PSD),2,5.6,M.Sc. Data Science,2021-08-01,Tamil Nadu
EMP01475,Hiral Chaudhary,Additional Director General,National Sample Survey Office (NSSO),8,22.7,M.Tech Computer Science,2004-08-06,Andhra Pradesh
EMP01476,Jagvi Singh,Director General,State DES - Karnataka,9,25.1,PhD Statistics,2001-02-14,Himachal Pradesh
EMP01477,Harsh Tella,Junior Statistical Officer (JSO),State DES - Bihar,1,1.7,M.Sc. Data Science,2025-09-24,Uttar Pradesh
EMP01478,Mohammed Rao,Assistant Director,Economic Census Division (ECD),4,10.8,M.Tech Computer Science,2016-10-16,Tamil Nadu
EMP01479,Siya Chaudhuri,Deputy Director,State DES - Bihar,5,12.9,M.Sc. Statistics,2014-07-27,Odisha
EMP01480,Vyanjana Balasubramanian,Junior Statistical Officer (JSO),National Sample Survey Office (NSSO),1,2.1,MBA,2024-10-10,West Bengal
EMP01481,Mitali Mandal,Additional Director General,Social Statistics Division (SSD),8,18.5,M.Sc. Mathematics,2008-12-15,Odisha
EMP01482,Parth Nath,Senior Statistical Officer (SSO),State DES - Maharashtra,3,7.6,M.Sc. Data Science,2019-12-17,Telangana
EMP01483,Daniel Chaudhary,Statistical Officer (SO),National Accounts Division (NAD),2,3.2,M.A. Economics,2023-06-15,Uttarakhand
EMP01484,Leela Tripathi,Senior Statistical Officer (SSO),State DES - Tamil Nadu,3,6.8,M.Tech Computer Science,2020-02-27,Andhra Pradesh
EMP01485,Jeet Dasgupta,Director,State DES - Karnataka,7,26.6,M.Sc. Mathematics,2000-12-17,Uttarakhand
EMP01486,Timothy Chaudhuri,Director General,State DES - Bihar,9,25.1,M.A. Economics,2001-10-12,Uttarakhand
EMP01487,Vinaya Murthy,Director,Central Statistics Office (CSO),7,15.8,M.Sc. Mathematics,2011-02-22,Gujarat
EMP01488,Anya Dani,Additional Director General,Price Statistics Division (PSD),8,21.9,M.Sc. Data Science,2005-03-24,Tamil Nadu
EMP01489,Ekaja Kaur,Director,Central Statistics Office (CSO),7,26.1,M.Tech Computer Science,2000-01-28,Tamil Nadu
EMP01490,Utkarsh Bains,Additional Director General,State DES - Karnataka,8,27.2,B.Sc. Statistics,1999-06-04,Uttar Pradesh
EMP01491,Mohammed Prabhu,Director,State DES - Tamil Nadu,7,16.6,M.Sc. Data Science,2010-05-16,Rajasthan
EMP01492,Aahana Mukhopadhyay,Deputy Director,State DES - Bihar,5,11.3,M.Sc. Mathematics,2015-09-26,Madhya Pradesh
EMP01493,Yatin Mody,Statistical Officer (SO),State DES - Tamil Nadu,2,6.1,M.Sc. Statistics,2020-01-26,Rajasthan
EMP01494,Maanas Kapoor,Junior Statistical Officer (JSO),Data Informatics & Innovation Division (DIID),1,2.4,M.Sc. Statistics,2024-03-22,Haryana
EMP01495,Lakshit Sandhu,Director General,Price Statistics Division (PSD),9,28.0,PhD Statistics,1998-06-12,Jharkhand
EMP01496,Bahadurjit Kapoor,Director General,National Sample Survey Office (NSSO),9,32.2,PhD Statistics,1994-11-13,Madhya Pradesh
EMP01497,Imaran Bains,Statistical Officer (SO),State DES - Maharashtra,2,2.9,M.Tech Computer Science,2024-02-16,Tamil Nadu
EMP01498,Yashvi Ahluwalia,Director General,Price Statistics Division (PSD),9,26.0,M.Tech Computer Science,2000-07-23,Kerala
EMP01499,Neelima Bains,Senior Statistical Officer (SSO),National Sample Survey Office (NSSO),3,13.7,M.Sc. Data Science,2013-10-17,Jharkhand
EMP01500,Anvi Dara,Junior Statistical Officer (JSO),National Sample Survey Office (NSSO),1,3.2,PhD Statistics,2023-11-01,Kerala
EMP01501,Mitali Gupta,Director,Social Statistics Division (SSD),7,18.1,B.Sc. Statistics,2008-04-18,Bihar
EMP01502,Jagvi Sandhu,Joint Director,State DES - Tamil Nadu,6,23.1,B.Sc. Statistics,2003-08-03,Gujarat
EMP01503,Dayamai Bhasin,Junior Statistical Officer (JSO),National Sample Survey Office (NSSO),1,2.4,MBA,2024-12-20,Himachal Pradesh
EMP01504,Libni Samra,Director General,National Accounts Division (NAD),9,27.7,M.Tech Computer Science,1999-02-02,Maharashtra
EMP01505,Falak Chaudhary,Assistant Director,Data Informatics & Innovation Division (DIID),4,12.5,PhD Statistics,2014-04-01,Punjab
EMP01506,Libni Ahluwalia,Junior Statistical Officer (JSO),Price Statistics Division (PSD),1,4.1,MBA,2022-09-16,West Bengal
EMP01507,Charan Kaur,Director,Data Informatics & Innovation Division (DIID),7,23.3,MBA,2003-03-04,Chhattisgarh
EMP01508,Aahana Joshi,Joint Director,Social Statistics Division (SSD),6,16.2,MBA,2010-04-08,Maharashtra
EMP01509,Nikita Dhar,Junior Statistical Officer (JSO),State DES - Bihar,1,1.9,B.Sc. Statistics,2025-12-08,West Bengal
EMP01510,Jagvi Ahluwalia,Statistical Officer (SO),State DES - Uttar Pradesh,2,2.4,M.Sc. Mathematics,2024-01-11,Punjab
EMP01511,Neelima Dubey,Assistant Director,National Accounts Division (NAD),4,16.0,MBA,2010-11-04,Assam
EMP01512,Varsha Bains,Statistical Officer (SO),State DES - Maharashtra,2,3.8,M.Sc. Data Science,2023-12-24,Assam
EMP01513,Jagvi Sidhu,Assistant Director,Economic Census Division (ECD),4,10.4,M.A. Economics,2016-05-28,Chhattisgarh
EMP01514,Jeet Singh,Director General,Social Statistics Division (SSD),9,32.7,M.Sc. Statistics,1994-06-14,Maharashtra
EMP01515,Leela Murthy,Additional Director General,Price Statistics Division (PSD),8,21.4,M.Sc. Mathematics,2005-04-10,Jharkhand
EMP01516,Utkarsh Taneja,Assistant Director,State DES - Bihar,4,7.2,M.Sc. Mathematics,2019-04-23,Maharashtra
EMP01517,Aahana Mandal,Additional Director General,Central Statistics Office (CSO),8,29.4,PhD Statistics,1997-05-09,Maharashtra
EMP01518,Vinaya Kaur,Deputy Director,National Sample Survey Office (NSSO),5,17.3,B.Sc. Statistics,2009-10-13,Kerala
EMP01519,Falak Narayanan,Director,Central Statistics Office (CSO),7,19.6,M.Sc. Data Science,2007-07-06,Rajasthan
EMP01520,Varsha De,Director General,Economic Census Division (ECD),9,22.6,B.Sc. Statistics,2004-06-01,Chhattisgarh
EMP01521,Aarush Dubey,Joint Director,Economic Census Division (ECD),6,23.1,M.Sc. Data Science,2003-06-24,West Bengal
EMP01522,Hiral Murthy,Director,State DES - Bihar,7,25.4,B.Sc. Statistics,2001-09-13,Tamil Nadu
EMP01523,Lakshit Mukhopadhyay,Deputy Director,State DES - Maharashtra,5,17.6,PhD Statistics,2009-10-24,Madhya Pradesh
EMP01524,Aadi Mani,Director General,Data Informatics & Innovation Division (DIID),9,25.1,PhD Statistics,2001-03-01,Gujarat
EMP01525,Parth Lata,Deputy Director,Price Statistics Division (PSD),5,9.9,M.Tech Computer Science,2017-10-13,Haryana
EMP01526,Mitali Murthy,Deputy Director,State DES - Tamil Nadu,5,12.6,M.Tech Computer Science,2014-01-04,Himachal Pradesh
EMP01527,Anvi Bhasin,Joint Director,National Accounts Division (NAD),6,22.0,PhD Statistics,2004-01-15,Odisha
EMP01528,Krish Sem,Junior Statistical Officer (JSO),State DES - Uttar Pradesh,1,4.9,M.Sc. Data Science,2022-01-19,Madhya Pradesh
EMP01529,Nikita Krishnan,Director General,National Sample Survey Office (NSSO),9,25.8,PhD Statistics,2001-05-25,Uttar Pradesh
EMP01530,Yatin Krishnan,Deputy Director,National Accounts Division (NAD),5,17.7,M.Sc. Data Science,2009-03-28,Uttar Pradesh
EMP01531,Bahadurjit Mandal,Junior Statistical Officer (JSO),State DES - Tamil Nadu,1,1.9,B.Sc. Statistics,2025-11-17,Uttar Pradesh
EMP01532,Imaran Prabhu,Joint Director,State DES - Bihar,6,12.5,M.Sc. Data Science,2014-12-09,Maharashtra
EMP01533,Gaurika Narayanan,Joint Director,Central Statistics Office (CSO),6,18.5,M.Sc. Data Science,2008-02-03,Telangana
EMP01534,Manan Prabhu,Statistical Officer (SO),Price Statistics Division (PSD),2,5.6,M.Sc. Data Science,2021-10-12,Haryana
EMP01535,Hiral Seth,Director,Data Informatics & Innovation Division (DIID),7,15.9,M.Tech Computer Science,2011-01-11,Bihar
EMP01536,Amaira Gill,Joint Director,Data Informatics & Innovation Division (DIID),6,16.0,M.A. Economics,2010-05-20,Assam
EMP01537,Amaira Luthra,Joint Director,National Accounts Division (NAD),6,12.5,B.Sc. Statistics,2014-10-07,Tamil Nadu
EMP01538,Dayamai Bhatti,Director General,State DES - Bihar,9,30.6,M.A. Economics,1996-07-27,Rajasthan
EMP01539,Vinaya Nazareth,Senior Statistical Officer (SSO),State DES - Tamil Nadu,3,7.8,M.Sc. Statistics,2019-04-19,Karnataka
EMP01540,Manan Bhasin,Director General,State DES - Maharashtra,9,30.8,M.Sc. Statistics,1996-01-20,Jharkhand
EMP01541,Rudra Chaudhuri,Director General,Social Statistics Division (SSD),9,28.2,M.Tech Computer Science,1998-10-10,Rajasthan
EMP01542,Aarush Singh,Joint Director,Social Statistics Division (SSD),6,14.9,M.Sc. Data Science,2012-06-24,Odisha
EMP01543,Eta Khare,Assistant Director,Data Informatics & Innovation Division (DIID),4,10.5,M.A. Economics,2016-06-18,Karnataka
EMP01544,Manan Bains,Joint Director,State DES - Karnataka,6,19.8,M.Sc. Data Science,2007-07-08,Odisha
EMP01545,Aadi Seth,Senior Statistical Officer (SSO),Price Statistics Division (PSD),3,13.3,MBA,2013-11-05,Uttarakhand
EMP01546,Amaira Borra,Deputy Director,National Sample Survey Office (NSSO),5,12.4,M.Sc. Statistics,2014-07-17,Madhya Pradesh
EMP01547,Harsh Bhasin,Additional Director General,Price Statistics Division (PSD),8,25.6,M.Sc. Mathematics,2001-01-06,Odisha
EMP01548,Eta Shukla,Deputy Director,State DES - Bihar,5,16.7,PhD Statistics,2010-03-28,Tamil Nadu
EMP01549,Mitali Seshadri,Director,National Accounts Division (NAD),7,15.3,M.Sc. Statistics,2011-09-28,Bihar
EMP01550,Gunbir Kaur,Director,Data Informatics & Innovation Division (DIID),7,19.3,M.Sc. Data Science,2007-02-11,Punjab
EMP01551,Ekaja Seth,Joint Director,State DES - Karnataka,6,19.1,M.Sc. Statistics,2007-02-24,Maharashtra
EMP01552,Aarush Sidhu,Additional Director General,State DES - Tamil Nadu,8,28.9,PhD Statistics,1998-05-25,Madhya Pradesh
EMP01553,Rudra Khare,Senior Statistical Officer (SSO),State DES - Bihar,3,11.3,M.Sc. Statistics,2015-01-19,Bihar
EMP01554,Vinaya Kant,Additional Director General,State DES - Uttar Pradesh,8,22.6,M.Sc. Mathematics,2004-12-19,Jharkhand
EMP01555,Parth Mani,Statistical Officer (SO),State DES - Uttar Pradesh,2,3.6,M.A. Economics,2023-10-17,Maharashtra
EMP01556,Ekaja Gola,Director General,Data Informatics & Innovation Division (DIID),9,32.1,M.Tech Computer Science,1994-07-11,Haryana
EMP01557,Bhavini Shroff,Senior Statistical Officer (SSO),State DES - Bihar,3,4.4,M.Sc. Data Science,2022-09-09,Madhya Pradesh
EMP01558,Aadi Basak,Joint Director,Economic Census Division (ECD),6,13.2,M.Sc. Mathematics,2013-05-09,Tamil Nadu
EMP01559,Falak Prabhu,Assistant Director,Economic Census Division (ECD),4,14.9,M.Tech Computer Science,2012-02-08,Himachal Pradesh
EMP01560,Varsha Krishnan,Senior Statistical Officer (SSO),State DES - Maharashtra,3,5.0,M.Sc. Mathematics,2021-10-02,West Bengal
EMP01561,Ekaja Rao,Director General,Central Statistics Office (CSO),9,31.6,PhD Statistics,1995-06-07,West Bengal
EMP01562,Ranveer Bhasin,Director,State DES - Maharashtra,7,23.8,M.Sc. Mathematics,2003-05-04,Odisha
EMP01563,Leela Talwar,Statistical Officer (SO),Data Informatics & Innovation Division (DIID),2,5.1,PhD Statistics,2021-02-28,Kerala
EMP01564,Maanas Krishnan,Statistical Officer (SO),National Sample Survey Office (NSSO),2,8.8,M.Sc. Data Science,2018-06-06,Karnataka
EMP01565,Manan Gupta,Deputy Director,State DES - Bihar,5,13.5,M.Sc. Statistics,2013-01-14,Haryana
EMP01566,Anya Talwar,Director General,State DES - Maharashtra,9,25.8,B.Sc. Statistics,2001-04-05,West Bengal
EMP01567,Vinaya Kaur,Assistant Director,Economic Census Division (ECD),4,12.7,PhD Statistics,2014-08-27,Bihar
EMP01568,Darsh Sandhu,Additional Director General,Price Statistics Division (PSD),8,21.4,M.Sc. Statistics,2005-12-24,Jharkhand
EMP01569,Viraj Nath,Director,State DES - Maharashtra,7,15.8,M.Sc. Data Science,2011-01-14,Uttar Pradesh
EMP01570,Mohammed Borra,Director,Price Statistics Division (PSD),7,22.6,M.A. Economics,2004-09-22,Assam
EMP01571,Darsh Basak,Deputy Director,Economic Census Division (ECD),5,17.4,PhD Statistics,2009-11-13,Assam
EMP01572,Amaira Sidhu,Director General,National Sample Survey Office (NSSO),9,27.8,M.Sc. Data Science,1999-05-14,Tamil Nadu
EMP01573,Aahana Bhatti,Assistant Director,National Sample Survey Office (NSSO),4,12.6,M.Sc. Mathematics,2014-06-22,Odisha
EMP01574,Eta Sidhu,Director,State DES - Uttar Pradesh,7,23.5,PhD Statistics,2003-07-22,Himachal Pradesh
EMP01575,Zaitra Narayanan,Deputy Director,Price Statistics Division (PSD),5,11.7,MBA,2015-09-25,Maharashtra
EMP01576,Eshana Borra,Joint Director,State DES - Uttar Pradesh,6,16.9,MBA,2010-05-02,Andhra Pradesh
EMP01577,Parth Dani,Assistant Director,Central Statistics Office (CSO),4,9.4,M.Tech Computer Science,2017-07-08,Odisha
EMP01578,Aadi Basak,Senior Statistical Officer (SSO),State DES - Tamil Nadu,3,9.4,M.Sc. Statistics,2017-10-11,Himachal Pradesh
EMP01579,Maanas Dubey,Director General,State DES - Bihar,9,22.2,B.Sc. Statistics,2004-02-25,Andhra Pradesh
EMP01580,Leela Gupta,Joint Director,State DES - Maharashtra,6,21.2,M.Sc. Statistics,2005-09-07,Maharashtra
EMP01581,Siya Rao,Assistant Director,State DES - Maharashtra,4,15.9,MBA,2011-05-26,Gujarat
EMP01582,Joshua Kant,Joint Director,State DES - Maharashtra,6,17.0,M.Sc. Data Science,2009-01-28,West Bengal
EMP01583,Amaira Bali,Director General,Data Informatics & Innovation Division (DIID),9,23.2,PhD Statistics,2003-03-10,Maharashtra
EMP01584,Anvi Narayanan,Assistant Director,State DES - Bihar,4,12.3,M.Sc. Data Science,2014-05-24,Maharashtra
EMP01585,Eta Seth,Director,National Accounts Division (NAD),7,22.9,M.Tech Computer Science,2004-02-03,Karnataka
EMP01586,Manan Sandhu,Director,State DES - Bihar,7,15.2,M.Sc. Mathematics,2011-12-19,Tamil Nadu
EMP01587,Yatin Dara,Assistant Director,Economic Census Division (ECD),4,14.3,M.A. Economics,2012-09-24,Madhya Pradesh
EMP01588,Amaira Agrawal,Deputy Director,National Sample Survey Office (NSSO),5,13.6,M.Tech Computer Science,2013-08-13,Uttarakhand
EMP01589,Ranveer De,Statistical Officer (SO),Data Informatics & Innovation Division (DIID),2,3.6,M.Tech Computer Science,2023-05-23,Assam
EMP01590,Rushil Chaudhary,Assistant Director,State DES - Uttar Pradesh,4,9.8,MBA,2017-09-23,Telangana
EMP01591,Anya Prabhu,Assistant Director,Central Statistics Office (CSO),4,11.8,MBA,2015-08-12,Gujarat
EMP01592,Rudra Bhasin,Statistical Officer (SO),Social Statistics Division (SSD),2,6.5,M.Sc. Mathematics,2020-02-18,Karnataka
EMP01593,Joshua Rai,Additional Director General,National Sample Survey Office (NSSO),8,25.1,M.Sc. Mathematics,2001-10-27,Andhra Pradesh
EMP01594,Rudra Gola,Assistant Director,State DES - Uttar Pradesh,4,6.6,M.Tech Computer Science,2020-05-24,Madhya Pradesh
EMP01595,Hitesh Seshadri,Senior Statistical Officer (SSO),State DES - Bihar,3,4.4,MBA,2022-05-23,West Bengal
EMP01596,Viraj Bali,Director General,State DES - Maharashtra,9,31.5,PhD Statistics,1995-11-08,Haryana
EMP01597,Eshana Sem,Additional Director General,State DES - Bihar,8,24.2,M.Sc. Statistics,2002-07-23,Tamil Nadu
EMP01598,Anjali Kaur,Senior Statistical Officer (SSO),National Accounts Division (NAD),3,11.6,M.Sc. Statistics,2015-04-15,Uttar Pradesh
EMP01599,Imaran Joshi,Junior Statistical Officer (JSO),State DES - Uttar Pradesh,1,4.5,M.Sc. Mathematics,2022-08-05,Jharkhand
EMP01600,Utkarsh Tiwari,Director General,Central Statistics Office (CSO),9,27.0,M.Tech Computer Science,1999-07-10,Tamil Nadu
EMP01601,Lakshit Basak,Deputy Director,State DES - Karnataka,5,14.2,M.A. Economics,2012-11-06,Uttarakhand
EMP01602,Harsh Chhabra,Director General,State DES - Karnataka,9,30.2,M.A. Economics,1996-10-09,Jharkhand
EMP01603,Rudra Sem,Assistant Director,State DES - Bihar,4,15.4,M.Sc. Mathematics,2011-09-23,Uttar Pradesh
EMP01604,Hiral Dasgupta,Junior Statistical Officer (JSO),National Accounts Division (NAD),1,2.3,M.Sc. Mathematics,2024-02-01,Assam
EMP01605,Anvi Khare,Assistant Director,National Sample Survey Office (NSSO),4,8.0,PhD Statistics,2018-02-02,Haryana
EMP01606,Bahadurjit Sem,Senior Statistical Officer (SSO),State DES - Tamil Nadu,3,4.7,M.Sc. Data Science,2022-11-01,Telangana
EMP01607,Libni Mody,Deputy Director,Data Informatics & Innovation Division (DIID),5,11.8,M.Tech Computer Science,2015-10-25,Telangana
EMP01608,Krishna Borra,Director General,State DES - Tamil Nadu,9,28.5,M.Sc. Data Science,1998-10-05,Karnataka
EMP01609,Anya Sandhu,Assistant Director,Economic Census Division (ECD),4,8.8,M.Sc. Statistics,2018-09-19,Bihar
EMP01610,Jeet Mani,Director,State DES - Karnataka,7,19.0,M.Tech Computer Science,2007-11-16,Himachal Pradesh
EMP01611,Viraj Luthra,Junior Statistical Officer (JSO),Price Statistics Division (PSD),1,4.1,M.Sc. Statistics,2022-03-05,Himachal Pradesh
EMP01612,Joshua Dasgupta,Junior Statistical Officer (JSO),Central Statistics Office (CSO),1,2.3,M.Sc. Mathematics,2024-08-14,Jharkhand
EMP01613,Varsha Dasgupta,Joint Director,National Sample Survey Office (NSSO),6,15.6,M.Sc. Data Science,2011-07-13,Chhattisgarh
EMP01614,Timothy Kaur,Additional Director General,State DES - Maharashtra,8,22.3,M.A. Economics,2004-02-20,Jharkhand
EMP01615,Hiral Rai,Senior Statistical Officer (SSO),Economic Census Division (ECD),3,13.5,M.Sc. Mathematics,2013-09-15,Madhya Pradesh
EMP01616,Falak Khare,Deputy Director,State DES - Maharashtra,5,15.9,MBA,2011-03-01,Telangana
EMP01617,Imaran Kant,Additional Director General,Social Statistics Division (SSD),8,27.2,MBA,1999-10-18,Rajasthan
EMP01618,Bimala Mody,Director,State DES - Bihar,7,19.5,B.Sc. Statistics,2007-08-12,Rajasthan
EMP01619,Gunbir Mody,Junior Statistical Officer (JSO),Social Statistics Division (SSD),1,3.3,M.Sc. Statistics,2023-05-17,Telangana
EMP01620,Aarush Nath,Deputy Director,Economic Census Division (ECD),5,9.3,PhD Statistics,2017-01-23,Andhra Pradesh
EMP01621,Leela Borra,Deputy Director,State DES - Karnataka,5,15.3,B.Sc. Statistics,2011-10-21,Assam
EMP01622,Mitali Dani,Senior Statistical Officer (SSO),State DES - Tamil Nadu,3,8.7,M.Sc. Statistics,2018-06-01,Maharashtra
EMP01623,Bahadurjit Kapoor,Senior Statistical Officer (SSO),National Accounts Division (NAD),3,11.1,M.Sc. Mathematics,2015-07-27,Karnataka
EMP01624,Tejas Joshi,Junior Statistical Officer (JSO),State DES - Bihar,1,2.8,B.Sc. Statistics,2024-02-28,Haryana
EMP01625,Rushil Krishnan,Assistant Director,State DES - Bihar,4,12.6,B.Sc. Statistics,2014-11-28,Haryana
EMP01626,Ekaja Bhatti,Senior Statistical Officer (SSO),State DES - Karnataka,3,13.1,M.A. Economics,2013-01-22,Jharkhand
EMP01627,Krishna Shukla,Junior Statistical Officer (JSO),State DES - Maharashtra,1,1.3,M.Sc. Mathematics,2025-02-06,Kerala
EMP01628,Aahana Nazareth,Deputy Director,State DES - Bihar,5,15.1,MBA,2011-11-24,Uttar Pradesh
EMP01629,Hiral Seshadri,Junior Statistical Officer (JSO),State DES - Maharashtra,1,2.2,M.A. Economics,2024-06-15,Tamil Nadu
EMP01630,Aadi Seshadri,Statistical Officer (SO),State DES - Uttar Pradesh,2,6.0,M.Sc. Statistics,2020-02-06,Tamil Nadu
EMP01631,Lakshit Samra,Senior Statistical Officer (SSO),State DES - Tamil Nadu,3,7.2,B.Sc. Statistics,2019-01-07,Uttar Pradesh
EMP01632,Dev Kant,Additional Director General,State DES - Bihar,8,19.0,M.Sc. Data Science,2007-11-21,Punjab
EMP01633,Ekaja Tiwari,Assistant Director,State DES - Bihar,4,13.5,M.Sc. Mathematics,2013-01-13,Punjab
EMP01634,Leela Chhabra,Senior Statistical Officer (SSO),State DES - Karnataka,3,6.8,M.A. Economics,2020-04-27,Madhya Pradesh
EMP01635,Kabir Krishnan,Assistant Director,Economic Census Division (ECD),4,7.8,M.Tech Computer Science,2019-05-03,Odisha
EMP01636,Falak Sidhu,Joint Director,State DES - Tamil Nadu,6,16.2,PhD Statistics,2010-01-27,Uttar Pradesh
EMP01637,Vinaya Kaur,Senior Statistical Officer (SSO),Price Statistics Division (PSD),3,9.4,MBA,2017-11-26,Telangana
EMP01638,Vedhika Gill,Deputy Director,State DES - Bihar,5,11.1,M.Tech Computer Science,2015-09-25,Karnataka
EMP01639,Viraj Borra,Assistant Director,Central Statistics Office (CSO),4,10.7,M.Sc. Statistics,2016-11-21,Jharkhand
EMP01640,Darsh Dasgupta,Senior Statistical Officer (SSO),Social Statistics Division (SSD),3,8.7,M.A. Economics,2018-07-22,Uttarakhand
EMP01641,Vinaya Kapoor,Junior Statistical Officer (JSO),National Sample Survey Office (NSSO),1,2.3,M.A. Economics,2024-03-14,West Bengal
EMP01642,Rudra Gupta,Joint Director,National Sample Survey Office (NSSO),6,19.8,M.Sc. Mathematics,2007-05-06,Telangana
EMP01643,Mitali Rao,Senior Statistical Officer (SSO),State DES - Uttar Pradesh,3,11.5,PhD Statistics,2015-10-23,Uttarakhand
EMP01644,Vyanjana Sandhu,Director,Price Statistics Division (PSD),7,20.7,M.Tech Computer Science,2006-10-11,Telangana
EMP01645,Rudra Mukhopadhyay,Director,Price Statistics Division (PSD),7,18.6,M.Sc. Statistics,2008-07-25,Madhya Pradesh
EMP01646,Parth Bhasin,Director,National Accounts Division (NAD),7,22.1,M.Sc. Mathematics,2004-10-23,Punjab
EMP01647,Gunbir Mody,Senior Statistical Officer (SSO),Social Statistics Division (SSD),3,5.3,B.Sc. Statistics,2021-05-26,Karnataka
EMP01648,Timothy Balasubramanian,Joint Director,National Accounts Division (NAD),6,17.5,PhD Statistics,2009-11-05,West Bengal
EMP01649,Kabir Basak,Senior Statistical Officer (SSO),National Sample Survey Office (NSSO),3,7.0,M.Sc. Mathematics,2019-04-14,Gujarat
EMP01650,Nikita Sandhu,Assistant Director,State DES - Maharashtra,4,7.5,M.A. Economics,2019-08-06,West Bengal
EMP01651,Neelima Goswami,Additional Director General,Data Informatics & Innovation Division (DIID),8,24.6,M.Sc. Data Science,2002-11-13,Assam
EMP01652,Hiral Sem,Assistant Director,National Sample Survey Office (NSSO),4,13.6,MBA,2013-06-25,Bihar
EMP01653,Libni Bhatt,Director,Economic Census Division (ECD),7,24.3,MBA,2002-07-18,Himachal Pradesh
EMP01654,Anjali Sidhu,Additional Director General,State DES - Karnataka,8,26.0,B.Sc. Statistics,2000-10-06,Gujarat
EMP01655,Timothy Singh,Joint Director,State DES - Maharashtra,6,16.3,B.Sc. Statistics,2010-10-25,Himachal Pradesh
EMP01656,Krishna Bains,Assistant Director,Price Statistics Division (PSD),4,7.4,B.Sc. Statistics,2019-05-14,Rajasthan
EMP01657,Nikita Gupta,Director,Data Informatics & Innovation Division (DIID),7,22.8,M.Sc. Mathematics,2004-05-13,Punjab
EMP01658,Vedhika Seth,Additional Director General,Data Informatics & Innovation Division (DIID),8,18.4,M.Sc. Mathematics,2008-07-22,Uttar Pradesh
EMP01659,Gunbir Seshadri,Statistical Officer (SO),National Sample Survey Office (NSSO),2,5.3,M.A. Economics,2021-11-28,Tamil Nadu
EMP01660,Krishna Lata,Junior Statistical Officer (JSO),National Accounts Division (NAD),1,1.6,MBA,2025-01-16,Odisha
EMP01661,Jeet Chaudhuri,Director,Central Statistics Office (CSO),7,20.1,M.Tech Computer Science,2006-05-24,Madhya Pradesh
EMP01662,Dev Joshi,Additional Director General,State DES - Uttar Pradesh,8,24.0,M.A. Economics,2002-06-04,Chhattisgarh
EMP01663,Yatin Shroff,Director,Data Informatics & Innovation Division (DIID),7,21.4,M.Sc. Statistics,2005-01-11,Bihar
EMP01664,Libni Talwar,Deputy Director,State DES - Karnataka,5,11.0,PhD Statistics,2015-01-15,Madhya Pradesh
EMP01665,Ranveer Nazareth,Statistical Officer (SO),State DES - Uttar Pradesh,2,8.1,M.A. Economics,2018-10-22,Maharashtra
EMP01666,Siya Borra,Director,Economic Census Division (ECD),7,19.0,B.Sc. Statistics,2007-05-06,Chhattisgarh
EMP01667,Ranveer Sidhu,Director,Social Statistics Division (SSD),7,15.2,M.Tech Computer Science,2011-10-04,Maharashtra
EMP01668,Neelima Sandhu,Junior Statistical Officer (JSO),Data Informatics & Innovation Division (DIID),1,3.1,M.Sc. Data Science,2023-02-18,Uttar Pradesh
EMP01669,Anya Bhatt,Senior Statistical Officer (SSO),Data Informatics & Innovation Division (DIID),3,10.3,M.Tech Computer Science,2016-08-23,Telangana
EMP01670,Bahadurjit Singh,Director General,Central Statistics Office (CSO),9,28.8,M.Sc. Statistics,1998-06-02,Haryana
EMP01671,Harsh Dubey,Statistical Officer (SO),State DES - Bihar,2,4.7,M.Sc. Statistics,2022-11-24,Haryana
EMP01672,Anvi De,Director,State DES - Bihar,7,15.3,M.Tech Computer Science,2011-07-04,Karnataka
EMP01673,Yatin Mody,Deputy Director,State DES - Karnataka,5,18.9,M.Sc. Data Science,2008-06-19,Maharashtra
EMP01674,Rudra Rai,Director,State DES - Bihar,7,18.3,M.Sc. Mathematics,2008-09-22,Kerala
EMP01675,Mitali Dubey,Director,State DES - Tamil Nadu,7,25.9,M.Tech Computer Science,2001-01-14,Kerala
EMP01676,Viraj Narayanan,Director,Economic Census Division (ECD),7,22.9,M.Tech Computer Science,2004-10-26,Odisha
EMP01677,Dev Bhatti,Statistical Officer (SO),Central Statistics Office (CSO),2,3.5,M.A. Economics,2023-02-20,Gujarat
EMP01678,Ranveer Sandhu,Additional Director General,State DES - Tamil Nadu,8,25.1,M.A. Economics,2001-07-16,Chhattisgarh
EMP01679,Libni Taneja,Junior Statistical Officer (JSO),Social Statistics Division (SSD),1,2.4,M.A. Economics,2024-03-15,Odisha
EMP01680,Tejas Mital,Additional Director General,State DES - Bihar,8,20.5,M.Sc. Mathematics,2006-05-13,Andhra Pradesh
EMP01681,Mitali Chaudhuri,Statistical Officer (SO),State DES - Maharashtra,2,6.4,M.A. Economics,2020-04-24,Karnataka
EMP01682,Gunbir Kant,Deputy Director,Social Statistics Division (SSD),5,11.9,PhD Statistics,2015-01-05,Odisha
EMP01683,Bahadurjit Dhar,Senior Statistical Officer (SSO),State DES - Karnataka,3,10.2,MBA,2016-01-25,Madhya Pradesh
EMP01684,Ranveer Taneja,Additional Director General,Data Informatics & Innovation Division (DIID),8,29.9,M.Sc. Mathematics,1997-10-28,Andhra Pradesh
EMP01685,Eta Goswami,Director,National Sample Survey Office (NSSO),7,17.6,M.Tech Computer Science,2009-03-25,Uttar Pradesh
EMP01686,Timothy Mital,Director,Social Statistics Division (SSD),7,21.6,M.Sc. Data Science,2005-10-09,Madhya Pradesh
EMP01687,Eshana Mani,Joint Director,State DES - Tamil Nadu,6,19.6,M.A. Economics,2007-09-18,Jharkhand
EMP01688,Krishna Chacko,Director,State DES - Uttar Pradesh,7,20.9,M.Tech Computer Science,2006-03-28,Odisha
EMP01689,Darsh Dara,Deputy Director,Social Statistics Division (SSD),5,9.0,PhD Statistics,2017-11-04,Uttar Pradesh
EMP01690,Daniel Dhar,Director,Data Informatics & Innovation Division (DIID),7,26.7,M.Sc. Data Science,2000-10-08,West Bengal
EMP01691,Maanas Murthy,Director General,State DES - Karnataka,9,34.0,MBA,1992-06-20,West Bengal
EMP01692,Zaitra Luthra,Additional Director General,Social Statistics Division (SSD),8,26.2,B.Sc. Statistics,2000-11-13,Himachal Pradesh
EMP01693,Harini Chaudhary,Assistant Director,National Accounts Division (NAD),4,14.5,PhD Statistics,2012-12-28,Telangana
EMP01694,Zaitra Shroff,Additional Director General,Price Statistics Division (PSD),8,29.2,M.A. Economics,1997-05-03,Bihar
EMP01695,Ekaja Narayanan,Assistant Director,State DES - Uttar Pradesh,4,11.8,M.Sc. Data Science,2015-08-08,Himachal Pradesh
EMP01696,Yatin Shroff,Additional Director General,National Sample Survey Office (NSSO),8,24.0,M.A. Economics,2002-04-15,Uttar Pradesh
EMP01697,Lakshit Bains,Junior Statistical Officer (JSO),State DES - Tamil Nadu,1,4.0,MBA,2022-08-28,Jharkhand
EMP01698,Daniel Bains,Director,State DES - Bihar,7,26.5,M.Sc. Statistics,2000-11-18,Himachal Pradesh
EMP01699,Leela Narayanan,Additional Director General,State DES - Bihar,8,23.8,B.Sc. Statistics,2003-07-27,Punjab
EMP01700,Jagvi Sandhu,Junior Statistical Officer (JSO),State DES - Bihar,1,2.5,PhD Statistics,2024-02-04,Madhya Pradesh
EMP01701,Harsh Tripathi,Deputy Director,State DES - Karnataka,5,16.6,M.Sc. Statistics,2010-06-14,Uttar Pradesh
EMP01702,Varsha Gupta,Senior Statistical Officer (SSO),State DES - Uttar Pradesh,3,13.1,M.Sc. Data Science,2013-02-11,Kerala
EMP01703,Jeet Khare,Statistical Officer (SO),State DES - Bihar,2,5.2,PhD Statistics,2021-05-11,Gujarat
EMP01704,Ranveer Khare,Additional Director General,State DES - Uttar Pradesh,8,22.0,M.Tech Computer Science,2004-05-20,Uttarakhand
EMP01705,Mitali Bali,Senior Statistical Officer (SSO),Economic Census Division (ECD),3,5.5,B.Sc. Statistics,2021-06-19,Gujarat
EMP01706,Siya Talwar,Deputy Director,State DES - Bihar,5,12.1,M.Sc. Mathematics,2014-11-10,Uttarakhand
EMP01707,Rudra Talwar,Additional Director General,National Accounts Division (NAD),8,26.1,M.Sc. Mathematics,2000-10-10,Bihar
EMP01708,Tejas Kaur,Deputy Director,Central Statistics Office (CSO),5,15.4,M.Sc. Data Science,2011-05-05,Uttarakhand
EMP01709,Vinaya Nath,Deputy Director,State DES - Maharashtra,5,12.6,MBA,2014-10-06,Assam
EMP01710,Neelima Mandal,Senior Statistical Officer (SSO),State DES - Maharashtra,3,9.9,M.A. Economics,2017-06-13,Jharkhand
EMP01711,Imaran Dani,Senior Statistical Officer (SSO),State DES - Uttar Pradesh,3,12.7,M.Sc. Mathematics,2014-07-01,Assam
EMP01712,Varsha Bains,Joint Director,Price Statistics Division (PSD),6,14.7,M.Sc. Data Science,2012-05-20,Bihar
EMP01713,Timothy Sandhu,Statistical Officer (SO),Social Statistics Division (SSD),2,6.5,PhD Statistics,2020-10-21,Odisha
EMP01714,Aarush Nath,Director General,State DES - Bihar,9,32.8,M.Sc. Data Science,1994-11-02,Telangana
EMP01715,Krishna Tella,Statistical Officer (SO),State DES - Maharashtra,2,8.7,M.Sc. Statistics,2018-09-18,Kerala
EMP01716,Tejas Mital,Director General,Central Statistics Office (CSO),9,32.5,PhD Statistics,1994-09-08,Uttarakhand
EMP01717,Zaitra Borra,Senior Statistical Officer (SSO),State DES - Tamil Nadu,3,10.9,M.Sc. Data Science,2016-12-23,Gujarat
EMP01718,Mitali Shroff,Junior Statistical Officer (JSO),Economic Census Division (ECD),1,4.9,M.Tech Computer Science,2022-12-07,Karnataka
EMP01719,Lakshit Seshadri,Statistical Officer (SO),National Accounts Division (NAD),2,8.3,M.Tech Computer Science,2018-04-08,Maharashtra
EMP01720,Zaitra Dhar,Additional Director General,State DES - Maharashtra,8,23.6,B.Sc. Statistics,2003-11-03,Haryana
EMP01721,Kabir Dasgupta,Statistical Officer (SO),State DES - Uttar Pradesh,2,5.1,M.Sc. Data Science,2021-09-19,Tamil Nadu
EMP01722,Viraj Dubey,Additional Director General,Central Statistics Office (CSO),8,21.6,MBA,2005-12-15,Tamil Nadu
EMP01723,Timothy Mandal,Assistant Director,State DES - Tamil Nadu,4,11.9,PhD Statistics,2015-05-25,West Bengal
EMP01724,Yash Dubey,Deputy Director,National Accounts Division (NAD),5,13.9,M.A. Economics,2013-08-17,Jharkhand
EMP01725,Ranveer Mandal,Deputy Director,State DES - Maharashtra,5,11.6,M.Sc. Data Science,2015-05-22,Haryana
EMP01726,Harini Chaudhary,Deputy Director,National Sample Survey Office (NSSO),5,15.3,M.Sc. Mathematics,2011-01-11,Assam
EMP01727,Ekaja Chaudhary,Additional Director General,National Accounts Division (NAD),8,23.9,M.Sc. Statistics,2003-11-10,Madhya Pradesh
EMP01728,Anya Tiwari,Additional Director General,State DES - Tamil Nadu,8,22.1,M.Sc. Mathematics,2004-02-25,Rajasthan
EMP01729,Yashvi Rai,Deputy Director,Social Statistics Division (SSD),5,14.0,PhD Statistics,2012-11-10,Tamil Nadu
EMP01730,Libni Murthy,Assistant Director,National Accounts Division (NAD),4,11.7,M.A. Economics,2015-04-25,Uttar Pradesh
EMP01731,Krishna Gill,Senior Statistical Officer (SSO),State DES - Karnataka,3,12.5,M.Sc. Mathematics,2014-09-16,Haryana
EMP01732,Jeet Dubey,Director,Economic Census Division (ECD),7,24.4,M.Sc. Data Science,2002-08-28,Kerala
EMP01733,Hiral Agrawal,Joint Director,Social Statistics Division (SSD),6,13.7,M.A. Economics,2013-08-10,Haryana
EMP01734,Vyanjana Bhasin,Director,Central Statistics Office (CSO),7,24.2,MBA,2002-07-12,Maharashtra
EMP01735,Jeet Lata,Senior Statistical Officer (SSO),Economic Census Division (ECD),3,13.7,B.Sc. Statistics,2013-04-22,Rajasthan
EMP01736,Leela Borra,Deputy Director,Central Statistics Office (CSO),5,17.3,M.A. Economics,2009-07-11,Madhya Pradesh
EMP01737,Harini Taneja,Assistant Director,State DES - Karnataka,4,14.0,PhD Statistics,2012-02-03,Kerala
EMP01738,Zaitra Luthra,Joint Director,State DES - Bihar,6,20.7,PhD Statistics,2006-11-13,Maharashtra
EMP01739,Mohammed Talwar,Additional Director General,State DES - Karnataka,8,21.0,MBA,2005-02-02,Maharashtra
EMP01740,Dev Gupta,Deputy Director,State DES - Uttar Pradesh,5,14.4,M.Tech Computer Science,2012-08-05,Tamil Nadu
EMP01741,Bimala Mital,Statistical Officer (SO),State DES - Bihar,2,4.3,MBA,2022-03-19,Bihar
EMP01742,Anvi Bhasin,Assistant Director,State DES - Uttar Pradesh,4,11.6,M.Sc. Data Science,2015-10-18,Haryana
EMP01743,Bhavini Chaudhuri,Deputy Director,Economic Census Division (ECD),5,14.6,B.Sc. Statistics,2012-02-28,Bihar
EMP01744,Yatin Khare,Joint Director,Social Statistics Division (SSD),6,23.5,PhD Statistics,2003-03-11,Rajasthan
EMP01745,Mitali Chacko,Additional Director General,Price Statistics Division (PSD),8,22.3,M.Tech Computer Science,2004-10-24,Kerala
EMP01746,Libni Narayanan,Senior Statistical Officer (SSO),Data Informatics & Innovation Division (DIID),3,5.2,MBA,2021-08-26,Andhra Pradesh
EMP01747,Charan Seshadri,Director General,State DES - Maharashtra,9,22.7,M.A. Economics,2004-10-14,West Bengal
EMP01748,Mitali Chaudhary,Joint Director,State DES - Uttar Pradesh,6,21.5,M.Tech Computer Science,2005-06-21,Uttarakhand
EMP01749,Anjali Mital,Statistical Officer (SO),State DES - Maharashtra,2,6.0,M.Sc. Statistics,2020-03-26,Chhattisgarh
EMP01750,Manan Tripathi,Statistical Officer (SO),State DES - Uttar Pradesh,2,6.0,M.Sc. Data Science,2020-11-14,Karnataka
EMP01751,Jagvi Krishnan,Additional Director General,State DES - Bihar,8,23.4,M.Sc. Mathematics,2003-02-06,Haryana
EMP01752,Jeet Bhasin,Joint Director,State DES - Bihar,6,17.4,MBA,2009-07-19,West Bengal
EMP01753,Ranveer Nath,Director,Price Statistics Division (PSD),7,15.2,M.A. Economics,2011-03-09,Madhya Pradesh
EMP01754,Tejas Chacko,Joint Director,State DES - Tamil Nadu,6,18.4,M.Sc. Data Science,2008-06-23,Uttarakhand
EMP01755,Imaran Bhasin,Senior Statistical Officer (SSO),National Accounts Division (NAD),3,5.9,M.Sc. Data Science,2021-03-04,Punjab
EMP01756,Amaira Rao,Junior Statistical Officer (JSO),State DES - Maharashtra,1,4.1,M.A. Economics,2022-06-28,Karnataka
EMP01757,Eshana Chacko,Assistant Director,National Accounts Division (NAD),4,8.0,MBA,2018-04-07,Kerala
EMP01758,Timothy Sidhu,Junior Statistical Officer (JSO),State DES - Uttar Pradesh,1,1.5,M.Sc. Statistics,2025-01-15,Andhra Pradesh
EMP01759,Imaran Mital,Assistant Director,State DES - Uttar Pradesh,4,9.8,PhD Statistics,2017-04-07,Andhra Pradesh
EMP01760,Timothy Kaur,Statistical Officer (SO),National Accounts Division (NAD),2,2.6,M.Sc. Statistics,2024-04-04,Uttar Pradesh
EMP01761,Falak Mital,Joint Director,Social Statistics Division (SSD),6,21.0,MBA,2005-04-03,Rajasthan
EMP01762,Dayamai Chaudhary,Joint Director,State DES - Maharashtra,6,17.7,M.Sc. Statistics,2009-01-01,Odisha
EMP01763,Daniel Lata,Director,National Sample Survey Office (NSSO),7,19.8,M.A. Economics,2007-05-27,Telangana
EMP01764,Anjali De,Deputy Director,State DES - Bihar,5,11.3,M.Sc. Statistics,2015-08-01,Andhra Pradesh
EMP01765,Parth Sandhu,Joint Director,Price Statistics Division (PSD),6,12.5,M.Sc. Mathematics,2014-01-05,Uttarakhand
EMP01766,Gunbir Balasubramanian,Senior Statistical Officer (SSO),Central Statistics Office (CSO),3,11.0,B.Sc. Statistics,2015-04-28,Himachal Pradesh
EMP01767,Utkarsh Chaudhuri,Deputy Director,Data Informatics & Innovation Division (DIID),5,12.7,M.Sc. Mathematics,2014-03-06,Madhya Pradesh
EMP01768,Libni Gola,Senior Statistical Officer (SSO),State DES - Tamil Nadu,3,11.4,M.Sc. Mathematics,2015-02-26,Telangana
EMP01769,Joshua Narayanan,Additional Director General,Data Informatics & Innovation Division (DIID),8,20.4,M.A. Economics,2006-10-11,Kerala
EMP01770,Amaira Gill,Junior Statistical Officer (JSO),State DES - Uttar Pradesh,1,2.3,B.Sc. Statistics,2024-07-02,Bihar
EMP01771,Rushil Kaur,Director General,National Sample Survey Office (NSSO),9,24.0,B.Sc. Statistics,2002-04-03,Telangana
EMP01772,Yash Bains,Statistical Officer (SO),State DES - Uttar Pradesh,2,8.8,MBA,2018-08-05,Chhattisgarh
EMP01773,Tejas Dubey,Junior Statistical Officer (JSO),State DES - Uttar Pradesh,1,2.2,M.Tech Computer Science,2024-06-22,Bihar
EMP01774,Rushil Kant,Statistical Officer (SO),State DES - Bihar,2,5.3,M.Sc. Data Science,2021-04-17,Bihar
EMP01775,Maanas Lata,Senior Statistical Officer (SSO),National Sample Survey Office (NSSO),3,6.3,M.Sc. Statistics,2020-05-20,Andhra Pradesh
EMP01776,Anya Singh,Assistant Director,State DES - Bihar,4,8.5,M.Tech Computer Science,2018-12-15,Haryana
EMP01777,Varsha Dhar,Director General,Economic Census Division (ECD),9,28.2,M.Sc. Mathematics,1998-07-12,Haryana
EMP01778,Varsha Balasubramanian,Junior Statistical Officer (JSO),Data Informatics & Innovation Division (DIID),1,4.0,B.Sc. Statistics,2022-03-01,Rajasthan
EMP01779,Harsh Tella,Junior Statistical Officer (JSO),Price Statistics Division (PSD),1,4.3,M.Sc. Mathematics,2022-06-01,Andhra Pradesh
EMP01780,Aadi Dasgupta,Additional Director General,Price Statistics Division (PSD),8,28.3,MBA,1998-04-15,Odisha
EMP01781,Bahadurjit Borra,Director General,State DES - Bihar,9,27.3,M.Tech Computer Science,1999-06-11,Jharkhand
EMP01782,Ekaja Shroff,Deputy Director,State DES - Uttar Pradesh,5,12.4,PhD Statistics,2014-11-28,Tamil Nadu
EMP01783,Hitesh Bali,Director General,Social Statistics Division (SSD),9,25.2,MBA,2001-09-05,West Bengal
EMP01784,Anya Chacko,Additional Director General,National Sample Survey Office (NSSO),8,28.0,M.Tech Computer Science,1998-06-10,Bihar
EMP01785,Aahana De,Director General,National Sample Survey Office (NSSO),9,33.8,M.Sc. Mathematics,1993-09-07,Andhra Pradesh
EMP01786,Harsh Seshadri,Assistant Director,Price Statistics Division (PSD),4,13.8,M.A. Economics,2013-10-25,Jharkhand
EMP01787,Harsh Bhasin,Director General,State DES - Maharashtra,9,28.3,M.A. Economics,1998-04-23,Chhattisgarh
EMP01788,Gunbir Luthra,Joint Director,State DES - Tamil Nadu,6,13.9,M.Sc. Mathematics,2013-04-27,Himachal Pradesh
EMP01789,Libni Bali,Senior Statistical Officer (SSO),State DES - Karnataka,3,9.4,MBA,2017-05-02,Rajasthan
EMP01790,Krishna Chhabra,Director,Data Informatics & Innovation Division (DIID),7,25.8,PhD Statistics,2001-06-05,Odisha
EMP01791,Lakshit Agrawal,Junior Statistical Officer (JSO),State DES - Bihar,1,1.3,M.Tech Computer Science,2025-12-20,Rajasthan
EMP01792,Amaira Bains,Junior Statistical Officer (JSO),National Accounts Division (NAD),1,4.0,M.Sc. Mathematics,2022-03-25,Assam
EMP01793,Dayamai Singh,Director,State DES - Tamil Nadu,7,24.4,MBA,2002-10-07,Andhra Pradesh
EMP01794,Zaitra Seshadri,Joint Director,Economic Census Division (ECD),6,12.8,M.Sc. Mathematics,2014-02-24,Andhra Pradesh
EMP01795,Utkarsh Dhar,Senior Statistical Officer (SSO),National Accounts Division (NAD),3,6.1,M.Tech Computer Science,2020-01-21,Haryana
EMP01796,Eta Gola,Deputy Director,State DES - Tamil Nadu,5,14.2,PhD Statistics,2012-11-15,Gujarat
EMP01797,Anvi Seth,Statistical Officer (SO),State DES - Karnataka,2,5.8,PhD Statistics,2021-02-25,Bihar
EMP01798,Aarush Sandhu,Joint Director,Central Statistics Office (CSO),6,22.5,MBA,2004-02-21,Kerala
EMP01799,Mitali De,Senior Statistical Officer (SSO),State DES - Bihar,3,12.8,PhD Statistics,2014-04-17,Punjab
EMP01800,Anya Samra,Joint Director,State DES - Tamil Nadu,6,14.9,PhD Statistics,2012-07-02,Madhya Pradesh
EMP01801,Dev Goswami,Deputy Director,State DES - Bihar,5,17.4,M.Tech Computer Science,2009-11-17,Kerala
EMP01802,Hitesh Shukla,Deputy Director,National Sample Survey Office (NSSO),5,18.8,B.Sc. Statistics,2008-12-26,Tamil Nadu
EMP01803,Falak Singh,Additional Director General,Data Informatics & Innovation Division (DIID),8,20.7,M.Tech Computer Science,2006-12-16,Tamil Nadu
EMP01804,Harini Dubey,Director,State DES - Tamil Nadu,7,22.3,MBA,2004-10-04,Maharashtra
EMP01805,Vinaya Seshadri,Statistical Officer (SO),National Sample Survey Office (NSSO),2,6.0,M.Sc. Data Science,2020-10-22,Telangana
EMP01806,Leela Kapoor,Director,State DES - Bihar,7,24.8,B.Sc. Statistics,2002-11-26,Telangana
EMP01807,Aahana Tripathi,Additional Director General,State DES - Maharashtra,8,24.9,B.Sc. Statistics,2002-11-24,Andhra Pradesh
EMP01808,Timothy De,Junior Statistical Officer (JSO),National Accounts Division (NAD),1,1.9,B.Sc. Statistics,2025-02-10,Haryana
EMP01809,Aarush Shukla,Junior Statistical Officer (JSO),Economic Census Division (ECD),1,3.9,M.A. Economics,2023-06-08,Telangana
EMP01810,Parth Prabhu,Junior Statistical Officer (JSO),State DES - Bihar,1,2.3,M.Tech Computer Science,2024-04-18,Uttar Pradesh
EMP01811,Timothy Tiwari,Director General,State DES - Bihar,9,29.8,MBA,1997-03-28,Telangana
EMP01812,Falak Tripathi,Statistical Officer (SO),State DES - Karnataka,2,4.3,M.Sc. Data Science,2022-05-04,Haryana
EMP01813,Aarush Sandhu,Statistical Officer (SO),Social Statistics Division (SSD),2,6.5,PhD Statistics,2020-07-07,Uttar Pradesh
EMP01814,Gaurika Tripathi,Additional Director General,State DES - Uttar Pradesh,8,22.2,M.A. Economics,2004-03-11,Uttar Pradesh
EMP01815,Amaira Joshi,Assistant Director,State DES - Maharashtra,4,11.8,M.Tech Computer Science,2015-09-06,Chhattisgarh
EMP01816,Krishna Murthy,Statistical Officer (SO),National Sample Survey Office (NSSO),2,3.4,MBA,2023-03-23,Kerala
EMP01817,Hitesh Rao,Joint Director,Data Informatics & Innovation Division (DIID),6,16.8,M.Sc. Statistics,2010-10-19,Punjab
EMP01818,Nikita Bhatti,Assistant Director,Central Statistics Office (CSO),4,10.4,M.Sc. Data Science,2016-03-22,Chhattisgarh
EMP01819,Parth Narayanan,Additional Director General,State DES - Bihar,8,20.7,M.Sc. Data Science,2006-04-15,Gujarat
EMP01820,Jeet Lata,Assistant Director,Economic Census Division (ECD),4,7.5,M.Sc. Data Science,2019-10-16,West Bengal
EMP01821,Hiral Prabhu,Director,State DES - Karnataka,7,21.7,M.Sc. Data Science,2005-03-28,Madhya Pradesh
EMP01822,Gunbir Dhar,Director,Data Informatics & Innovation Division (DIID),7,22.5,M.Tech Computer Science,2004-05-14,Telangana
EMP01823,Siya Kant,Assistant Director,Social Statistics Division (SSD),4,9.2,M.Sc. Statistics,2017-06-28,Bihar
EMP01824,Jagvi Khare,Assistant Director,State DES - Karnataka,4,14.0,M.Sc. Mathematics,2012-09-23,Tamil Nadu
EMP01825,Rudra Rao,Joint Director,State DES - Karnataka,6,13.3,M.Sc. Data Science,2013-12-23,Telangana
EMP01826,Jeet Taneja,Assistant Director,State DES - Karnataka,4,10.7,B.Sc. Statistics,2016-10-15,Odisha
EMP01827,Falak Dhar,Director,National Accounts Division (NAD),7,15.8,B.Sc. Statistics,2011-08-18,Chhattisgarh
EMP01828,Jeet Ahluwalia,Joint Director,State DES - Bihar,6,17.7,M.Sc. Mathematics,2009-11-12,Karnataka
EMP01829,Anjali Sandhu,Deputy Director,State DES - Bihar,5,14.7,B.Sc. Statistics,2012-08-14,Himachal Pradesh
EMP01830,Leela Bali,Senior Statistical Officer (SSO),Price Statistics Division (PSD),3,13.9,PhD Statistics,2013-09-23,Punjab
EMP01831,Vedhika Agrawal,Joint Director,State DES - Maharashtra,6,14.8,MBA,2012-09-22,Bihar
EMP01832,Vinaya Bhatti,Junior Statistical Officer (JSO),Central Statistics Office (CSO),1,4.9,M.A. Economics,2022-02-25,Uttarakhand
EMP01833,Anjali Murthy,Statistical Officer (SO),State DES - Bihar,2,5.7,M.Sc. Mathematics,2021-04-20,Rajasthan
EMP01834,Timothy Bali,Senior Statistical Officer (SSO),Central Statistics Office (CSO),3,12.4,PhD Statistics,2014-06-03,Tamil Nadu
EMP01835,Anya Dara,Director,Data Informatics & Innovation Division (DIID),7,24.7,PhD Statistics,2002-06-06,Bihar
EMP01836,Anya Agrawal,Joint Director,Data Informatics & Innovation Division (DIID),6,14.1,M.Tech Computer Science,2012-02-06,Assam
EMP01837,Gaurika Dara,Assistant Director,State DES - Tamil Nadu,4,8.3,M.Sc. Statistics,2018-08-25,Haryana
EMP01838,Anya Gola,Deputy Director,State DES - Karnataka,5,9.2,B.Sc. Statistics,2017-01-22,Chhattisgarh
EMP01839,Siya Goswami,Senior Statistical Officer (SSO),State DES - Maharashtra,3,4.0,B.Sc. Statistics,2022-06-13,West Bengal
EMP01840,Anvi Narayanan,Joint Director,National Accounts Division (NAD),6,22.3,M.Sc. Data Science,2004-08-06,Himachal Pradesh
EMP01841,Rushil Rai,Joint Director,State DES - Tamil Nadu,6,13.2,M.Sc. Mathematics,2013-06-19,Himachal Pradesh
EMP01842,Darsh Kapoor,Additional Director General,National Accounts Division (NAD),8,26.5,M.Sc. Mathematics,2000-01-20,Odisha
EMP01843,Mitali Rao,Statistical Officer (SO),Economic Census Division (ECD),2,7.7,M.Tech Computer Science,2019-06-22,Tamil Nadu
EMP01844,Darsh Dhar,Director General,National Sample Survey Office (NSSO),9,24.0,PhD Statistics,2002-10-05,Rajasthan
EMP01845,Bahadurjit Gupta,Additional Director General,State DES - Maharashtra,8,29.1,MBA,1997-02-22,Odisha
EMP01846,Harini Bains,Joint Director,National Accounts Division (NAD),6,15.0,M.Sc. Data Science,2011-04-26,Assam
EMP01847,Krishna Nazareth,Joint Director,State DES - Uttar Pradesh,6,12.7,M.Sc. Statistics,2014-02-22,Jharkhand
EMP01848,Jeet Bhatti,Director General,State DES - Bihar,9,28.8,MBA,1998-11-07,Chhattisgarh
EMP01849,Ranveer Bhatti,Senior Statistical Officer (SSO),Price Statistics Division (PSD),3,8.5,M.Tech Computer Science,2018-07-14,Madhya Pradesh
EMP01850,Daniel Samra,Additional Director General,National Sample Survey Office (NSSO),8,18.3,M.A. Economics,2008-08-20,Chhattisgarh
EMP01851,Daniel Agrawal,Additional Director General,Economic Census Division (ECD),8,29.9,B.Sc. Statistics,1997-01-07,Jharkhand
EMP01852,Nikita Agrawal,Director General,Social Statistics Division (SSD),9,24.1,B.Sc. Statistics,2002-01-02,Chhattisgarh
EMP01853,Anvi Kaur,Assistant Director,State DES - Maharashtra,4,9.5,B.Sc. Statistics,2017-12-17,Madhya Pradesh
EMP01854,Gunbir Tripathi,Senior Statistical Officer (SSO),State DES - Tamil Nadu,3,9.1,B.Sc. Statistics,2017-02-15,Rajasthan
EMP01855,Darsh Kapoor,Assistant Director,National Sample Survey Office (NSSO),4,13.1,M.Sc. Data Science,2013-04-19,Assam
EMP01856,Dev Murthy,Junior Statistical Officer (JSO),Data Informatics & Innovation Division (DIID),1,1.2,M.Sc. Data Science,2025-05-01,Tamil Nadu
EMP01857,Ekaja Singh,Joint Director,Data Informatics & Innovation Division (DIID),6,23.8,M.Sc. Data Science,2003-07-02,Telangana
EMP01858,Harsh Balasubramanian,Assistant Director,Economic Census Division (ECD),4,12.2,MBA,2014-12-28,Uttarakhand
EMP01859,Ekaja Tella,Deputy Director,State DES - Tamil Nadu,5,11.0,M.Tech Computer Science,2015-12-01,Madhya Pradesh
EMP01860,Yash Seth,Director,Price Statistics Division (PSD),7,19.5,PhD Statistics,2007-10-01,Kerala
EMP01861,Dev Khare,Director,State DES - Uttar Pradesh,7,15.5,M.Sc. Mathematics,2011-02-21,Gujarat
EMP01862,Eta Joshi,Senior Statistical Officer (SSO),State DES - Uttar Pradesh,3,13.0,M.Sc. Statistics,2013-09-11,Uttar Pradesh
EMP01863,Joshua Mital,Deputy Director,State DES - Bihar,5,18.6,MBA,2008-09-10,Punjab
EMP01864,Ranveer Tripathi,Deputy Director,National Sample Survey Office (NSSO),5,10.1,MBA,2016-02-18,Rajasthan
EMP01865,Tejas Dani,Assistant Director,Central Statistics Office (CSO),4,7.3,PhD Statistics,2019-02-04,Assam
EMP01866,Yashvi Nazareth,Director,State DES - Bihar,7,17.2,M.Sc. Statistics,2009-07-20,Gujarat
EMP01867,Siya Prabhu,Senior Statistical Officer (SSO),Central Statistics Office (CSO),3,8.4,M.Sc. Data Science,2018-12-11,Rajasthan
EMP01868,Mitali Bhasin,Junior Statistical Officer (JSO),Social Statistics Division (SSD),1,4.8,M.Tech Computer Science,2022-06-15,Uttar Pradesh
EMP01869,Kabir Kapoor,Junior Statistical Officer (JSO),National Accounts Division (NAD),1,2.6,M.Tech Computer Science,2024-02-08,Jharkhand
EMP01870,Darsh Tella,Assistant Director,State DES - Bihar,4,9.4,PhD Statistics,2017-08-03,West Bengal
EMP01871,Hiral Singh,Director General,National Accounts Division (NAD),9,25.5,M.Sc. Mathematics,2001-06-02,Chhattisgarh
EMP01872,Eta Mukhopadhyay,Statistical Officer (SO),State DES - Maharashtra,2,4.9,B.Sc. Statistics,2022-12-06,Himachal Pradesh
EMP01873,Lakshit Bhatti,Joint Director,National Sample Survey Office (NSSO),6,12.5,M.Sc. Data Science,2014-07-01,West Bengal
EMP01874,Aadi Ahluwalia,Director,National Sample Survey Office (NSSO),7,24.2,M.Sc. Data Science,2002-10-18,Maharashtra
EMP01875,Anjali Narayanan,Additional Director General,State DES - Tamil Nadu,8,29.2,MBA,1997-11-20,Punjab
EMP01876,Daniel Prabhu,Assistant Director,State DES - Karnataka,4,12.8,M.Tech Computer Science,2014-11-15,Telangana
EMP01877,Rudra Kapoor,Senior Statistical Officer (SSO),Social Statistics Division (SSD),3,8.5,M.Sc. Data Science,2018-05-21,Bihar
EMP01878,Lakshit Shroff,Director,National Accounts Division (NAD),7,27.0,M.A. Economics,1999-07-26,West Bengal
EMP01879,Anvi Balasubramanian,Junior Statistical Officer (JSO),State DES - Bihar,1,2.8,M.Sc. Data Science,2024-03-27,Andhra Pradesh
EMP01880,Dev Sidhu,Assistant Director,Data Informatics & Innovation Division (DIID),4,15.4,MBA,2011-12-15,Odisha
EMP01881,Aahana Kaur,Additional Director General,Social Statistics Division (SSD),8,22.4,MBA,2004-12-17,Bihar
EMP01882,Viraj Singh,Assistant Director,State DES - Karnataka,4,13.1,M.Sc. Data Science,2013-06-15,Himachal Pradesh
EMP01883,Harini Tiwari,Director,Economic Census Division (ECD),7,19.5,M.Sc. Data Science,2007-03-16,Andhra Pradesh
EMP01884,Anya Rao,Additional Director General,State DES - Karnataka,8,21.6,MBA,2005-04-07,Maharashtra
EMP01885,Hitesh Taneja,Senior Statistical Officer (SSO),State DES - Maharashtra,3,10.6,MBA,2016-08-01,Uttar Pradesh
EMP01886,Mohammed Rai,Director,National Accounts Division (NAD),7,21.8,M.Tech Computer Science,2005-03-21,Uttarakhand
EMP01887,Krishna Bhasin,Assistant Director,Social Statistics Division (SSD),4,7.5,PhD Statistics,2019-12-05,Gujarat
EMP01888,Bhavini Dani,Joint Director,State DES - Karnataka,6,19.3,B.Sc. Statistics,2007-02-03,Tamil Nadu
EMP01889,Amaira Nath,Junior Statistical Officer (JSO),National Sample Survey Office (NSSO),1,2.3,M.A. Economics,2024-04-24,Telangana
EMP01890,Harsh Rai,Deputy Director,Social Statistics Division (SSD),5,17.4,M.A. Economics,2009-08-16,Uttarakhand
EMP01891,Hitesh Talwar,Senior Statistical Officer (SSO),National Sample Survey Office (NSSO),3,6.9,M.Sc. Mathematics,2020-03-14,Bihar
EMP01892,Eta Rao,Director,State DES - Maharashtra,7,16.9,PhD Statistics,2010-12-28,Kerala
EMP01893,Ekaja Singh,Statistical Officer (SO),National Accounts Division (NAD),2,6.6,PhD Statistics,2020-01-05,Tamil Nadu
EMP01894,Bimala Kaur,Additional Director General,National Accounts Division (NAD),8,22.6,B.Sc. Statistics,2004-12-27,Uttarakhand
EMP01895,Siya Prabhu,Senior Statistical Officer (SSO),Central Statistics Office (CSO),3,8.5,PhD Statistics,2018-06-11,Uttarakhand
EMP01896,Nikita Basak,Joint Director,National Accounts Division (NAD),6,12.8,M.Tech Computer Science,2014-03-04,Andhra Pradesh
EMP01897,Libni Gill,Assistant Director,Social Statistics Division (SSD),4,15.6,M.Tech Computer Science,2011-06-20,Karnataka
EMP01898,Dayamai Dani,Junior Statistical Officer (JSO),State DES - Karnataka,1,3.5,MBA,2023-06-28,Uttar Pradesh
EMP01899,Gaurika Mody,Director General,State DES - Maharashtra,9,25.4,B.Sc. Statistics,2001-06-06,Assam
EMP01900,Charan Mandal,Assistant Director,Economic Census Division (ECD),4,13.0,PhD Statistics,2013-06-02,Madhya Pradesh
EMP01901,Parth Mital,Additional Director General,Social Statistics Division (SSD),8,25.9,B.Sc. Statistics,2001-10-01,Bihar
EMP01902,Utkarsh Bhasin,Junior Statistical Officer (JSO),Price Statistics Division (PSD),1,2.2,PhD Statistics,2024-07-02,Andhra Pradesh
EMP01903,Mohammed Mukhopadhyay,Deputy Director,Social Statistics Division (SSD),5,16.0,M.A. Economics,2010-07-14,Jharkhand
EMP01904,Leela Gupta,Senior Statistical Officer (SSO),State DES - Bihar,3,13.4,M.Tech Computer Science,2013-04-16,Chhattisgarh
EMP01905,Ranveer Krishnan,Statistical Officer (SO),State DES - Tamil Nadu,2,8.4,M.Sc. Statistics,2018-09-04,Haryana
EMP01906,Amaira Lata,Senior Statistical Officer (SSO),National Sample Survey Office (NSSO),3,12.1,M.Sc. Data Science,2014-03-12,Karnataka
EMP01907,Anjali Balasubramanian,Assistant Director,National Sample Survey Office (NSSO),4,13.8,B.Sc. Statistics,2013-12-26,West Bengal
EMP01908,Hitesh Tiwari,Statistical Officer (SO),State DES - Tamil Nadu,2,3.1,PhD Statistics,2023-11-04,Haryana
EMP01909,Bahadurjit Joshi,Junior Statistical Officer (JSO),Price Statistics Division (PSD),1,3.8,M.Sc. Statistics,2023-02-23,Uttar Pradesh
EMP01910,Nikita Nath,Director,Price Statistics Division (PSD),7,24.5,M.Sc. Data Science,2002-12-03,Maharashtra
EMP01911,Daniel Bhatti,Director General,Price Statistics Division (PSD),9,24.3,PhD Statistics,2002-12-06,Himachal Pradesh
EMP01912,Rudra Chhabra,Junior Statistical Officer (JSO),State DES - Maharashtra,1,2.8,B.Sc. Statistics,2024-03-07,Karnataka
EMP01913,Gaurika Balasubramanian,Director General,Price Statistics Division (PSD),9,28.9,M.Sc. Statistics,1998-04-06,Karnataka
EMP01914,Tejas Bhatti,Assistant Director,State DES - Tamil Nadu,4,7.6,M.Tech Computer Science,2019-07-17,Himachal Pradesh
EMP01915,Dev Chhabra,Assistant Director,Social Statistics Division (SSD),4,10.3,M.Sc. Data Science,2016-01-21,Jharkhand
EMP01916,Bimala Mukhopadhyay,Deputy Director,National Accounts Division (NAD),5,11.8,M.Sc. Statistics,2015-02-16,Maharashtra
EMP01917,Neelima Kapoor,Junior Statistical Officer (JSO),Data Informatics & Innovation Division (DIID),1,3.5,M.Sc. Statistics,2023-01-24,Odisha
EMP01918,Vedhika Samra,Joint Director,Social Statistics Division (SSD),6,19.1,M.Sc. Statistics,2007-05-24,Uttarakhand
EMP01919,Hiral Bhatti,Additional Director General,State DES - Uttar Pradesh,8,22.3,M.A. Economics,2004-05-25,Assam
EMP01920,Falak Bhatti,Director General,Price Statistics Division (PSD),9,34.0,M.Sc. Data Science,1992-03-02,Uttarakhand
EMP01921,Mohammed Sidhu,Director,State DES - Uttar Pradesh,7,20.6,M.A. Economics,2006-08-28,Andhra Pradesh
EMP01922,Ekaja Sem,Additional Director General,State DES - Bihar,8,19.8,MBA,2007-01-28,Madhya Pradesh
EMP01923,Maanas Gill,Joint Director,State DES - Tamil Nadu,6,16.6,M.Sc. Mathematics,2010-06-01,Andhra Pradesh
EMP01924,Vyanjana Gill,Senior Statistical Officer (SSO),National Accounts Division (NAD),3,5.5,M.Sc. Data Science,2021-01-13,Tamil Nadu
EMP01925,Rudra Balasubramanian,Deputy Director,Central Statistics Office (CSO),5,12.4,PhD Statistics,2014-03-10,Andhra Pradesh
EMP01926,Hiral Tripathi,Director General,Price Statistics Division (PSD),9,25.3,PhD Statistics,2001-12-16,Himachal Pradesh
EMP01927,Vyanjana De,Senior Statistical Officer (SSO),State DES - Tamil Nadu,3,8.9,B.Sc. Statistics,2018-02-03,Telangana
EMP01928,Eshana Talwar,Additional Director General,National Accounts Division (NAD),8,25.3,M.Sc. Data Science,2001-08-26,Jharkhand
EMP01929,Viraj Shukla,Additional Director General,Economic Census Division (ECD),8,18.2,M.Sc. Mathematics,2008-11-10,Haryana
EMP01930,Vedhika Murthy,Director,State DES - Karnataka,7,22.3,M.Sc. Mathematics,2004-05-11,Jharkhand
EMP01931,Lakshit Kant,Senior Statistical Officer (SSO),State DES - Uttar Pradesh,3,7.7,M.Sc. Statistics,2019-08-12,West Bengal
EMP01932,Yash Singh,Assistant Director,State DES - Bihar,4,15.4,M.Sc. Data Science,2011-11-16,Haryana
EMP01933,Yatin Krishnan,Director General,Social Statistics Division (SSD),9,26.1,M.Sc. Data Science,2000-06-26,Bihar
EMP01934,Dev Bhasin,Assistant Director,State DES - Karnataka,4,13.1,M.Sc. Data Science,2013-08-19,Gujarat
EMP01935,Rudra Basak,Junior Statistical Officer (JSO),National Sample Survey Office (NSSO),1,2.3,MBA,2024-10-11,Bihar
EMP01936,Nikita Gola,Additional Director General,State DES - Bihar,8,23.6,M.Tech Computer Science,2003-08-13,Karnataka
EMP01937,Timothy Mody,Deputy Director,Social Statistics Division (SSD),5,16.1,B.Sc. Statistics,2010-04-08,Assam
EMP01938,Dev Nath,Joint Director,State DES - Karnataka,6,16.3,PhD Statistics,2010-03-26,Chhattisgarh
EMP01939,Parth Bhatti,Additional Director General,State DES - Karnataka,8,29.8,M.Sc. Data Science,1997-10-20,Rajasthan
EMP01940,Eta Chhabra,Junior Statistical Officer (JSO),Price Statistics Division (PSD),1,3.9,M.Tech Computer Science,2023-07-14,Gujarat
EMP01941,Mohammed Seth,Junior Statistical Officer (JSO),Price Statistics Division (PSD),1,2.2,M.Sc. Mathematics,2024-01-01,Punjab
EMP01942,Jeet Mandal,Director,State DES - Uttar Pradesh,7,15.9,M.Sc. Mathematics,2011-11-13,Odisha
EMP01943,Harini Luthra,Additional Director General,National Sample Survey Office (NSSO),8,27.1,M.Tech Computer Science,1999-05-07,Odisha
EMP01944,Leela Dubey,Additional Director General,State DES - Karnataka,8,21.4,M.Sc. Mathematics,2005-01-04,Haryana
EMP01945,Charan Tiwari,Joint Director,Social Statistics Division (SSD),6,18.6,M.Sc. Mathematics,2008-12-13,Haryana
EMP01946,Harini Narayanan,Director,Data Informatics & Innovation Division (DIID),7,22.8,M.Sc. Mathematics,2004-10-27,Haryana
EMP01947,Bhavini Nazareth,Deputy Director,State DES - Karnataka,5,12.2,B.Sc. Statistics,2014-01-24,Jharkhand
EMP01948,Leela Talwar,Senior Statistical Officer (SSO),National Sample Survey Office (NSSO),3,9.0,M.Sc. Mathematics,2017-02-17,Bihar
EMP01949,Joshua Talwar,Assistant Director,Social Statistics Division (SSD),4,6.9,M.A. Economics,2020-02-14,Haryana
EMP01950,Hitesh Bali,Statistical Officer (SO),State DES - Maharashtra,2,5.4,B.Sc. Statistics,2021-07-21,Jharkhand
EMP01951,Yatin Dara,Senior Statistical Officer (SSO),National Sample Survey Office (NSSO),3,9.5,M.Sc. Data Science,2017-03-04,Odisha
EMP01952,Bhavini Tiwari,Deputy Director,Central Statistics Office (CSO),5,11.3,B.Sc. Statistics,2015-11-27,Maharashtra
EMP01953,Mohammed Chacko,Additional Director General,Price Statistics Division (PSD),8,18.5,M.Sc. Data Science,2008-03-17,Bihar
EMP01954,Eshana Bhatti,Director,State DES - Tamil Nadu,7,24.1,MBA,2002-09-25,West Bengal
EMP01955,Ranveer Dani,Junior Statistical Officer (JSO),State DES - Bihar,1,3.7,MBA,2023-02-02,Chhattisgarh
EMP01956,Kabir Dhar,Junior Statistical Officer (JSO),State DES - Karnataka,1,1.8,PhD Statistics,2025-06-23,West Bengal
EMP01957,Nikita Dhar,Joint Director,National Accounts Division (NAD),6,18.1,MBA,2008-03-18,Rajasthan
EMP01958,Krish Tella,Deputy Director,Social Statistics Division (SSD),5,11.7,MBA,2015-04-25,Uttar Pradesh
EMP01959,Amaira Borra,Joint Director,Economic Census Division (ECD),6,14.3,MBA,2012-11-10,Tamil Nadu
EMP01960,Aahana Narayanan,Additional Director General,State DES - Tamil Nadu,8,25.2,MBA,2001-03-04,Rajasthan
EMP01961,Mitali Kaur,Statistical Officer (SO),Price Statistics Division (PSD),2,7.2,M.Sc. Data Science,2019-12-24,Uttarakhand
EMP01962,Anvi Seshadri,Assistant Director,Economic Census Division (ECD),4,14.9,M.A. Economics,2012-01-21,Odisha
EMP01963,Dev Chacko,Deputy Director,Central Statistics Office (CSO),5,11.2,M.Tech Computer Science,2015-04-27,West Bengal
EMP01964,Darsh Tiwari,Joint Director,State DES - Bihar,6,14.5,MBA,2012-08-13,Haryana
EMP01965,Amaira Bali,Senior Statistical Officer (SSO),State DES - Uttar Pradesh,3,13.2,M.Tech Computer Science,2013-02-20,Gujarat
EMP01966,Anya Basak,Junior Statistical Officer (JSO),State DES - Karnataka,1,4.4,B.Sc. Statistics,2022-05-01,West Bengal
EMP01967,Anvi Prabhu,Director,National Accounts Division (NAD),7,23.7,M.Sc. Statistics,2003-06-07,Maharashtra
EMP01968,Jeet Mody,Director,Social Statistics Division (SSD),7,23.9,M.Sc. Statistics,2003-07-21,Kerala
EMP01969,Amaira Agrawal,Junior Statistical Officer (JSO),Economic Census Division (ECD),1,4.6,M.Sc. Mathematics,2022-08-26,Kerala
EMP01970,Aarush Rai,Statistical Officer (SO),State DES - Bihar,2,8.4,B.Sc. Statistics,2018-03-01,Assam
EMP01971,Eta Samra,Assistant Director,State DES - Karnataka,4,10.6,M.Tech Computer Science,2016-01-23,Kerala
EMP01972,Aadi Dasgupta,Statistical Officer (SO),National Accounts Division (NAD),2,7.1,M.Sc. Data Science,2019-07-22,Karnataka
EMP01973,Daniel Narayanan,Junior Statistical Officer (JSO),State DES - Uttar Pradesh,1,3.0,MBA,2023-01-19,Uttar Pradesh
EMP01974,Ekaja Nazareth,Statistical Officer (SO),Economic Census Division (ECD),2,8.7,M.Tech Computer Science,2018-04-26,Assam
EMP01975,Parth Narayanan,Deputy Director,Price Statistics Division (PSD),5,18.6,M.Sc. Data Science,2008-01-21,Odisha
EMP01976,Mitali Tiwari,Director,State DES - Bihar,7,21.7,PhD Statistics,2005-12-28,Gujarat
EMP01977,Utkarsh Ahluwalia,Deputy Director,State DES - Karnataka,5,12.6,M.A. Economics,2014-08-18,Odisha
EMP01978,Joshua Kant,Joint Director,State DES - Maharashtra,6,20.7,M.Sc. Mathematics,2006-12-21,Haryana
EMP01979,Neelima Shukla,Senior Statistical Officer (SSO),Social Statistics Division (SSD),3,9.8,PhD Statistics,2017-05-05,Telangana
EMP01980,Jagvi Mukhopadhyay,Additional Director General,Data Informatics & Innovation Division (DIID),8,26.1,M.A. Economics,2000-02-20,Madhya Pradesh
EMP01981,Gaurika Basak,Senior Statistical Officer (SSO),Social Statistics Division (SSD),3,7.3,PhD Statistics,2019-09-28,Odisha
EMP01982,Vedhika Luthra,Junior Statistical Officer (JSO),State DES - Tamil Nadu,1,2.4,M.Sc. Mathematics,2024-06-18,Himachal Pradesh
EMP01983,Dev Seshadri,Senior Statistical Officer (SSO),State DES - Karnataka,3,12.5,M.Sc. Mathematics,2014-12-13,Rajasthan
EMP01984,Nikita Seth,Director,State DES - Maharashtra,7,25.6,B.Sc. Statistics,2001-02-19,Jharkhand
EMP01985,Krish Borra,Director General,National Accounts Division (NAD),9,30.0,M.Sc. Data Science,1996-08-04,Haryana
EMP01986,Eshana Sandhu,Joint Director,Data Informatics & Innovation Division (DIID),6,18.6,MBA,2008-10-12,Gujarat
EMP01987,Utkarsh Shukla,Statistical Officer (SO),State DES - Tamil Nadu,2,3.6,PhD Statistics,2023-12-25,Bihar
EMP01988,Kabir Talwar,Junior Statistical Officer (JSO),State DES - Maharashtra,1,4.6,M.Sc. Statistics,2022-03-03,Assam
EMP01989,Mohammed Agrawal,Assistant Director,Economic Census Division (ECD),4,13.6,M.Sc. Data Science,2013-11-04,Chhattisgarh
EMP01990,Jagvi Mody,Junior Statistical Officer (JSO),Economic Census Division (ECD),1,1.1,M.Sc. Statistics,2025-03-27,Rajasthan
EMP01991,Timothy Mukhopadhyay,Statistical Officer (SO),State DES - Uttar Pradesh,2,2.5,M.Sc. Statistics,2024-06-22,Madhya Pradesh
EMP01992,Krishna Nath,Deputy Director,Social Statistics Division (SSD),5,12.4,M.Sc. Data Science,2014-07-20,Punjab
EMP01993,Vinaya Dasgupta,Junior Statistical Officer (JSO),Central Statistics Office (CSO),1,3.7,PhD Statistics,2023-06-01,Haryana
EMP01994,Gaurika Khare,Additional Director General,Data Informatics & Innovation Division (DIID),8,28.3,M.Sc. Statistics,1998-12-19,Madhya Pradesh
EMP01995,Bahadurjit Basak,Joint Director,State DES - Tamil Nadu,6,23.4,PhD Statistics,2003-07-02,West Bengal
EMP01996,Falak Bali,Statistical Officer (SO),State DES - Maharashtra,2,5.3,M.Sc. Statistics,2021-04-24,Karnataka
EMP01997,Hiral Talwar,Statistical Officer (SO),State DES - Bihar,2,5.2,M.A. Economics,2021-10-16,Gujarat
EMP01998,Mitali Bhatti,Deputy Director,State DES - Bihar,5,14.5,PhD Statistics,2012-10-14,Rajasthan
EMP01999,Anya Nath,Senior Statistical Officer (SSO),State DES - Tamil Nadu,3,9.9,B.Sc. Statistics,2017-08-03,Jharkhand
EMP02000,Manan Shroff,Additional Director General,State DES - Karnataka,8,21.3,MBA,2005-11-24,Chhattisgarh
EMP02001,Charan Borra,Statistical Officer (SO),State DES - Uttar Pradesh,2,6.9,M.Sc. Mathematics,2020-05-28,Odisha
EMP02002,Joshua Nazareth,Deputy Director,Data Informatics & Innovation Division (DIID),5,15.0,M.Sc. Statistics,2011-02-07,Bihar
EMP02003,Rudra Dani,Assistant Director,State DES - Bihar,4,6.1,M.Sc. Mathematics,2020-01-10,Andhra Pradesh
EMP02004,Darsh Chacko,Joint Director,State DES - Karnataka,6,22.4,PhD Statistics,2004-12-15,Gujarat
EMP02005,Dayamai Khare,Statistical Officer (SO),National Accounts Division (NAD),2,2.7,M.Sc. Mathematics,2024-10-01,Himachal Pradesh
EMP02006,Aahana Dani,Joint Director,Data Informatics & Innovation Division (DIID),6,21.5,B.Sc. Statistics,2005-12-12,Jharkhand
EMP02007,Dev Rao,Statistical Officer (SO),Central Statistics Office (CSO),2,4.9,M.Tech Computer Science,2022-09-23,Madhya Pradesh
EMP02008,Vyanjana Bains,Statistical Officer (SO),State DES - Tamil Nadu,2,2.6,M.A. Economics,2024-07-17,Assam
EMP02009,Aarush Singh,Senior Statistical Officer (SSO),National Accounts Division (NAD),3,5.2,M.Sc. Statistics,2021-03-22,Uttarakhand
EMP02010,Kabir Prabhu,Director General,Economic Census Division (ECD),9,26.5,PhD Statistics,2000-11-06,Karnataka
EMP02011,Vinaya Shukla,Statistical Officer (SO),Price Statistics Division (PSD),2,5.9,M.Sc. Data Science,2021-05-05,Bihar
EMP02012,Utkarsh Khare,Director,Central Statistics Office (CSO),7,15.1,B.Sc. Statistics,2011-09-22,Tamil Nadu
EMP02013,Parth Dhar,Director General,National Accounts Division (NAD),9,22.1,M.A. Economics,2004-08-26,Gujarat
EMP02014,Viraj Mody,Additional Director General,Price Statistics Division (PSD),8,23.7,M.Sc. Statistics,2003-07-18,Uttar Pradesh
EMP02015,Dev Tella,Director General,National Sample Survey Office (NSSO),9,32.3,M.Sc. Mathematics,1994-09-05,Bihar
EMP02016,Imaran Bali,Statistical Officer (SO),National Sample Survey Office (NSSO),2,5.3,M.Sc. Mathematics,2021-11-25,Gujarat
EMP02017,Yash Seshadri,Joint Director,Economic Census Division (ECD),6,23.3,MBA,2003-07-02,Maharashtra
EMP02018,Imaran Bhatti,Director,State DES - Tamil Nadu,7,15.3,M.A. Economics,2011-08-20,Andhra Pradesh
EMP02019,Hiral Tiwari,Assistant Director,National Accounts Division (NAD),4,13.5,PhD Statistics,2013-09-14,Himachal Pradesh
EMP02020,Jeet Tiwari,Senior Statistical Officer (SSO),State DES - Maharashtra,3,6.4,M.Tech Computer Science,2020-02-14,Assam
EMP02021,Amaira Narayanan,Director,National Sample Survey Office (NSSO),7,15.8,M.Sc. Mathematics,2011-06-09,Maharashtra
EMP02022,Krishna Krishnan,Additional Director General,Social Statistics Division (SSD),8,25.8,M.Tech Computer Science,2001-10-11,Chhattisgarh
EMP02023,Aarush Agrawal,Additional Director General,Data Informatics & Innovation Division (DIID),8,24.1,M.Sc. Mathematics,2002-06-03,Assam
EMP02024,Mohammed Dani,Joint Director,State DES - Karnataka,6,18.4,M.Sc. Statistics,2008-11-09,Kerala
EMP02025,Libni Krishnan,Deputy Director,Price Statistics Division (PSD),5,14.9,M.A. Economics,2012-04-19,Haryana
EMP02026,Kabir Sidhu,Deputy Director,Social Statistics Division (SSD),5,10.9,MBA,2016-05-20,Kerala
EMP02027,Vyanjana Chaudhuri,Assistant Director,National Accounts Division (NAD),4,13.7,M.Tech Computer Science,2013-11-22,Rajasthan
EMP02028,Siya Talwar,Director General,Price Statistics Division (PSD),9,28.6,PhD Statistics,1998-09-06,Uttarakhand
EMP02029,Eta Sandhu,Deputy Director,Price Statistics Division (PSD),5,15.4,M.A. Economics,2011-11-26,Uttar Pradesh
EMP02030,Falak Kant,Assistant Director,State DES - Bihar,4,9.9,M.Tech Computer Science,2017-08-18,Uttarakhand
EMP02031,Hitesh Balasubramanian,Deputy Director,Economic Census Division (ECD),5,15.1,M.Sc. Statistics,2011-09-13,Andhra Pradesh
EMP02032,Krish Bains,Assistant Director,Economic Census Division (ECD),4,14.1,PhD Statistics,2012-09-19,Odisha
EMP02033,Jagvi Krishnan,Director General,Price Statistics Division (PSD),9,28.8,M.Tech Computer Science,1998-07-21,Maharashtra
EMP02034,Falak Dubey,Statistical Officer (SO),Data Informatics & Innovation Division (DIID),2,5.3,M.A. Economics,2021-03-06,Tamil Nadu
EMP02035,Eta Kant,Junior Statistical Officer (JSO),National Sample Survey Office (NSSO),1,1.2,M.Tech Computer Science,2025-09-18,Tamil Nadu
EMP02036,Parth Bhatt,Statistical Officer (SO),State DES - Tamil Nadu,2,8.5,MBA,2018-01-22,Rajasthan
EMP02037,Aadi Ahluwalia,Junior Statistical Officer (JSO),State DES - Karnataka,1,1.4,M.Tech Computer Science,2025-07-08,Punjab
EMP02038,Yashvi Chacko,Deputy Director,Social Statistics Division (SSD),5,18.3,M.Sc. Data Science,2008-01-18,Bihar
EMP02039,Vinaya Bhatti,Assistant Director,Data Informatics & Innovation Division (DIID),4,7.7,M.Sc. Data Science,2019-10-01,Chhattisgarh
EMP02040,Joshua Samra,Deputy Director,National Sample Survey Office (NSSO),5,17.1,M.Sc. Statistics,2009-07-08,Gujarat
EMP02041,Zaitra Sem,Senior Statistical Officer (SSO),Price Statistics Division (PSD),3,12.9,M.Tech Computer Science,2014-01-08,Tamil Nadu
EMP02042,Varsha Agrawal,Director,State DES - Karnataka,7,22.0,MBA,2004-04-08,Odisha
EMP02043,Anya Tripathi,Statistical Officer (SO),State DES - Uttar Pradesh,2,4.9,PhD Statistics,2022-12-13,Bihar
EMP02044,Tejas Murthy,Director,Economic Census Division (ECD),7,15.3,M.Sc. Data Science,2011-07-26,Assam
EMP02045,Bimala Gola,Joint Director,State DES - Uttar Pradesh,6,15.9,MBA,2011-10-07,Odisha
EMP02046,Siya Balasubramanian,Statistical Officer (SO),State DES - Bihar,2,6.2,MBA,2020-07-07,Uttar Pradesh
EMP02047,Viraj Bhatti,Joint Director,Price Statistics Division (PSD),6,16.9,M.Tech Computer Science,2010-07-20,Gujarat
EMP02048,Bimala Dasgupta,Junior Statistical Officer (JSO),State DES - Karnataka,1,3.7,M.Sc. Data Science,2023-08-23,Karnataka
EMP02049,Dayamai Narayanan,Director,Social Statistics Division (SSD),7,21.9,MBA,2005-08-14,West Bengal
EMP02050,Lakshit Prabhu,Director,Economic Census Division (ECD),7,16.1,M.A. Economics,2010-05-12,Gujarat
EMP02051,Aarush Borra,Additional Director General,Price Statistics Division (PSD),8,19.9,M.Sc. Data Science,2007-07-12,Maharashtra
EMP02052,Charan Bali,Assistant Director,National Accounts Division (NAD),4,6.9,M.Sc. Statistics,2020-12-18,Himachal Pradesh
EMP02053,Charan Borra,Statistical Officer (SO),Economic Census Division (ECD),2,5.7,PhD Statistics,2021-05-05,Bihar
EMP02054,Tejas De,Deputy Director,National Accounts Division (NAD),5,17.7,M.Sc. Data Science,2009-05-06,Madhya Pradesh
EMP02055,Gunbir Bains,Assistant Director,State DES - Karnataka,4,14.7,B.Sc. Statistics,2012-11-26,Uttarakhand
EMP02056,Yatin Tiwari,Senior Statistical Officer (SSO),State DES - Uttar Pradesh,3,6.9,MBA,2020-04-01,Uttar Pradesh
EMP02057,Dayamai Mody,Statistical Officer (SO),National Sample Survey Office (NSSO),2,2.5,M.Tech Computer Science,2024-09-04,Uttar Pradesh
EMP02058,Timothy Sem,Director General,State DES - Bihar,9,31.1,M.Sc. Mathematics,1995-09-06,Bihar
EMP02059,Zaitra Gill,Junior Statistical Officer (JSO),National Accounts Division (NAD),1,2.3,M.Tech Computer Science,2024-01-17,Jharkhand
EMP02060,Manan Kapoor,Junior Statistical Officer (JSO),National Accounts Division (NAD),1,2.6,B.Sc. Statistics,2024-03-28,Assam
EMP02061,Maanas Singh,Joint Director,Economic Census Division (ECD),6,18.9,PhD Statistics,2008-08-06,Gujarat
EMP02062,Leela Joshi,Assistant Director,State DES - Karnataka,4,7.6,B.Sc. Statistics,2019-07-05,Karnataka
EMP02063,Krish Chhabra,Additional Director General,State DES - Uttar Pradesh,8,24.3,MBA,2002-09-24,Chhattisgarh
EMP02064,Krishna Basak,Director General,State DES - Tamil Nadu,9,27.6,M.A. Economics,1999-10-23,Himachal Pradesh
EMP02065,Hiral Mital,Director,State DES - Maharashtra,7,24.0,MBA,2002-09-28,Uttar Pradesh
EMP02066,Falak Bhatt,Junior Statistical Officer (JSO),State DES - Karnataka,1,1.8,M.A. Economics,2025-02-20,Punjab
EMP02067,Ekaja Shukla,Director,Social Statistics Division (SSD),7,19.5,B.Sc. Statistics,2007-08-07,Haryana
EMP02068,Bhavini Narayanan,Assistant Director,State DES - Tamil Nadu,4,10.4,M.Sc. Mathematics,2016-10-26,Odisha
EMP02069,Bhavini Mital,Senior Statistical Officer (SSO),Economic Census Division (ECD),3,10.5,MBA,2016-03-01,Gujarat
EMP02070,Ekaja Chacko,Additional Director General,Data Informatics & Innovation Division (DIID),8,21.0,PhD Statistics,2005-06-07,Odisha
EMP02071,Mitali Bhatt,Director,Price Statistics Division (PSD),7,26.5,M.Sc. Mathematics,2000-05-12,Tamil Nadu
EMP02072,Charan Sidhu,Additional Director General,State DES - Tamil Nadu,8,28.9,MBA,1998-10-10,Karnataka
EMP02073,Neelima Seth,Director General,Central Statistics Office (CSO),9,28.6,PhD Statistics,1998-06-11,Karnataka
EMP02074,Kabir Agrawal,Director General,National Sample Survey Office (NSSO),9,24.0,M.Sc. Mathematics,2002-05-02,Chhattisgarh
EMP02075,Amaira Chaudhary,Assistant Director,Social Statistics Division (SSD),4,12.3,B.Sc. Statistics,2014-07-11,Odisha
EMP02076,Dayamai Murthy,Additional Director General,Social Statistics Division (SSD),8,22.2,M.Tech Computer Science,2004-01-26,Telangana
EMP02077,Gunbir Dhar,Statistical Officer (SO),State DES - Uttar Pradesh,2,8.2,MBA,2018-01-22,Jharkhand
EMP02078,Timothy Taneja,Director General,National Accounts Division (NAD),9,22.8,MBA,2004-11-23,Haryana
EMP02079,Aahana Sandhu,Deputy Director,Price Statistics Division (PSD),5,10.4,M.Sc. Statistics,2016-07-09,Himachal Pradesh
EMP02080,Krishna Chacko,Junior Statistical Officer (JSO),Central Statistics Office (CSO),1,1.2,M.Sc. Mathematics,2025-07-19,Rajasthan
EMP02081,Kabir Shukla,Senior Statistical Officer (SSO),State DES - Karnataka,3,8.3,M.Tech Computer Science,2018-01-03,Rajasthan
EMP02082,Joshua Tripathi,Junior Statistical Officer (JSO),State DES - Uttar Pradesh,1,2.1,M.Sc. Statistics,2024-08-06,Gujarat
EMP02083,Libni Mukhopadhyay,Additional Director General,State DES - Tamil Nadu,8,19.4,PhD Statistics,2007-10-24,Haryana
EMP02084,Siya Tripathi,Additional Director General,Economic Census Division (ECD),8,29.5,M.A. Economics,1997-09-05,Haryana
EMP02085,Varsha Mukhopadhyay,Director General,State DES - Karnataka,9,30.2,M.Sc. Data Science,1996-01-14,Gujarat
EMP02086,Rudra Krishnan,Joint Director,Economic Census Division (ECD),6,23.3,PhD Statistics,2003-01-19,Andhra Pradesh
EMP02087,Anvi Lata,Deputy Director,National Accounts Division (NAD),5,10.1,M.Sc. Data Science,2016-04-15,Gujarat
EMP02088,Ekaja Balasubramanian,Statistical Officer (SO),State DES - Maharashtra,2,6.9,M.A. Economics,2020-12-13,Madhya Pradesh
EMP02089,Yash Bhasin,Joint Director,Price Statistics Division (PSD),6,15.6,M.Sc. Mathematics,2011-08-22,Himachal Pradesh
EMP02090,Anjali Mani,Joint Director,Central Statistics Office (CSO),6,23.1,MBA,2003-07-05,Andhra Pradesh
EMP02091,Yash Dasgupta,Junior Statistical Officer (JSO),Social Statistics Division (SSD),1,2.3,M.Sc. Statistics,2024-04-16,Punjab
EMP02092,Bimala Dani,Director,Data Informatics & Innovation Division (DIID),7,22.1,MBA,2004-05-08,Gujarat
EMP02093,Bahadurjit Lata,Senior Statistical Officer (SSO),State DES - Karnataka,3,7.4,M.A. Economics,2019-07-28,Uttarakhand
EMP02094,Nikita Goswami,Statistical Officer (SO),State DES - Bihar,2,2.6,B.Sc. Statistics,2024-09-14,Bihar
EMP02095,Falak Kapoor,Statistical Officer (SO),State DES - Bihar,2,8.5,M.Sc. Mathematics,2018-01-16,Maharashtra
EMP02096,Darsh Nazareth,Senior Statistical Officer (SSO),Social Statistics Division (SSD),3,6.9,M.A. Economics,2020-02-02,Uttarakhand
EMP02097,Joshua Kapoor,Deputy Director,Central Statistics Office (CSO),5,12.3,M.Sc. Statistics,2014-10-01,Maharashtra
EMP02098,Jagvi Mody,Senior Statistical Officer (SSO),State DES - Uttar Pradesh,3,13.0,M.Sc. Statistics,2013-10-10,Kerala
EMP02099,Bahadurjit Seshadri,Director General,State DES - Karnataka,9,22.9,M.Tech Computer Science,2004-02-15,Bihar
EMP02100,Amaira Tripathi,Deputy Director,State DES - Bihar,5,10.6,M.Sc. Statistics,2016-10-08,Assam
EMP02101,Mohammed Chhabra,Junior Statistical Officer (JSO),Social Statistics Division (SSD),1,2.6,M.Sc. Mathematics,2024-08-12,Assam
EMP02102,Manan Agrawal,Deputy Director,Data Informatics & Innovation Division (DIID),5,15.5,MBA,2011-05-22,Gujarat
EMP02103,Eshana Rai,Assistant Director,State DES - Bihar,4,10.6,M.Sc. Mathematics,2016-02-02,Maharashtra
EMP02104,Vinaya Basak,Statistical Officer (SO),State DES - Uttar Pradesh,2,3.0,M.Sc. Mathematics,2023-12-03,Bihar
EMP02105,Ranveer Mani,Joint Director,State DES - Karnataka,6,20.3,M.Sc. Data Science,2006-07-14,Assam
EMP02106,Eta Mandal,Director General,Economic Census Division (ECD),9,30.8,M.Sc. Data Science,1996-11-02,Assam
EMP02107,Siya Luthra,Director,National Sample Survey Office (NSSO),7,17.3,B.Sc. Statistics,2009-05-13,Maharashtra
EMP02108,Darsh Seth,Additional Director General,Data Informatics & Innovation Division (DIID),8,23.6,M.A. Economics,2003-03-27,Odisha
EMP02109,Eshana Mital,Director,State DES - Karnataka,7,22.9,M.Sc. Mathematics,2004-03-09,West Bengal
EMP02110,Yash Samra,Additional Director General,Social Statistics Division (SSD),8,28.5,M.Sc. Mathematics,1998-03-08,Maharashtra
EMP02111,Manan Dubey,Additional Director General,Price Statistics Division (PSD),8,29.5,M.Sc. Mathematics,1997-01-25,Madhya Pradesh
EMP02112,Krish Tella,Joint Director,State DES - Karnataka,6,20.5,M.A. Economics,2006-01-04,Haryana
EMP02113,Rudra Mani,Director General,National Accounts Division (NAD),9,24.4,M.A. Economics,2002-05-17,Jharkhand
EMP02114,Krishna Basak,Director General,State DES - Karnataka,9,33.9,M.Sc. Data Science,1993-12-26,Madhya Pradesh
EMP02115,Mitali Sem,Director General,State DES - Uttar Pradesh,9,25.5,B.Sc. Statistics,2001-06-01,Punjab
EMP02116,Yash Dhar,Statistical Officer (SO),Data Informatics & Innovation Division (DIID),2,5.3,PhD Statistics,2021-10-08,Himachal Pradesh
EMP02117,Libni Bhatti,Assistant Director,Economic Census Division (ECD),4,10.5,B.Sc. Statistics,2016-11-19,Gujarat
EMP02118,Gaurika Dara,Deputy Director,Price Statistics Division (PSD),5,9.0,B.Sc. Statistics,2017-08-08,Gujarat
EMP02119,Krishna Nath,Director,National Sample Survey Office (NSSO),7,15.6,M.Tech Computer Science,2011-09-14,Chhattisgarh
EMP02120,Amaira Chaudhary,Deputy Director,State DES - Tamil Nadu,5,16.7,B.Sc. Statistics,2010-10-07,Assam
EMP02121,Rushil Chaudhuri,Director General,National Sample Survey Office (NSSO),9,25.5,M.Sc. Data Science,2001-09-24,Andhra Pradesh
EMP02122,Hitesh Shroff,Director General,Central Statistics Office (CSO),9,29.9,MBA,1997-06-21,Karnataka
EMP02123,Zaitra Dasgupta,Junior Statistical Officer (JSO),State DES - Bihar,1,1.4,M.Tech Computer Science,2025-11-10,Uttar Pradesh
EMP02124,Varsha Borra,Director,Data Informatics & Innovation Division (DIID),7,16.9,M.Sc. Data Science,2010-06-04,Uttar Pradesh
EMP02125,Bhavini Chhabra,Deputy Director,State DES - Bihar,5,19.0,M.Sc. Statistics,2007-03-28,Karnataka
EMP02126,Eta Tripathi,Junior Statistical Officer (JSO),National Sample Survey Office (NSSO),1,4.8,M.Tech Computer Science,2022-02-25,Uttar Pradesh
EMP02127,Aahana Gupta,Statistical Officer (SO),State DES - Maharashtra,2,5.5,PhD Statistics,2021-02-16,Jharkhand
EMP02128,Varsha Murthy,Deputy Director,Social Statistics Division (SSD),5,16.9,M.Sc. Statistics,2010-03-13,Telangana
EMP02129,Dayamai Mody,Director General,State DES - Bihar,9,33.3,B.Sc. Statistics,1993-02-03,Himachal Pradesh
EMP02130,Joshua Balasubramanian,Joint Director,State DES - Bihar,6,13.9,M.Sc. Data Science,2013-11-12,Assam
EMP02131,Amaira Gupta,Director,Data Informatics & Innovation Division (DIID),7,24.5,M.Sc. Statistics,2002-07-07,Jharkhand
EMP02132,Joshua Mody,Additional Director General,State DES - Bihar,8,27.3,M.Sc. Statistics,1999-11-25,Gujarat
EMP02133,Falak Taneja,Additional Director General,State DES - Tamil Nadu,8,22.6,M.A. Economics,2004-01-02,Rajasthan
EMP02134,Aahana Mody,Junior Statistical Officer (JSO),Central Statistics Office (CSO),1,3.3,M.A. Economics,2023-07-24,Haryana
EMP02135,Hiral Nath,Joint Director,National Sample Survey Office (NSSO),6,22.3,M.Sc. Mathematics,2004-10-17,Tamil Nadu
EMP02136,Harini Mani,Statistical Officer (SO),State DES - Uttar Pradesh,2,6.2,PhD Statistics,2020-09-24,Chhattisgarh
EMP02137,Bhavini Gupta,Statistical Officer (SO),Central Statistics Office (CSO),2,6.4,M.A. Economics,2020-05-18,Gujarat
EMP02138,Jagvi De,Deputy Director,National Sample Survey Office (NSSO),5,9.4,B.Sc. Statistics,2017-11-05,Punjab
EMP02139,Mohammed Borra,Director,Economic Census Division (ECD),7,27.0,M.A. Economics,1999-02-17,Madhya Pradesh
EMP02140,Siya Bains,Additional Director General,Economic Census Division (ECD),8,21.7,MBA,2005-01-10,West Bengal
EMP02141,Eshana Shroff,Statistical Officer (SO),State DES - Maharashtra,2,8.1,M.Sc. Statistics,2018-02-04,Telangana
EMP02142,Gaurika Mani,Joint Director,National Sample Survey Office (NSSO),6,15.8,M.Sc. Mathematics,2011-04-19,Uttarakhand
EMP02143,Dayamai Samra,Assistant Director,Economic Census Division (ECD),4,6.5,M.Sc. Statistics,2020-10-28,Chhattisgarh
EMP02144,Mohammed Rao,Deputy Director,State DES - Tamil Nadu,5,18.1,M.Tech Computer Science,2008-07-25,Tamil Nadu
EMP02145,Libni Nazareth,Deputy Director,Data Informatics & Innovation Division (DIID),5,18.2,M.Sc. Statistics,2008-05-24,Haryana
EMP02146,Charan Bhatt,Statistical Officer (SO),State DES - Karnataka,2,2.7,B.Sc. Statistics,2024-08-02,Tamil Nadu
EMP02147,Rudra Lata,Joint Director,National Sample Survey Office (NSSO),6,16.9,M.Tech Computer Science,2010-10-18,Uttar Pradesh
EMP02148,Ekaja Gill,Assistant Director,National Accounts Division (NAD),4,6.8,M.Sc. Mathematics,2020-12-28,Uttarakhand
EMP02149,Anya Tella,Junior Statistical Officer (JSO),State DES - Bihar,1,2.9,M.Sc. Mathematics,2024-12-27,Uttar Pradesh
EMP02150,Imaran Mukhopadhyay,Director General,Data Informatics & Innovation Division (DIID),9,24.9,B.Sc. Statistics,2002-05-19,Jharkhand
EMP02151,Yatin Sandhu,Assistant Director,Price Statistics Division (PSD),4,10.9,B.Sc. Statistics,2016-04-20,Madhya Pradesh
EMP02152,Varsha Kaur,Assistant Director,Economic Census Division (ECD),4,14.3,M.A. Economics,2012-07-19,Bihar
EMP02153,Yash Dhar,Deputy Director,State DES - Karnataka,5,11.7,M.Sc. Statistics,2015-05-21,Madhya Pradesh
EMP02154,Amaira Dani,Junior Statistical Officer (JSO),Data Informatics & Innovation Division (DIID),1,4.9,M.Sc. Data Science,2022-12-05,Kerala
EMP02155,Aadi Shroff,Statistical Officer (SO),Price Statistics Division (PSD),2,8.8,M.Sc. Mathematics,2018-04-08,Maharashtra
EMP02156,Utkarsh Nazareth,Statistical Officer (SO),National Accounts Division (NAD),2,6.8,M.Sc. Data Science,2020-02-19,Kerala
EMP02157,Krish Mandal,Assistant Director,State DES - Bihar,4,13.2,B.Sc. Statistics,2013-02-11,Madhya Pradesh
EMP02158,Viraj Prabhu,Senior Statistical Officer (SSO),State DES - Tamil Nadu,3,5.5,M.Sc. Statistics,2021-06-14,Telangana
EMP02159,Daniel Chaudhuri,Director General,State DES - Uttar Pradesh,9,30.2,M.Sc. Data Science,1996-04-13,Bihar
EMP02160,Neelima Mody,Assistant Director,Economic Census Division (ECD),4,10.9,MBA,2016-05-01,Maharashtra
EMP02161,Vyanjana Sem,Senior Statistical Officer (SSO),Central Statistics Office (CSO),3,4.6,PhD Statistics,2022-05-07,Jharkhand
EMP02162,Yash Joshi,Deputy Director,Economic Census Division (ECD),5,10.4,M.Sc. Mathematics,2016-01-16,Madhya Pradesh
EMP02163,Yatin Bali,Director General,State DES - Uttar Pradesh,9,22.8,M.A. Economics,2004-11-08,Punjab
EMP02164,Aahana Mody,Deputy Director,Data Informatics & Innovation Division (DIID),5,17.4,M.Tech Computer Science,2009-08-08,Uttar Pradesh
EMP02165,Aahana Kapoor,Senior Statistical Officer (SSO),Price Statistics Division (PSD),3,4.2,PhD Statistics,2022-04-18,Andhra Pradesh
EMP02166,Manan Mandal,Senior Statistical Officer (SSO),State DES - Bihar,3,5.1,M.A. Economics,2021-05-23,Jharkhand
EMP02167,Anya Krishnan,Director General,State DES - Bihar,9,31.6,MBA,1995-02-19,West Bengal
EMP02168,Bimala Goswami,Assistant Director,Economic Census Division (ECD),4,15.0,M.Sc. Data Science,2011-10-19,Chhattisgarh
EMP02169,Dayamai Gola,Senior Statistical Officer (SSO),State DES - Maharashtra,3,10.3,B.Sc. Statistics,2016-01-11,Bihar
EMP02170,Timothy Khare,Director General,Social Statistics Division (SSD),9,27.0,B.Sc. Statistics,1999-04-06,Assam
EMP02171,Anya Sandhu,Deputy Director,Data Informatics & Innovation Division (DIID),5,16.2,M.Tech Computer Science,2010-10-07,Kerala
EMP02172,Dev Dara,Joint Director,State DES - Uttar Pradesh,6,13.2,M.Sc. Data Science,2013-06-02,Gujarat
EMP02173,Tejas Gupta,Joint Director,Price Statistics Division (PSD),6,17.7,M.A. Economics,2009-04-14,Assam
EMP02174,Harini Narayanan,Statistical Officer (SO),National Accounts Division (NAD),2,2.7,M.Sc. Data Science,2024-01-07,Madhya Pradesh
EMP02175,Mitali Shukla,Director General,National Sample Survey Office (NSSO),9,34.0,M.Sc. Statistics,1992-08-23,Chhattisgarh
EMP02176,Maanas Chacko,Assistant Director,National Sample Survey Office (NSSO),4,8.2,B.Sc. Statistics,2018-01-19,Kerala
EMP02177,Yash Joshi,Deputy Director,State DES - Uttar Pradesh,5,15.4,M.Sc. Data Science,2011-06-08,Karnataka
EMP02178,Bahadurjit Joshi,Statistical Officer (SO),State DES - Karnataka,2,7.6,M.Sc. Data Science,2019-08-23,Maharashtra
EMP02179,Parth Rao,Senior Statistical Officer (SSO),State DES - Bihar,3,10.6,B.Sc. Statistics,2016-04-26,Assam
EMP02180,Yash Basak,Joint Director,State DES - Maharashtra,6,13.2,M.Sc. Data Science,2013-05-01,Uttarakhand
EMP02181,Vyanjana Khare,Joint Director,State DES - Uttar Pradesh,6,23.2,M.Sc. Mathematics,2003-12-04,West Bengal
EMP02182,Dev Bhasin,Junior Statistical Officer (JSO),Price Statistics Division (PSD),1,3.7,M.Sc. Mathematics,2023-04-24,Uttar Pradesh
EMP02183,Mitali Sandhu,Senior Statistical Officer (SSO),Price Statistics Division (PSD),3,6.0,M.Sc. Data Science,2020-05-15,Bihar
EMP02184,Charan Chaudhuri,Additional Director General,National Accounts Division (NAD),8,20.7,B.Sc. Statistics,2006-12-24,Tamil Nadu
EMP02185,Viraj Kant,Deputy Director,Data Informatics & Innovation Division (DIID),5,17.3,M.Sc. Mathematics,2009-03-16,Karnataka
EMP02186,Daniel Nath,Senior Statistical Officer (SSO),State DES - Maharashtra,3,7.7,M.Sc. Mathematics,2019-02-03,Madhya Pradesh
EMP02187,Bhavini Luthra,Assistant Director,Data Informatics & Innovation Division (DIID),4,6.7,M.Sc. Statistics,2020-04-23,Madhya Pradesh
EMP02188,Jagvi Luthra,Deputy Director,State DES - Bihar,5,16.1,M.A. Economics,2010-03-27,Odisha
EMP02189,Amaira Rao,Assistant Director,Data Informatics & Innovation Division (DIID),4,15.5,M.Sc. Mathematics,2011-08-09,Himachal Pradesh
EMP02190,Eshana Borra,Assistant Director,Central Statistics Office (CSO),4,15.3,M.Sc. Data Science,2011-05-13,Andhra Pradesh
EMP02191,Timothy Rao,Additional Director General,State DES - Karnataka,8,29.1,M.Sc. Statistics,1997-01-08,Bihar
EMP02192,Utkarsh Khare,Director General,National Sample Survey Office (NSSO),9,33.4,PhD Statistics,1993-11-19,Andhra Pradesh
EMP02193,Leela Mital,Senior Statistical Officer (SSO),National Accounts Division (NAD),3,4.5,M.Sc. Data Science,2022-04-02,Bihar
EMP02194,Manan Tripathi,Director General,Price Statistics Division (PSD),9,32.6,M.Sc. Statistics,1994-09-18,Haryana
EMP02195,Nikita Borra,Deputy Director,National Accounts Division (NAD),5,12.3,M.Sc. Mathematics,2014-07-16,Maharashtra
EMP02196,Tejas Seshadri,Assistant Director,Price Statistics Division (PSD),4,7.4,M.Sc. Statistics,2019-03-20,Jharkhand
EMP02197,Aahana Bains,Director,State DES - Maharashtra,7,23.7,M.Sc. Statistics,2003-08-06,Haryana
EMP02198,Vedhika Krishnan,Joint Director,Central Statistics Office (CSO),6,12.4,B.Sc. Statistics,2014-12-01,West Bengal
EMP02199,Nikita Bhatti,Senior Statistical Officer (SSO),State DES - Tamil Nadu,3,11.6,M.Sc. Statistics,2015-12-07,Karnataka
EMP02200,Rudra Lata,Statistical Officer (SO),State DES - Maharashtra,2,5.1,M.A. Economics,2021-11-24,Maharashtra
EMP02201,Amaira Narayanan,Senior Statistical Officer (SSO),Social Statistics Division (SSD),3,13.9,MBA,2013-09-21,Tamil Nadu
EMP02202,Ranveer Bali,Deputy Director,National Sample Survey Office (NSSO),5,11.6,M.Sc. Mathematics,2015-11-19,Himachal Pradesh
EMP02203,Rushil Dasgupta,Deputy Director,National Sample Survey Office (NSSO),5,13.9,M.Sc. Mathematics,2013-05-17,Uttar Pradesh
EMP02204,Bahadurjit Gill,Junior Statistical Officer (JSO),State DES - Uttar Pradesh,1,2.3,B.Sc. Statistics,2024-07-15,Jharkhand
EMP02205,Amaira Nazareth,Junior Statistical Officer (JSO),Economic Census Division (ECD),1,1.0,M.Sc. Data Science,2025-06-21,Andhra Pradesh
EMP02206,Hitesh Samra,Joint Director,Economic Census Division (ECD),6,20.7,M.Sc. Mathematics,2006-07-19,Andhra Pradesh
EMP02207,Eta Singh,Director,Economic Census Division (ECD),7,16.8,M.Sc. Data Science,2010-06-22,Haryana
EMP02208,Charan Kant,Deputy Director,State DES - Karnataka,5,17.2,MBA,2009-09-23,Maharashtra
EMP02209,Mitali Tella,Additional Director General,Price Statistics Division (PSD),8,18.6,M.Sc. Data Science,2008-10-28,Madhya Pradesh
EMP02210,Bahadurjit Taneja,Additional Director General,Central Statistics Office (CSO),8,25.4,M.Sc. Mathematics,2001-02-02,Bihar
EMP02211,Parth Lata,Junior Statistical Officer (JSO),Data Informatics & Innovation Division (DIID),1,4.7,M.Tech Computer Science,2022-02-18,Jharkhand
EMP02212,Aarush Gola,Junior Statistical Officer (JSO),State DES - Bihar,1,2.0,M.Tech Computer Science,2024-09-16,Uttar Pradesh
EMP02213,Falak Basak,Assistant Director,Data Informatics & Innovation Division (DIID),4,11.2,M.Sc. Data Science,2015-11-03,Jharkhand
EMP02214,Krishna Krishnan,Assistant Director,National Sample Survey Office (NSSO),4,7.5,M.Sc. Mathematics,2019-10-22,Andhra Pradesh
EMP02215,Ranveer Sandhu,Senior Statistical Officer (SSO),State DES - Tamil Nadu,3,9.2,M.Tech Computer Science,2017-05-06,Madhya Pradesh
EMP02216,Amaira Singh,Director,National Accounts Division (NAD),7,24.1,M.A. Economics,2002-07-07,Jharkhand
EMP02217,Anya Agrawal,Deputy Director,Central Statistics Office (CSO),5,9.8,MBA,2017-11-13,Punjab
EMP02218,Joshua Sidhu,Joint Director,Central Statistics Office (CSO),6,21.1,M.Sc. Mathematics,2005-04-24,Andhra Pradesh
EMP02219,Vedhika Kant,Joint Director,National Accounts Division (NAD),6,18.5,M.Tech Computer Science,2008-12-01,Rajasthan
EMP02220,Varsha Samra,Additional Director General,Data Informatics & Innovation Division (DIID),8,22.5,M.Tech Computer Science,2004-09-19,Punjab
EMP02221,Jagvi Gola,Director General,Central Statistics Office (CSO),9,33.0,M.Sc. Data Science,1993-06-08,Tamil Nadu
EMP02222,Harini Khare,Director General,Economic Census Division (ECD),9,28.2,M.A. Economics,1998-08-20,Bihar
EMP02223,Hiral Khare,Junior Statistical Officer (JSO),Social Statistics Division (SSD),1,3.7,B.Sc. Statistics,2023-11-21,Punjab
EMP02224,Charan Tripathi,Deputy Director,Price Statistics Division (PSD),5,11.4,M.Sc. Data Science,2015-04-27,Telangana
EMP02225,Gunbir Borra,Joint Director,National Sample Survey Office (NSSO),6,22.6,MBA,2004-03-26,Gujarat
EMP02226,Anya Samra,Statistical Officer (SO),State DES - Uttar Pradesh,2,7.0,PhD Statistics,2019-09-02,Tamil Nadu
EMP02227,Amaira Mody,Assistant Director,State DES - Tamil Nadu,4,11.9,M.Sc. Data Science,2015-04-05,Assam
EMP02228,Krishna Mandal,Joint Director,Central Statistics Office (CSO),6,24.0,MBA,2002-12-03,Maharashtra
EMP02229,Nikita Bali,Director General,Social Statistics Division (SSD),9,28.0,MBA,1998-08-17,Tamil Nadu
EMP02230,Tejas Shukla,Director General,State DES - Maharashtra,9,30.6,B.Sc. Statistics,1996-03-07,West Bengal
EMP02231,Jagvi Narayanan,Junior Statistical Officer (JSO),Social Statistics Division (SSD),1,3.3,MBA,2023-09-05,Tamil Nadu
EMP02232,Hiral Dubey,Director General,Price Statistics Division (PSD),9,33.1,MBA,1993-08-21,Haryana
EMP02233,Mohammed Dani,Deputy Director,State DES - Karnataka,5,16.3,M.Sc. Statistics,2010-01-20,Madhya Pradesh
EMP02234,Vedhika Rai,Director,Social Statistics Division (SSD),7,19.4,M.Sc. Mathematics,2007-02-10,Maharashtra
EMP02235,Amaira Bains,Statistical Officer (SO),State DES - Tamil Nadu,2,8.1,M.Tech Computer Science,2018-09-10,Tamil Nadu
EMP02236,Yashvi Chacko,Director,Social Statistics Division (SSD),7,21.4,B.Sc. Statistics,2005-03-25,Uttarakhand
EMP02237,Yash Mody,Senior Statistical Officer (SSO),National Accounts Division (NAD),3,12.1,M.Sc. Data Science,2014-10-17,Himachal Pradesh
EMP02238,Harsh Bains,Assistant Director,Social Statistics Division (SSD),4,10.5,M.A. Economics,2016-02-03,Madhya Pradesh
EMP02239,Gaurika Nazareth,Deputy Director,State DES - Maharashtra,5,10.3,MBA,2016-06-21,Maharashtra
EMP02240,Amaira Mani,Joint Director,Data Informatics & Innovation Division (DIID),6,14.9,MBA,2012-12-02,Madhya Pradesh
EMP02241,Gunbir Khare,Statistical Officer (SO),National Accounts Division (NAD),2,2.8,MBA,2024-01-07,West Bengal
EMP02242,Imaran Ahluwalia,Director General,Social Statistics Division (SSD),9,32.6,MBA,1994-10-03,Andhra Pradesh
EMP02243,Jagvi Tiwari,Junior Statistical Officer (JSO),State DES - Tamil Nadu,1,2.5,PhD Statistics,2024-06-24,Karnataka
EMP02244,Viraj Goswami,Senior Statistical Officer (SSO),Economic Census Division (ECD),3,11.7,M.A. Economics,2015-01-27,Telangana
EMP02245,Vyanjana Chaudhary,Director General,State DES - Karnataka,9,24.2,M.Sc. Statistics,2002-11-28,Assam
EMP02246,Falak De,Director General,National Accounts Division (NAD),9,29.7,M.Sc. Data Science,1997-05-10,Jharkhand
EMP02247,Utkarsh Nazareth,Statistical Officer (SO),State DES - Maharashtra,2,3.7,B.Sc. Statistics,2023-08-25,Jharkhand
EMP02248,Kabir Gupta,Deputy Director,State DES - Tamil Nadu,5,11.4,M.Sc. Mathematics,2015-01-07,Madhya Pradesh
EMP02249,Yashvi Mandal,Joint Director,National Sample Survey Office (NSSO),6,19.4,B.Sc. Statistics,2007-11-12,Tamil Nadu
EMP02250,Aahana Khare,Junior Statistical Officer (JSO),Central Statistics Office (CSO),1,3.4,M.A. Economics,2023-10-23,Uttarakhand
EMP02251,Anjali Lata,Deputy Director,National Accounts Division (NAD),5,11.9,B.Sc. Statistics,2015-05-19,Odisha
EMP02252,Dayamai Luthra,Director,State DES - Bihar,7,24.1,MBA,2002-10-26,Himachal Pradesh
EMP02253,Daniel Tiwari,Deputy Director,State DES - Tamil Nadu,5,17.3,PhD Statistics,2009-09-10,Karnataka
EMP02254,Harsh Rao,Joint Director,State DES - Tamil Nadu,6,19.0,M.Sc. Data Science,2007-06-19,Bihar
EMP02255,Anya Chhabra,Junior Statistical Officer (JSO),Economic Census Division (ECD),1,4.1,M.Sc. Data Science,2022-04-04,Uttar Pradesh
EMP02256,Darsh Seshadri,Assistant Director,National Accounts Division (NAD),4,8.9,MBA,2018-10-18,Andhra Pradesh
EMP02257,Charan Shukla,Junior Statistical Officer (JSO),State DES - Uttar Pradesh,1,5.0,M.Sc. Mathematics,2021-11-04,Andhra Pradesh
EMP02258,Mitali Bali,Director,Central Statistics Office (CSO),7,26.7,PhD Statistics,2000-12-07,Uttar Pradesh
EMP02259,Anvi Taneja,Assistant Director,Price Statistics Division (PSD),4,11.2,M.A. Economics,2015-06-21,Himachal Pradesh
EMP02260,Zaitra Kapoor,Director General,State DES - Maharashtra,9,23.7,B.Sc. Statistics,2003-01-12,Punjab
EMP02261,Yash Basak,Statistical Officer (SO),State DES - Bihar,2,8.9,MBA,2018-01-18,Haryana
EMP02262,Dayamai Tripathi,Senior Statistical Officer (SSO),Social Statistics Division (SSD),3,8.1,M.Sc. Mathematics,2018-11-09,Madhya Pradesh
EMP02263,Nikita Gill,Director General,Data Informatics & Innovation Division (DIID),9,26.6,M.A. Economics,2000-11-03,Madhya Pradesh
EMP02264,Libni Seshadri,Assistant Director,State DES - Uttar Pradesh,4,6.1,MBA,2020-11-27,Tamil Nadu
EMP02265,Vedhika Basak,Senior Statistical Officer (SSO),State DES - Maharashtra,3,11.7,M.A. Economics,2015-06-25,Uttarakhand
EMP02266,Eta Borra,Assistant Director,Data Informatics & Innovation Division (DIID),4,13.8,M.Sc. Mathematics,2013-10-26,Gujarat
EMP02267,Timothy Agrawal,Director General,Central Statistics Office (CSO),9,25.3,B.Sc. Statistics,2001-08-25,Uttar Pradesh
EMP02268,Yashvi Nath,Junior Statistical Officer (JSO),State DES - Maharashtra,1,3.7,MBA,2023-07-13,Himachal Pradesh
EMP02269,Anjali Ahluwalia,Statistical Officer (SO),Data Informatics & Innovation Division (DIID),2,7.8,M.Sc. Data Science,2019-02-22,Karnataka
EMP02270,Kabir Seth,Joint Director,Central Statistics Office (CSO),6,21.9,B.Sc. Statistics,2005-07-17,Karnataka
EMP02271,Charan Murthy,Deputy Director,State DES - Tamil Nadu,5,9.8,M.Sc. Statistics,2017-01-15,Haryana
EMP02272,Yash Mani,Senior Statistical Officer (SSO),State DES - Maharashtra,3,12.6,M.Sc. Data Science,2014-08-21,Uttarakhand
EMP02273,Yash Tella,Senior Statistical Officer (SSO),Social Statistics Division (SSD),3,4.5,M.Sc. Data Science,2022-05-01,Kerala
EMP02274,Ekaja Dani,Additional Director General,Economic Census Division (ECD),8,23.3,MBA,2003-01-23,Uttar Pradesh
EMP02275,Aahana Basak,Senior Statistical Officer (SSO),Data Informatics & Innovation Division (DIID),3,11.3,M.Sc. Mathematics,2015-03-12,Himachal Pradesh
EMP02276,Amaira Taneja,Statistical Officer (SO),State DES - Uttar Pradesh,2,7.2,PhD Statistics,2019-01-06,Andhra Pradesh
EMP02277,Aadi Khare,Statistical Officer (SO),Economic Census Division (ECD),2,7.4,B.Sc. Statistics,2019-09-22,Andhra Pradesh
EMP02278,Rushil Borra,Statistical Officer (SO),Price Statistics Division (PSD),2,8.8,M.Sc. Data Science,2018-04-03,Odisha
EMP02279,Libni Bhatt,Joint Director,National Accounts Division (NAD),6,16.3,M.Sc. Data Science,2010-07-04,Telangana
EMP02280,Mitali Rao,Statistical Officer (SO),Price Statistics Division (PSD),2,5.2,M.Sc. Mathematics,2021-02-20,Tamil Nadu
EMP02281,Joshua Nath,Director,Data Informatics & Innovation Division (DIID),7,16.4,M.Sc. Data Science,2010-11-11,Jharkhand
EMP02282,Maanas Sem,Additional Director General,Social Statistics Division (SSD),8,24.6,MBA,2002-04-07,Tamil Nadu
EMP02283,Aahana Bains,Director General,Economic Census Division (ECD),9,25.6,B.Sc. Statistics,2001-10-11,Uttar Pradesh
EMP02284,Charan Balasubramanian,Director,Central Statistics Office (CSO),7,18.5,M.Sc. Statistics,2008-05-10,Madhya Pradesh
EMP02285,Charan Singh,Additional Director General,Economic Census Division (ECD),8,20.5,M.Sc. Statistics,2006-08-18,Andhra Pradesh
EMP02286,Anya Balasubramanian,Additional Director General,State DES - Uttar Pradesh,8,26.9,M.Sc. Mathematics,2000-02-01,Uttar Pradesh
EMP02287,Hiral Luthra,Statistical Officer (SO),State DES - Karnataka,2,8.1,M.Sc. Mathematics,2018-11-07,Tamil Nadu
EMP02288,Gaurika Gola,Director,State DES - Maharashtra,7,17.1,M.A. Economics,2009-12-22,Assam
EMP02289,Amaira Prabhu,Assistant Director,Price Statistics Division (PSD),4,13.6,M.Sc. Data Science,2013-09-06,Tamil Nadu
EMP02290,Rushil Mukhopadhyay,Joint Director,Social Statistics Division (SSD),6,16.9,M.Sc. Data Science,2010-08-24,Uttarakhand
EMP02291,Amaira Dani,Director General,Data Informatics & Innovation Division (DIID),9,30.6,MBA,1996-08-16,Tamil Nadu
EMP02292,Mohammed Ahluwalia,Director,State DES - Uttar Pradesh,7,25.3,M.Sc. Data Science,2001-09-25,Andhra Pradesh
EMP02293,Dayamai Balasubramanian,Junior Statistical Officer (JSO),Central Statistics Office (CSO),1,2.5,MBA,2024-03-03,Chhattisgarh
EMP02294,Varsha Seshadri,Senior Statistical Officer (SSO),State DES - Tamil Nadu,3,5.8,M.A. Economics,2021-11-06,Haryana
EMP02295,Nikita Dara,Joint Director,Social Statistics Division (SSD),6,12.2,PhD Statistics,2014-11-09,Tamil Nadu
EMP02296,Krishna Bhasin,Senior Statistical Officer (SSO),State DES - Maharashtra,3,11.3,M.Sc. Mathematics,2015-10-05,Karnataka
EMP02297,Eshana Bhasin,Director,State DES - Karnataka,7,26.6,B.Sc. Statistics,2000-10-18,Chhattisgarh
EMP02298,Timothy Mukhopadhyay,Deputy Director,State DES - Karnataka,5,11.4,M.Tech Computer Science,2015-01-06,Chhattisgarh
EMP02299,Maanas Kapoor,Junior Statistical Officer (JSO),Central Statistics Office (CSO),1,4.4,M.Sc. Data Science,2022-07-24,Chhattisgarh
EMP02300,Amaira Talwar,Deputy Director,Economic Census Division (ECD),5,14.1,M.Sc. Mathematics,2012-10-11,Punjab
EMP02301,Tejas Mital,Director General,National Sample Survey Office (NSSO),9,28.6,M.Sc. Statistics,1998-06-15,Punjab
EMP02302,Dev Rao,Director General,Central Statistics Office (CSO),9,27.5,PhD Statistics,1999-06-06,Karnataka
EMP02303,Zaitra Kapoor,Director General,Data Informatics & Innovation Division (DIID),9,26.8,PhD Statistics,2000-09-25,Rajasthan
EMP02304,Varsha Shroff,Junior Statistical Officer (JSO),State DES - Uttar Pradesh,1,4.7,M.Tech Computer Science,2022-02-20,Andhra Pradesh
EMP02305,Anjali Sandhu,Additional Director General,State DES - Maharashtra,8,23.9,PhD Statistics,2003-09-05,Andhra Pradesh
EMP02306,Tejas Murthy,Director,State DES - Bihar,7,21.1,M.Sc. Mathematics,2005-06-17,Bihar
EMP02307,Aadi Mody,Additional Director General,Central Statistics Office (CSO),8,29.9,M.A. Economics,1997-01-13,Jharkhand
EMP02308,Jeet Shroff,Assistant Director,State DES - Bihar,4,9.7,M.Tech Computer Science,2017-11-28,West Bengal
EMP02309,Siya Bali,Director,State DES - Karnataka,7,19.6,M.A. Economics,2007-10-02,Odisha
EMP02310,Amaira Mukhopadhyay,Statistical Officer (SO),State DES - Maharashtra,2,3.2,M.Sc. Mathematics,2023-06-09,Haryana
EMP02311,Gaurika Shroff,Director General,State DES - Karnataka,9,26.7,MBA,2000-03-12,Rajasthan
EMP02312,Jagvi Seth,Deputy Director,Price Statistics Division (PSD),5,10.9,M.Sc. Mathematics,2016-12-19,Chhattisgarh
EMP02313,Tejas Krishnan,Director,Price Statistics Division (PSD),7,25.0,M.Sc. Data Science,2001-10-04,Chhattisgarh
EMP02314,Hitesh Dara,Senior Statistical Officer (SSO),State DES - Tamil Nadu,3,6.6,M.A. Economics,2020-09-25,Uttar Pradesh
EMP02315,Hitesh Sandhu,Additional Director General,Social Statistics Division (SSD),8,20.1,MBA,2006-10-06,Uttar Pradesh
EMP02316,Krishna Dhar,Assistant Director,Price Statistics Division (PSD),4,14.7,M.A. Economics,2012-10-26,Jharkhand
EMP02317,Vedhika Kant,Statistical Officer (SO),State DES - Maharashtra,2,3.6,M.Sc. Statistics,2023-12-13,Chhattisgarh
EMP02318,Siya Kant,Junior Statistical Officer (JSO),State DES - Uttar Pradesh,1,4.8,M.Tech Computer Science,2022-09-11,Andhra Pradesh
EMP02319,Amaira Murthy,Joint Director,State DES - Tamil Nadu,6,21.1,M.Tech Computer Science,2005-04-01,Kerala
EMP02320,Kabir Agrawal,Statistical Officer (SO),State DES - Maharashtra,2,8.1,M.Sc. Statistics,2018-08-20,Tamil Nadu
EMP02321,Rudra Luthra,Junior Statistical Officer (JSO),State DES - Bihar,1,1.8,M.A. Economics,2025-04-09,Uttarakhand
EMP02322,Yatin Nazareth,Statistical Officer (SO),Price Statistics Division (PSD),2,7.9,MBA,2019-02-11,Punjab
EMP02323,Ranveer Sem,Statistical Officer (SO),Social Statistics Division (SSD),2,4.3,M.Sc. Data Science,2022-04-24,Tamil Nadu
EMP02324,Darsh Kant,Assistant Director,State DES - Uttar Pradesh,4,14.2,M.Sc. Statistics,2012-07-15,Gujarat
EMP02325,Tejas Bhatti,Junior Statistical Officer (JSO),State DES - Karnataka,1,1.1,M.Tech Computer Science,2025-12-28,Bihar
EMP02326,Jeet Lata,Statistical Officer (SO),National Sample Survey Office (NSSO),2,4.0,B.Sc. Statistics,2022-03-15,Telangana
EMP02327,Daniel Murthy,Director General,National Sample Survey Office (NSSO),9,33.4,PhD Statistics,1993-01-20,Chhattisgarh
EMP02328,Lakshit Seshadri,Senior Statistical Officer (SSO),Central Statistics Office (CSO),3,11.6,M.Tech Computer Science,2015-03-08,Telangana
EMP02329,Tejas Chaudhary,Director General,Social Statistics Division (SSD),9,28.7,MBA,1998-03-11,Uttar Pradesh
EMP02330,Harini Lata,Director,Social Statistics Division (SSD),7,20.0,MBA,2006-09-15,Odisha
EMP02331,Parth Agrawal,Senior Statistical Officer (SSO),State DES - Bihar,3,5.4,M.A. Economics,2021-06-24,Jharkhand
EMP02332,Ekaja Chaudhuri,Deputy Director,Social Statistics Division (SSD),5,14.4,MBA,2012-06-26,Telangana
EMP02333,Leela Seshadri,Deputy Director,National Accounts Division (NAD),5,10.8,M.Tech Computer Science,2016-02-03,Himachal Pradesh
EMP02334,Dayamai Khare,Director,Central Statistics Office (CSO),7,26.8,M.Sc. Mathematics,2000-01-02,West Bengal
EMP02335,Harsh Lata,Deputy Director,Price Statistics Division (PSD),5,12.7,M.Sc. Data Science,2014-04-05,Karnataka
EMP02336,Jeet Basak,Statistical Officer (SO),Social Statistics Division (SSD),2,7.6,M.Sc. Statistics,2019-01-11,Rajasthan
EMP02337,Hitesh Dasgupta,Junior Statistical Officer (JSO),State DES - Tamil Nadu,1,3.1,MBA,2023-12-06,Chhattisgarh
EMP02338,Vedhika Goswami,Deputy Director,State DES - Maharashtra,5,12.0,MBA,2014-10-20,Andhra Pradesh
EMP02339,Leela Dani,Senior Statistical Officer (SSO),State DES - Bihar,3,9.0,M.Sc. Data Science,2017-08-21,Madhya Pradesh
EMP02340,Yatin Prabhu,Deputy Director,National Accounts Division (NAD),5,15.4,B.Sc. Statistics,2011-06-28,Bihar
EMP02341,Manan Mital,Senior Statistical Officer (SSO),Economic Census Division (ECD),3,13.2,M.Sc. Data Science,2013-09-07,Karnataka
EMP02342,Dayamai Seth,Senior Statistical Officer (SSO),National Sample Survey Office (NSSO),3,11.1,M.Sc. Mathematics,2015-02-05,Rajasthan
EMP02343,Kabir Dubey,Senior Statistical Officer (SSO),State DES - Tamil Nadu,3,12.8,B.Sc. Statistics,2014-10-03,Punjab
EMP02344,Charan Kaur,Junior Statistical Officer (JSO),State DES - Maharashtra,1,4.5,M.Sc. Data Science,2022-05-16,Madhya Pradesh
EMP02345,Joshua Rai,Director General,Central Statistics Office (CSO),9,27.6,M.Sc. Mathematics,1999-07-17,Assam
EMP02346,Leela Samra,Additional Director General,National Accounts Division (NAD),8,20.1,M.A. Economics,2006-08-11,Assam
EMP02347,Gaurika Mital,Joint Director,Economic Census Division (ECD),6,18.7,PhD Statistics,2008-07-05,Bihar
EMP02348,Imaran Bhasin,Junior Statistical Officer (JSO),State DES - Karnataka,1,2.3,M.Sc. Statistics,2024-11-24,Jharkhand
EMP02349,Mitali Kaur,Director General,National Sample Survey Office (NSSO),9,24.9,MBA,2002-09-28,Maharashtra
EMP02350,Darsh Talwar,Additional Director General,State DES - Tamil Nadu,8,29.5,PhD Statistics,1997-02-15,Uttar Pradesh
EMP02351,Vedhika Rai,Assistant Director,State DES - Bihar,4,10.4,M.Sc. Data Science,2016-11-19,Uttarakhand
EMP02352,Darsh Seshadri,Junior Statistical Officer (JSO),National Accounts Division (NAD),1,2.3,M.Sc. Mathematics,2024-10-20,Uttarakhand
EMP02353,Viraj Mital,Director,National Sample Survey Office (NSSO),7,25.6,MBA,2001-11-28,Haryana
EMP02354,Vinaya Bains,Deputy Director,State DES - Maharashtra,5,11.4,M.Sc. Mathematics,2015-03-11,Gujarat
EMP02355,Jeet Kant,Assistant Director,State DES - Maharashtra,4,13.9,M.Sc. Data Science,2013-09-10,Haryana
EMP02356,Parth Shukla,Statistical Officer (SO),State DES - Tamil Nadu,2,5.4,PhD Statistics,2021-04-06,Assam
EMP02357,Dayamai Dara,Deputy Director,Central Statistics Office (CSO),5,11.5,M.A. Economics,2015-05-19,Kerala
EMP02358,Dayamai Mani,Additional Director General,State DES - Bihar,8,25.3,M.Sc. Statistics,2001-08-20,Uttar Pradesh
EMP02359,Jagvi Tripathi,Additional Director General,State DES - Karnataka,8,18.0,M.Sc. Mathematics,2008-02-06,Odisha
EMP02360,Charan Gupta,Assistant Director,State DES - Karnataka,4,12.7,PhD Statistics,2014-08-24,Jharkhand
EMP02361,Eta Rai,Additional Director General,Social Statistics Division (SSD),8,26.5,M.Sc. Mathematics,2000-09-17,Uttarakhand
EMP02362,Zaitra Bhatt,Senior Statistical Officer (SSO),State DES - Tamil Nadu,3,4.3,M.Sc. Statistics,2022-06-13,Bihar
EMP02363,Lakshit Gill,Junior Statistical Officer (JSO),National Accounts Division (NAD),1,3.2,B.Sc. Statistics,2023-05-25,Maharashtra
EMP02364,Harini Dani,Additional Director General,State DES - Maharashtra,8,24.2,PhD Statistics,2002-11-07,Telangana
EMP02365,Mohammed Mital,Joint Director,Social Statistics Division (SSD),6,20.0,M.Sc. Mathematics,2006-11-18,Gujarat
EMP02366,Krishna Ahluwalia,Junior Statistical Officer (JSO),Economic Census Division (ECD),1,1.8,M.Tech Computer Science,2025-07-21,Gujarat
EMP02367,Nikita Seth,Joint Director,National Sample Survey Office (NSSO),6,13.3,M.A. Economics,2013-04-28,Uttar Pradesh
EMP02368,Lakshit Bhasin,Statistical Officer (SO),National Accounts Division (NAD),2,2.2,M.Sc. Mathematics,2024-12-12,Uttarakhand
EMP02369,Varsha Narayanan,Statistical Officer (SO),State DES - Uttar Pradesh,2,4.1,M.Tech Computer Science,2022-04-02,Jharkhand
EMP02370,Bahadurjit Seth,Assistant Director,State DES - Karnataka,4,15.1,MBA,2011-02-07,Assam
EMP02371,Vedhika Dhar,Additional Director General,National Sample Survey Office (NSSO),8,19.1,M.Sc. Mathematics,2007-01-21,Andhra Pradesh
EMP02372,Harsh Sandhu,Senior Statistical Officer (SSO),National Accounts Division (NAD),3,5.2,M.Sc. Statistics,2021-07-15,Odisha
EMP02373,Bhavini Chaudhuri,Senior Statistical Officer (SSO),State DES - Karnataka,3,4.5,M.Sc. Statistics,2022-02-13,Tamil Nadu
EMP02374,Krishna Goswami,Senior Statistical Officer (SSO),Central Statistics Office (CSO),3,13.1,M.Sc. Statistics,2013-12-02,Himachal Pradesh
EMP02375,Aahana Bhatt,Joint Director,State DES - Maharashtra,6,19.9,PhD Statistics,2007-04-20,Gujarat
EMP02376,Utkarsh Sandhu,Assistant Director,State DES - Karnataka,4,6.4,M.Sc. Data Science,2020-07-11,Madhya Pradesh
EMP02377,Viraj Rao,Junior Statistical Officer (JSO),State DES - Uttar Pradesh,1,3.6,M.Tech Computer Science,2023-02-05,Jharkhand
EMP02378,Bhavini Gill,Deputy Director,National Sample Survey Office (NSSO),5,10.8,M.Tech Computer Science,2016-09-22,West Bengal
EMP02379,Krishna Tella,Director General,Social Statistics Division (SSD),9,23.7,B.Sc. Statistics,2003-11-11,Uttarakhand
EMP02380,Maanas Balasubramanian,Deputy Director,Central Statistics Office (CSO),5,12.8,M.Sc. Data Science,2014-06-24,Telangana
EMP02381,Daniel Seshadri,Statistical Officer (SO),State DES - Bihar,2,7.7,B.Sc. Statistics,2019-12-22,Rajasthan
EMP02382,Aadi Dubey,Joint Director,State DES - Bihar,6,13.5,PhD Statistics,2013-02-08,West Bengal
EMP02383,Mitali Joshi,Senior Statistical Officer (SSO),Data Informatics & Innovation Division (DIID),3,6.8,M.A. Economics,2020-06-18,Chhattisgarh
EMP02384,Siya Kaur,Deputy Director,National Accounts Division (NAD),5,16.6,M.Sc. Data Science,2010-05-03,West Bengal
EMP02385,Bimala Mital,Senior Statistical Officer (SSO),State DES - Uttar Pradesh,3,4.3,B.Sc. Statistics,2022-02-12,Madhya Pradesh
EMP02386,Bahadurjit Luthra,Additional Director General,State DES - Uttar Pradesh,8,20.8,M.Tech Computer Science,2006-03-20,Maharashtra
EMP02387,Bahadurjit Ahluwalia,Additional Director General,National Sample Survey Office (NSSO),8,26.6,MBA,2000-10-01,Madhya Pradesh
EMP02388,Yash Chacko,Senior Statistical Officer (SSO),Economic Census Division (ECD),3,5.3,M.Sc. Statistics,2021-06-09,Haryana
EMP02389,Imaran Luthra,Junior Statistical Officer (JSO),State DES - Bihar,1,1.9,M.Tech Computer Science,2025-04-02,Maharashtra
EMP02390,Eta Narayanan,Joint Director,Data Informatics & Innovation Division (DIID),6,22.9,PhD Statistics,2004-11-15,Uttarakhand
EMP02391,Siya De,Deputy Director,Social Statistics Division (SSD),5,15.2,PhD Statistics,2011-11-25,Uttarakhand
EMP02392,Neelima Kant,Deputy Director,National Accounts Division (NAD),5,13.3,M.Sc. Data Science,2013-08-27,Kerala
EMP02393,Anya Bhatt,Deputy Director,Central Statistics Office (CSO),5,13.6,M.Sc. Statistics,2013-09-02,Maharashtra
EMP02394,Timothy Joshi,Director General,Price Statistics Division (PSD),9,23.5,B.Sc. Statistics,2003-09-08,Madhya Pradesh
EMP02395,Anya Prabhu,Director,National Sample Survey Office (NSSO),7,18.3,PhD Statistics,2008-07-17,Uttar Pradesh
EMP02396,Mitali Rao,Junior Statistical Officer (JSO),State DES - Bihar,1,3.1,M.A. Economics,2023-02-05,Odisha
EMP02397,Vinaya Narayanan,Statistical Officer (SO),State DES - Bihar,2,8.8,B.Sc. Statistics,2018-02-07,Odisha
EMP02398,Manan Nazareth,Director,Price Statistics Division (PSD),7,20.4,B.Sc. Statistics,2006-12-08,Odisha
EMP02399,Hitesh Samra,Junior Statistical Officer (JSO),Economic Census Division (ECD),1,4.3,M.A. Economics,2022-05-16,Jharkhand
EMP02400,Anvi Mody,Director,State DES - Bihar,7,17.1,M.Sc. Data Science,2009-01-19,West Bengal
EMP02401,Vyanjana Shroff,Joint Director,State DES - Maharashtra,6,18.4,M.A. Economics,2008-07-23,Odisha
EMP02402,Vyanjana Dubey,Deputy Director,Price Statistics Division (PSD),5,14.0,M.Sc. Statistics,2012-01-11,Chhattisgarh
EMP02403,Kabir Chaudhuri,Assistant Director,National Accounts Division (NAD),4,12.1,PhD Statistics,2014-07-13,Kerala
EMP02404,Vyanjana Seth,Senior Statistical Officer (SSO),State DES - Karnataka,3,4.8,M.Sc. Statistics,2022-04-27,Jharkhand
EMP02405,Maanas Khare,Additional Director General,Central Statistics Office (CSO),8,18.2,M.Tech Computer Science,2008-07-14,Andhra Pradesh
EMP02406,Anya Agrawal,Joint Director,Central Statistics Office (CSO),6,19.5,M.Sc. Statistics,2007-01-15,Tamil Nadu
EMP02407,Vinaya Dani,Additional Director General,Economic Census Division (ECD),8,19.5,B.Sc. Statistics,2007-12-21,West Bengal
EMP02408,Gaurika Dhar,Assistant Director,State DES - Maharashtra,4,11.4,M.Sc. Statistics,2015-12-28,Uttarakhand
EMP02409,Leela Tella,Deputy Director,Social Statistics Division (SSD),5,14.7,M.Sc. Data Science,2012-06-26,Karnataka
EMP02410,Darsh Nazareth,Deputy Director,State DES - Maharashtra,5,15.1,B.Sc. Statistics,2011-05-21,Uttarakhand
EMP02411,Hiral Dubey,Additional Director General,Data Informatics & Innovation Division (DIID),8,29.2,PhD Statistics,1997-11-03,Gujarat
EMP02412,Kabir Sem,Additional Director General,Data Informatics & Innovation Division (DIID),8,26.2,MBA,2000-09-24,Himachal Pradesh
EMP02413,Ranveer Goswami,Director,National Sample Survey Office (NSSO),7,25.9,M.Sc. Mathematics,2001-08-10,Rajasthan
EMP02414,Charan Dani,Additional Director General,Price Statistics Division (PSD),8,24.9,M.Sc. Data Science,2002-06-14,Uttar Pradesh
EMP02415,Darsh Rai,Director General,State DES - Karnataka,9,30.0,M.Tech Computer Science,1996-10-04,Uttarakhand
EMP02416,Bahadurjit Prabhu,Junior Statistical Officer (JSO),Economic Census Division (ECD),1,1.3,M.Sc. Mathematics,2025-11-05,Madhya Pradesh
EMP02417,Amaira Rai,Additional Director General,State DES - Uttar Pradesh,8,18.6,M.Sc. Mathematics,2008-02-14,Tamil Nadu
EMP02418,Charan Seshadri,Senior Statistical Officer (SSO),State DES - Tamil Nadu,3,10.6,B.Sc. Statistics,2016-02-28,Kerala
EMP02419,Libni Kapoor,Director General,National Sample Survey Office (NSSO),9,33.3,M.Sc. Data Science,1993-11-23,Telangana
EMP02420,Bhavini Murthy,Director General,State DES - Karnataka,9,29.1,PhD Statistics,1997-02-03,Bihar
EMP02421,Aahana Narayanan,Director General,State DES - Karnataka,9,28.0,M.Tech Computer Science,1998-01-27,Jharkhand
EMP02422,Jagvi Tripathi,Statistical Officer (SO),Data Informatics & Innovation Division (DIID),2,8.8,M.Tech Computer Science,2018-09-05,Punjab
EMP02423,Joshua Bali,Statistical Officer (SO),Social Statistics Division (SSD),2,5.2,M.Sc. Data Science,2021-08-17,Uttarakhand
EMP02424,Siya Prabhu,Junior Statistical Officer (JSO),Central Statistics Office (CSO),1,3.2,B.Sc. Statistics,2023-09-02,Kerala
EMP02425,Yash Dasgupta,Joint Director,National Sample Survey Office (NSSO),6,17.7,M.Sc. Mathematics,2009-07-19,Rajasthan
EMP02426,Nikita Agrawal,Director,State DES - Tamil Nadu,7,16.1,M.Sc. Statistics,2010-09-16,Uttar Pradesh
EMP02427,Vedhika Seth,Deputy Director,State DES - Karnataka,5,16.9,MBA,2010-09-05,Chhattisgarh
EMP02428,Mitali Sandhu,Director,State DES - Tamil Nadu,7,21.9,PhD Statistics,2005-05-02,Maharashtra
EMP02429,Vinaya Sidhu,Assistant Director,Economic Census Division (ECD),4,13.1,M.Sc. Statistics,2013-07-04,Uttarakhand
EMP02430,Neelima De,Junior Statistical Officer (JSO),State DES - Maharashtra,1,3.0,M.Sc. Data Science,2023-08-10,Uttar Pradesh
EMP02431,Vedhika Kapoor,Director General,Social Statistics Division (SSD),9,28.7,MBA,1998-02-25,Telangana
EMP02432,Libni Sem,Director,State DES - Tamil Nadu,7,17.2,B.Sc. Statistics,2009-07-23,Himachal Pradesh
EMP02433,Dev Chhabra,Director,Price Statistics Division (PSD),7,19.6,M.Tech Computer Science,2007-07-01,Himachal Pradesh
EMP02434,Parth Prabhu,Director General,National Sample Survey Office (NSSO),9,25.7,PhD Statistics,2001-03-18,West Bengal
EMP02435,Hitesh Goswami,Director,Social Statistics Division (SSD),7,16.7,M.Sc. Data Science,2010-05-18,Madhya Pradesh
EMP02436,Rushil Bhatt,Junior Statistical Officer (JSO),State DES - Karnataka,1,3.0,M.Sc. Data Science,2023-09-13,Kerala
EMP02437,Rushil Khare,Director General,Central Statistics Office (CSO),9,24.7,MBA,2002-05-13,Bihar
EMP02438,Rudra Balasubramanian,Director General,State DES - Karnataka,9,27.3,M.Sc. Statistics,1999-01-20,Madhya Pradesh
EMP02439,Hiral Bains,Statistical Officer (SO),Price Statistics Division (PSD),2,4.1,M.Sc. Statistics,2022-12-08,Uttarakhand
EMP02440,Neelima Chaudhuri,Senior Statistical Officer (SSO),Price Statistics Division (PSD),3,14.0,MBA,2012-04-07,Tamil Nadu
EMP02441,Rudra Sandhu,Director,Social Statistics Division (SSD),7,25.7,M.Sc. Mathematics,2001-01-09,Gujarat
EMP02442,Eshana Taneja,Director General,Social Statistics Division (SSD),9,23.1,B.Sc. Statistics,2003-06-09,Uttar Pradesh
EMP02443,Bhavini Agrawal,Additional Director General,National Sample Survey Office (NSSO),8,19.7,M.Sc. Statistics,2007-06-21,Madhya Pradesh
EMP02444,Mitali Tiwari,Assistant Director,Economic Census Division (ECD),4,13.0,B.Sc. Statistics,2013-07-13,Uttarakhand
EMP02445,Tejas Bains,Additional Director General,State DES - Uttar Pradesh,8,27.1,M.Sc. Statistics,1999-03-23,Jharkhand
EMP02446,Gaurika Dubey,Director General,State DES - Maharashtra,9,28.9,B.Sc. Statistics,1998-09-24,Chhattisgarh
EMP02447,Krish Tiwari,Director,State DES - Maharashtra,7,20.5,M.Sc. Mathematics,2006-05-03,Tamil Nadu
EMP02448,Aahana Krishnan,Director,National Sample Survey Office (NSSO),7,21.2,M.Sc. Data Science,2005-10-06,Haryana
EMP02449,Aarush Dara,Director,State DES - Maharashtra,7,26.4,MBA,2000-11-18,Himachal Pradesh
EMP02450,Bahadurjit Lata,Assistant Director,State DES - Karnataka,4,13.0,MBA,2013-09-15,Himachal Pradesh
EMP02451,Anvi Chaudhary,Director,State DES - Bihar,7,21.8,M.Sc. Statistics,2005-06-19,Haryana
EMP02452,Gaurika Bhatti,Junior Statistical Officer (JSO),State DES - Karnataka,1,1.4,M.Sc. Mathematics,2025-11-06,Himachal Pradesh
EMP02453,Charan Tripathi,Additional Director General,Price Statistics Division (PSD),8,29.9,MBA,1997-06-04,Maharashtra
EMP02454,Anjali Dasgupta,Statistical Officer (SO),State DES - Bihar,2,5.0,B.Sc. Statistics,2021-10-18,Gujarat
EMP02455,Bhavini Mani,Director General,Price Statistics Division (PSD),9,31.7,MBA,1995-04-14,Haryana
EMP02456,Leela Mandal,Senior Statistical Officer (SSO),State DES - Karnataka,3,5.0,M.Tech Computer Science,2021-06-20,Haryana
EMP02457,Charan Kaur,Additional Director General,Central Statistics Office (CSO),8,18.1,M.Tech Computer Science,2008-05-17,Bihar
EMP02458,Vinaya Borra,Senior Statistical Officer (SSO),Data Informatics & Innovation Division (DIID),3,4.5,MBA,2022-12-28,Kerala
EMP02459,Harini Murthy,Director,Data Informatics & Innovation Division (DIID),7,20.2,B.Sc. Statistics,2006-07-09,Haryana
EMP02460,Joshua Nath,Deputy Director,Social Statistics Division (SSD),5,12.1,PhD Statistics,2014-06-18,Odisha
EMP02461,Ekaja Narayanan,Additional Director General,Economic Census Division (ECD),8,27.4,M.A. Economics,1999-04-26,Gujarat
EMP02462,Manan Lata,Junior Statistical Officer (JSO),Price Statistics Division (PSD),1,2.7,M.A. Economics,2024-07-13,Kerala
EMP02463,Yatin Bhatt,Senior Statistical Officer (SSO),Social Statistics Division (SSD),3,11.7,M.Tech Computer Science,2015-02-13,Maharashtra
EMP02464,Dev Gupta,Joint Director,Central Statistics Office (CSO),6,14.7,B.Sc. Statistics,2012-03-28,Madhya Pradesh
EMP02465,Darsh Joshi,Senior Statistical Officer (SSO),National Accounts Division (NAD),3,5.5,PhD Statistics,2021-08-23,Madhya Pradesh
EMP02466,Varsha Dasgupta,Deputy Director,Social Statistics Division (SSD),5,13.0,M.Sc. Statistics,2013-01-04,Andhra Pradesh
EMP02467,Nikita Shroff,Deputy Director,National Sample Survey Office (NSSO),5,16.1,M.Sc. Statistics,2010-09-27,Telangana
EMP02468,Gaurika Rao,Director General,Central Statistics Office (CSO),9,29.7,B.Sc. Statistics,1997-01-04,Chhattisgarh
EMP02469,Rudra Dhar,Director General,State DES - Uttar Pradesh,9,33.8,PhD Statistics,1993-03-07,Chhattisgarh
EMP02470,Imaran Samra,Senior Statistical Officer (SSO),Social Statistics Division (SSD),3,9.8,PhD Statistics,2017-05-15,West Bengal
EMP02471,Maanas Talwar,Director,National Accounts Division (NAD),7,24.5,MBA,2002-03-24,Karnataka
EMP02472,Eta Luthra,Junior Statistical Officer (JSO),Economic Census Division (ECD),1,1.8,M.Sc. Data Science,2025-06-08,Assam
EMP02473,Vyanjana Sidhu,Director,State DES - Maharashtra,7,25.4,B.Sc. Statistics,2001-09-12,Odisha
EMP02474,Jagvi Tella,Senior Statistical Officer (SSO),Economic Census Division (ECD),3,7.7,M.Sc. Mathematics,2019-03-04,Punjab
EMP02475,Varsha Taneja,Assistant Director,Economic Census Division (ECD),4,11.0,M.A. Economics,2015-01-02,Kerala
EMP02476,Vedhika De,Deputy Director,Social Statistics Division (SSD),5,12.1,M.Tech Computer Science,2014-06-24,Odisha
EMP02477,Harsh Tiwari,Assistant Director,National Sample Survey Office (NSSO),4,14.5,M.Sc. Statistics,2012-04-05,Bihar
EMP02478,Libni Talwar,Additional Director General,State DES - Maharashtra,8,21.4,PhD Statistics,2005-12-27,Himachal Pradesh
EMP02479,Nikita Prabhu,Additional Director General,Data Informatics & Innovation Division (DIID),8,28.8,M.Sc. Data Science,1998-11-10,Gujarat
EMP02480,Jeet Mandal,Senior Statistical Officer (SSO),Central Statistics Office (CSO),3,8.9,M.Sc. Data Science,2018-09-13,Chhattisgarh
EMP02481,Vedhika Luthra,Statistical Officer (SO),Social Statistics Division (SSD),2,8.3,B.Sc. Statistics,2018-01-26,Chhattisgarh
EMP02482,Tejas Bains,Director,Central Statistics Office (CSO),7,26.5,M.Tech Computer Science,2000-12-21,Haryana
EMP02483,Kabir Nazareth,Director,Price Statistics Division (PSD),7,22.3,M.A. Economics,2004-09-27,Chhattisgarh
EMP02484,Harsh Krishnan,Assistant Director,Price Statistics Division (PSD),4,9.3,M.Tech Computer Science,2017-01-28,West Bengal
EMP02485,Aarush Tiwari,Statistical Officer (SO),State DES - Bihar,2,5.6,MBA,2021-08-17,Odisha
EMP02486,Ranveer Chaudhary,Statistical Officer (SO),Social Statistics Division (SSD),2,7.9,M.Sc. Mathematics,2019-05-09,Kerala
EMP02487,Aarush Chaudhuri,Joint Director,Data Informatics & Innovation Division (DIID),6,15.1,B.Sc. Statistics,2011-04-27,Chhattisgarh
EMP02488,Rushil Basak,Joint Director,State DES - Uttar Pradesh,6,20.3,M.Sc. Data Science,2006-12-26,Odisha
EMP02489,Harini Goswami,Junior Statistical Officer (JSO),State DES - Tamil Nadu,1,3.6,M.A. Economics,2023-11-20,Gujarat
EMP02490,Eta Balasubramanian,Director General,State DES - Maharashtra,9,27.5,M.Tech Computer Science,1999-12-13,Chhattisgarh
EMP02491,Dayamai Murthy,Director,State DES - Maharashtra,7,26.9,M.Sc. Mathematics,2000-01-10,Himachal Pradesh
EMP02492,Eshana Dasgupta,Senior Statistical Officer (SSO),National Sample Survey Office (NSSO),3,12.4,M.Tech Computer Science,2014-11-05,Odisha
EMP02493,Gaurika Kaur,Assistant Director,National Sample Survey Office (NSSO),4,6.4,MBA,2020-03-09,Kerala
EMP02494,Maanas Kapoor,Assistant Director,State DES - Tamil Nadu,4,14.3,M.Sc. Data Science,2012-08-06,Uttarakhand
EMP02495,Gunbir Singh,Assistant Director,National Sample Survey Office (NSSO),4,11.7,M.Sc. Mathematics,2015-11-22,Tamil Nadu
EMP02496,Harini Dani,Junior Statistical Officer (JSO),National Accounts Division (NAD),1,2.6,M.Sc. Data Science,2024-09-28,Uttar Pradesh
EMP02497,Manan Ahluwalia,Director General,National Accounts Division (NAD),9,33.1,M.Sc. Mathematics,1993-01-27,Tamil Nadu
EMP02498,Eta Nath,Senior Statistical Officer (SSO),Central Statistics Office (CSO),3,6.3,B.Sc. Statistics,2020-12-17,Karnataka
EMP02499,Daniel Sem,Director,Central Statistics Office (CSO),7,19.6,B.Sc. Statistics,2007-11-20,Jharkhand
EMP02500,Varsha Tiwari,Director General,State DES - Tamil Nadu,9,33.0,PhD Statistics,1993-02-01,Andhra Pradesh
EMP02501,Harini Samra,Deputy Director,Data Informatics & Innovation Division (DIID),5,10.9,M.Sc. Statistics,2016-01-24,Punjab
EMP02502,Zaitra Kapoor,Director General,Social Statistics Division (SSD),9,25.5,M.Sc. Data Science,2001-10-17,Karnataka
EMP02503,Bhavini Ahluwalia,Additional Director General,State DES - Maharashtra,8,21.3,M.Sc. Mathematics,2005-06-10,Rajasthan
EMP02504,Yash Tiwari,Joint Director,National Sample Survey Office (NSSO),6,22.0,B.Sc. Statistics,2004-04-24,West Bengal
EMP02505,Timothy Narayanan,Additional Director General,Data Informatics & Innovation Division (DIID),8,28.0,M.Sc. Mathematics,1998-06-27,West Bengal
EMP02506,Jagvi Krishnan,Joint Director,State DES - Karnataka,6,23.4,MBA,2003-02-11,Odisha
EMP02507,Amaira Kapoor,Junior Statistical Officer (JSO),State DES - Tamil Nadu,1,2.7,MBA,2024-05-03,Madhya Pradesh
EMP02508,Anjali Nath,Director,Economic Census Division (ECD),7,26.0,M.Sc. Statistics,2000-12-27,Karnataka
EMP02509,Ekaja Chacko,Deputy Director,State DES - Uttar Pradesh,5,9.0,M.A. Economics,2017-07-20,Tamil Nadu
EMP02510,Jagvi Dhar,Deputy Director,State DES - Uttar Pradesh,5,16.7,B.Sc. Statistics,2010-10-01,Jharkhand
EMP02511,Siya Mani,Director General,Data Informatics & Innovation Division (DIID),9,31.1,MBA,1995-04-10,Chhattisgarh
EMP02512,Harini Balasubramanian,Director,State DES - Karnataka,7,21.4,MBA,2005-07-20,Uttar Pradesh
EMP02513,Mitali Gill,Junior Statistical Officer (JSO),State DES - Maharashtra,1,3.1,MBA,2023-09-17,Chhattisgarh
EMP02514,Ekaja Tella,Statistical Officer (SO),State DES - Tamil Nadu,2,5.3,PhD Statistics,2021-02-12,Himachal Pradesh
EMP02515,Amaira Kant,Director,State DES - Uttar Pradesh,7,17.2,M.Sc. Statistics,2009-08-13,Uttarakhand
EMP02516,Amaira Khare,Assistant Director,National Sample Survey Office (NSSO),4,7.3,M.Sc. Mathematics,2019-12-25,Madhya Pradesh
EMP02517,Neelima Sem,Director General,National Accounts Division (NAD),9,28.9,MBA,1998-05-03,West Bengal
EMP02518,Harini Tripathi,Junior Statistical Officer (JSO),State DES - Karnataka,1,4.0,M.A. Economics,2022-02-26,Bihar
EMP02519,Mitali Kant,Joint Director,National Sample Survey Office (NSSO),6,18.1,PhD Statistics,2008-08-10,Assam
EMP02520,Leela Samra,Senior Statistical Officer (SSO),Data Informatics & Innovation Division (DIID),3,8.9,M.Sc. Mathematics,2018-02-18,Karnataka
EMP02521,Vedhika Lata,Director General,National Sample Survey Office (NSSO),9,23.7,MBA,2003-07-09,Bihar
EMP02522,Darsh Luthra,Senior Statistical Officer (SSO),State DES - Uttar Pradesh,3,10.0,M.A. Economics,2016-10-03,Jharkhand
EMP02523,Aahana Ahluwalia,Deputy Director,Social Statistics Division (SSD),5,16.2,M.Tech Computer Science,2010-02-27,Bihar
EMP02524,Harini Sidhu,Deputy Director,Central Statistics Office (CSO),5,12.7,M.A. Economics,2014-09-05,Madhya Pradesh
EMP02525,Krish Tripathi,Senior Statistical Officer (SSO),Social Statistics Division (SSD),3,5.3,PhD Statistics,2021-12-19,West Bengal
EMP02526,Amaira Sandhu,Junior Statistical Officer (JSO),Data Informatics & Innovation Division (DIID),1,1.3,M.Sc. Data Science,2025-07-09,Haryana
EMP02527,Charan Sem,Senior Statistical Officer (SSO),National Accounts Division (NAD),3,6.1,M.Tech Computer Science,2020-03-17,Assam
EMP02528,Joshua Taneja,Joint Director,Economic Census Division (ECD),6,22.6,B.Sc. Statistics,2004-02-16,Maharashtra
EMP02529,Gunbir Mandal,Director General,State DES - Bihar,9,24.2,M.Tech Computer Science,2002-04-03,Odisha
EMP02530,Maanas Shukla,Statistical Officer (SO),State DES - Maharashtra,2,4.7,M.A. Economics,2022-08-03,West Bengal
EMP02531,Charan Gill,Joint Director,State DES - Tamil Nadu,6,23.3,B.Sc. Statistics,2003-02-19,Karnataka
EMP02532,Siya Nath,Senior Statistical Officer (SSO),National Sample Survey Office (NSSO),3,12.4,M.Sc. Statistics,2014-03-14,Haryana
EMP02533,Nikita Mital,Junior Statistical Officer (JSO),Price Statistics Division (PSD),1,4.0,PhD Statistics,2022-10-05,Maharashtra
EMP02534,Kabir Nazareth,Junior Statistical Officer (JSO),Data Informatics & Innovation Division (DIID),1,2.8,M.A. Economics,2024-01-16,West Bengal
EMP02535,Gaurika Kapoor,Statistical Officer (SO),State DES - Karnataka,2,8.1,M.Tech Computer Science,2018-12-11,Chhattisgarh
EMP02536,Mohammed Chhabra,Assistant Director,National Accounts Division (NAD),4,14.1,PhD Statistics,2012-10-18,Madhya Pradesh
EMP02537,Aadi Rai,Director,State DES - Karnataka,7,19.1,M.Tech Computer Science,2007-08-25,Kerala
EMP02538,Eta Shukla,Statistical Officer (SO),State DES - Bihar,2,8.7,M.Sc. Mathematics,2018-04-26,Assam
EMP02539,Anvi Lata,Director General,State DES - Bihar,9,23.0,M.Sc. Statistics,2003-05-11,Maharashtra
EMP02540,Mitali Balasubramanian,Joint Director,State DES - Tamil Nadu,6,21.3,MBA,2005-11-06,Gujarat
EMP02541,Anjali Sem,Deputy Director,State DES - Bihar,5,11.1,M.A. Economics,2015-05-17,Odisha
EMP02542,Bhavini Basak,Assistant Director,National Accounts Division (NAD),4,9.4,MBA,2017-01-13,Jharkhand
EMP02543,Imaran Krishnan,Director General,State DES - Bihar,9,27.2,MBA,1999-04-19,Odisha
EMP02544,Harini Chacko,Deputy Director,State DES - Maharashtra,5,17.9,M.Sc. Data Science,2009-05-06,Chhattisgarh
EMP02545,Eshana Lata,Assistant Director,State DES - Tamil Nadu,4,9.8,M.Tech Computer Science,2017-03-18,Andhra Pradesh
EMP02546,Charan Gupta,Joint Director,State DES - Uttar Pradesh,6,12.6,M.Tech Computer Science,2014-07-12,Maharashtra
EMP02547,Aahana Murthy,Joint Director,Social Statistics Division (SSD),6,16.2,MBA,2010-04-19,Uttar Pradesh
EMP02548,Darsh Sandhu,Junior Statistical Officer (JSO),State DES - Maharashtra,1,3.4,M.A. Economics,2023-02-02,Haryana
EMP02549,Falak Tella,Deputy Director,State DES - Tamil Nadu,5,16.3,M.Sc. Statistics,2010-02-03,Gujarat
EMP02550,Anya Sem,Director General,National Sample Survey Office (NSSO),9,33.3,B.Sc. Statistics,1993-06-26,Bihar
EMP02551,Ranveer Talwar,Additional Director General,Central Statistics Office (CSO),8,26.2,M.Sc. Mathematics,2000-11-01,Uttar Pradesh
EMP02552,Krishna Talwar,Joint Director,Social Statistics Division (SSD),6,23.0,M.Tech Computer Science,2003-11-06,Karnataka
EMP02553,Krish Kapoor,Statistical Officer (SO),National Accounts Division (NAD),2,6.7,PhD Statistics,2020-10-12,Haryana
EMP02554,Imaran Ahluwalia,Junior Statistical Officer (JSO),Data Informatics & Innovation Division (DIID),1,1.6,B.Sc. Statistics,2025-06-04,Karnataka
EMP02555,Hitesh Rai,Senior Statistical Officer (SSO),Social Statistics Division (SSD),3,13.1,M.Tech Computer Science,2013-11-20,Odisha
EMP02556,Hitesh Nazareth,Additional Director General,State DES - Uttar Pradesh,8,21.4,M.Sc. Statistics,2005-12-07,Odisha
EMP02557,Tejas Bhatt,Additional Director General,Central Statistics Office (CSO),8,25.1,M.A. Economics,2001-11-12,Uttarakhand
EMP02558,Jeet Narayanan,Assistant Director,National Sample Survey Office (NSSO),4,12.7,B.Sc. Statistics,2014-07-10,West Bengal
EMP02559,Vedhika Murthy,Assistant Director,State DES - Bihar,4,15.7,B.Sc. Statistics,2011-12-19,Rajasthan
EMP02560,Eta Nath,Deputy Director,Central Statistics Office (CSO),5,12.5,M.Sc. Data Science,2014-01-17,Madhya Pradesh
EMP02561,Bahadurjit Khare,Deputy Director,State DES - Maharashtra,5,9.6,M.Tech Computer Science,2017-02-08,Himachal Pradesh
EMP02562,Jeet Gupta,Senior Statistical Officer (SSO),Social Statistics Division (SSD),3,13.6,M.A. Economics,2013-06-22,Gujarat
EMP02563,Aadi Gupta,Senior Statistical Officer (SSO),Data Informatics & Innovation Division (DIID),3,4.5,M.Sc. Statistics,2022-01-14,Maharashtra
EMP02564,Falak Bhasin,Junior Statistical Officer (JSO),Data Informatics & Innovation Division (DIID),1,3.6,MBA,2023-01-03,Chhattisgarh
EMP02565,Rushil Kaur,Additional Director General,Central Statistics Office (CSO),8,23.7,M.Sc. Data Science,2003-09-09,Assam
EMP02566,Mohammed Mukhopadhyay,Senior Statistical Officer (SSO),Price Statistics Division (PSD),3,11.2,M.Sc. Data Science,2015-05-10,Uttarakhand
EMP02567,Vinaya Khare,Joint Director,Central Statistics Office (CSO),6,22.3,B.Sc. Statistics,2004-08-15,Andhra Pradesh
EMP02568,Daniel Bali,Senior Statistical Officer (SSO),Central Statistics Office (CSO),3,7.3,M.Sc. Data Science,2019-11-12,Uttar Pradesh
EMP02569,Hiral Nath,Statistical Officer (SO),Data Informatics & Innovation Division (DIID),2,5.5,M.A. Economics,2021-03-13,Kerala
EMP02570,Darsh Chhabra,Statistical Officer (SO),Economic Census Division (ECD),2,5.2,M.Sc. Mathematics,2021-01-21,Uttarakhand
EMP02571,Darsh Chaudhuri,Senior Statistical Officer (SSO),Price Statistics Division (PSD),3,6.2,M.Tech Computer Science,2020-02-03,Haryana
EMP02572,Krish Mital,Junior Statistical Officer (JSO),State DES - Tamil Nadu,1,3.3,MBA,2023-06-08,Maharashtra
EMP02573,Krish Tella,Director General,Data Informatics & Innovation Division (DIID),9,28.7,M.Tech Computer Science,1998-01-05,Gujarat
EMP02574,Bimala Kapoor,Statistical Officer (SO),Data Informatics & Innovation Division (DIID),2,2.6,PhD Statistics,2024-03-20,Gujarat
EMP02575,Libni Nath,Deputy Director,Social Statistics Division (SSD),5,18.0,PhD Statistics,2008-10-18,Haryana
EMP02576,Yatin Rao,Additional Director General,State DES - Karnataka,8,21.9,M.Sc. Mathematics,2005-03-19,Karnataka
EMP02577,Utkarsh Dhar,Director,Data Informatics & Innovation Division (DIID),7,18.7,B.Sc. Statistics,2008-04-14,Gujarat
EMP02578,Varsha Lata,Senior Statistical Officer (SSO),State DES - Bihar,3,12.0,M.Sc. Mathematics,2014-06-12,Odisha
EMP02579,Gunbir Shroff,Statistical Officer (SO),State DES - Uttar Pradesh,2,3.8,B.Sc. Statistics,2023-03-01,Himachal Pradesh
EMP02580,Aarush Prabhu,Statistical Officer (SO),Social Statistics Division (SSD),2,2.6,M.Sc. Mathematics,2024-12-25,Gujarat
EMP02581,Harini Nath,Senior Statistical Officer (SSO),State DES - Bihar,3,5.9,M.Sc. Mathematics,2021-11-26,Tamil Nadu
EMP02582,Amaira Sandhu,Senior Statistical Officer (SSO),State DES - Maharashtra,3,4.7,M.Sc. Statistics,2022-10-16,Jharkhand
EMP02583,Lakshit Nath,Joint Director,Data Informatics & Innovation Division (DIID),6,18.8,M.Sc. Statistics,2008-09-14,Tamil Nadu
EMP02584,Viraj Rao,Joint Director,State DES - Maharashtra,6,16.0,M.Sc. Statistics,2010-06-19,Uttarakhand
EMP02585,Utkarsh Sem,Additional Director General,State DES - Bihar,8,20.0,M.Sc. Statistics,2006-09-17,Andhra Pradesh
EMP02586,Mitali Talwar,Junior Statistical Officer (JSO),Social Statistics Division (SSD),1,4.0,M.Sc. Data Science,2022-09-25,Assam
EMP02587,Dayamai Khare,Assistant Director,Data Informatics & Innovation Division (DIID),4,6.7,M.Sc. Mathematics,2020-10-16,Jharkhand
EMP02588,Ekaja Shroff,Director General,Economic Census Division (ECD),9,25.3,B.Sc. Statistics,2001-09-05,Tamil Nadu
EMP02589,Joshua Sandhu,Additional Director General,Central Statistics Office (CSO),8,20.0,M.Sc. Mathematics,2006-04-20,Chhattisgarh
EMP02590,Ranveer Rao,Senior Statistical Officer (SSO),Price Statistics Division (PSD),3,10.3,M.Sc. Mathematics,2016-01-09,Bihar
EMP02591,Nikita Krishnan,Deputy Director,Economic Census Division (ECD),5,13.9,M.Sc. Data Science,2013-12-28,Bihar
EMP02592,Gunbir Mital,Statistical Officer (SO),Social Statistics Division (SSD),2,2.5,M.Sc. Data Science,2024-11-05,West Bengal
EMP02593,Utkarsh Tella,Junior Statistical Officer (JSO),State DES - Tamil Nadu,1,1.5,M.Sc. Data Science,2025-05-23,Maharashtra
EMP02594,Mohammed Balasubramanian,Assistant Director,National Accounts Division (NAD),4,14.5,PhD Statistics,2012-06-28,Assam
EMP02595,Libni Bhatt,Statistical Officer (SO),State DES - Bihar,2,3.7,M.Sc. Data Science,2023-03-17,Maharashtra
EMP02596,Nikita Shukla,Joint Director,Data Informatics & Innovation Division (DIID),6,22.6,M.Tech Computer Science,2004-04-01,Andhra Pradesh
EMP02597,Vedhika Seth,Junior Statistical Officer (JSO),State DES - Karnataka,1,2.4,M.Sc. Data Science,2024-08-15,Odisha
EMP02598,Neelima Dara,Statistical Officer (SO),Price Statistics Division (PSD),2,6.3,M.Sc. Mathematics,2020-11-01,Karnataka
EMP02599,Jeet Luthra,Statistical Officer (SO),State DES - Tamil Nadu,2,4.9,M.Sc. Statistics,2022-05-13,Assam
EMP02600,Imaran Dubey,Junior Statistical Officer (JSO),National Accounts Division (NAD),1,4.4,M.Sc. Data Science,2022-01-09,Tamil Nadu
EMP02601,Zaitra Seshadri,Director General,National Sample Survey Office (NSSO),9,31.9,MBA,1995-03-05,Andhra Pradesh
EMP02602,Aadi Samra,Assistant Director,Data Informatics & Innovation Division (DIID),4,15.4,PhD Statistics,2011-09-02,West Bengal
EMP02603,Siya Dara,Director General,Data Informatics & Innovation Division (DIID),9,32.6,MBA,1994-01-13,Odisha
EMP02604,Yashvi Khare,Director,National Sample Survey Office (NSSO),7,26.2,MBA,2000-06-02,Telangana
EMP02605,Anvi Dhar,Deputy Director,Economic Census Division (ECD),5,16.8,M.Tech Computer Science,2010-08-14,Maharashtra
EMP02606,Krishna Mody,Deputy Director,Price Statistics Division (PSD),5,15.0,M.Sc. Data Science,2011-07-12,Uttarakhand
EMP02607,Krish Agrawal,Director,Price Statistics Division (PSD),7,17.0,M.Sc. Mathematics,2009-07-05,Uttar Pradesh
EMP02608,Vyanjana Basak,Statistical Officer (SO),National Accounts Division (NAD),2,2.6,M.Tech Computer Science,2024-07-22,Rajasthan
EMP02609,Maanas Seshadri,Joint Director,State DES - Maharashtra,6,23.3,M.A. Economics,2003-11-05,Kerala
EMP02610,Anya Mukhopadhyay,Director General,State DES - Tamil Nadu,9,32.2,B.Sc. Statistics,1994-12-16,Chhattisgarh
EMP02611,Amaira Mukhopadhyay,Statistical Officer (SO),Data Informatics & Innovation Division (DIID),2,7.2,M.Sc. Mathematics,2019-12-10,Gujarat
EMP02612,Aarush Seth,Statistical Officer (SO),State DES - Karnataka,2,6.6,MBA,2020-04-07,Kerala
EMP02613,Harini Gupta,Assistant Director,State DES - Bihar,4,14.9,M.Tech Computer Science,2012-03-12,Odisha
EMP02614,Varsha Ahluwalia,Joint Director,Price Statistics Division (PSD),6,18.4,M.Sc. Data Science,2008-04-27,Kerala
EMP02615,Mitali Lata,Assistant Director,State DES - Bihar,4,6.8,M.A. Economics,2020-08-13,Jharkhand
EMP02616,Amaira Kant,Deputy Director,State DES - Uttar Pradesh,5,12.7,MBA,2014-11-09,Uttarakhand
EMP02617,Falak Gupta,Additional Director General,State DES - Bihar,8,22.8,M.Tech Computer Science,2004-04-12,Haryana
EMP02618,Zaitra De,Joint Director,Economic Census Division (ECD),6,18.8,MBA,2008-12-20,Andhra Pradesh
EMP02619,Timothy Chaudhary,Director,National Sample Survey Office (NSSO),7,26.5,MBA,2000-05-05,Rajasthan
EMP02620,Nikita Shroff,Joint Director,Central Statistics Office (CSO),6,15.4,B.Sc. Statistics,2011-06-27,Uttarakhand
EMP02621,Libni Murthy,Deputy Director,Social Statistics Division (SSD),5,14.1,M.Sc. Mathematics,2012-10-05,Andhra Pradesh
EMP02622,Eshana Gill,Joint Director,Data Informatics & Innovation Division (DIID),6,18.9,M.Tech Computer Science,2008-03-04,Odisha
EMP02623,Tejas Singh,Junior Statistical Officer (JSO),Economic Census Division (ECD),1,2.8,M.Sc. Mathematics,2024-06-25,Gujarat
EMP02624,Leela Dhar,Statistical Officer (SO),Data Informatics & Innovation Division (DIID),2,3.9,M.Sc. Statistics,2023-01-22,Punjab
EMP02625,Gaurika Mandal,Director General,Price Statistics Division (PSD),9,29.0,M.Sc. Mathematics,1997-02-10,Madhya Pradesh
EMP02626,Timothy Bhatti,Deputy Director,Central Statistics Office (CSO),5,11.1,PhD Statistics,2015-07-08,Uttarakhand
EMP02627,Varsha Mani,Additional Director General,State DES - Tamil Nadu,8,20.7,B.Sc. Statistics,2006-09-21,West Bengal
EMP02628,Vedhika Sandhu,Statistical Officer (SO),State DES - Maharashtra,2,5.5,M.A. Economics,2021-03-04,Uttar Pradesh
EMP02629,Nikita Kant,Director General,State DES - Maharashtra,9,27.4,M.Tech Computer Science,1999-03-07,Haryana
EMP02630,Siya Seth,Deputy Director,National Accounts Division (NAD),5,16.4,MBA,2010-08-09,Jharkhand
EMP02631,Parth Tripathi,Additional Director General,State DES - Uttar Pradesh,8,18.6,M.Sc. Data Science,2008-11-27,Uttar Pradesh
EMP02632,Vedhika Narayanan,Director General,Social Statistics Division (SSD),9,26.9,M.Sc. Mathematics,2000-08-15,Gujarat
EMP02633,Aahana Bhatt,Director,Social Statistics Division (SSD),7,19.8,MBA,2007-04-15,Rajasthan
EMP02634,Krish Joshi,Deputy Director,State DES - Tamil Nadu,5,18.1,B.Sc. Statistics,2008-03-27,Telangana
EMP02635,Aahana Rao,Statistical Officer (SO),Social Statistics Division (SSD),2,2.2,M.A. Economics,2024-11-02,Jharkhand
EMP02636,Mitali Narayanan,Senior Statistical Officer (SSO),State DES - Tamil Nadu,3,8.8,M.Sc. Mathematics,2018-02-10,Bihar
EMP02637,Darsh Bhatti,Additional Director General,Price Statistics Division (PSD),8,26.0,M.Sc. Statistics,2000-01-20,Madhya Pradesh
EMP02638,Anvi Chacko,Statistical Officer (SO),Price Statistics Division (PSD),2,7.4,MBA,2019-11-23,Jharkhand
EMP02639,Nikita Dani,Senior Statistical Officer (SSO),Price Statistics Division (PSD),3,13.1,M.Sc. Statistics,2013-07-20,Rajasthan
EMP02640,Neelima Sidhu,Senior Statistical Officer (SSO),Data Informatics & Innovation Division (DIID),3,9.2,M.Sc. Mathematics,2017-10-21,West Bengal
EMP02641,Darsh Bhasin,Additional Director General,Social Statistics Division (SSD),8,27.4,M.Sc. Mathematics,1999-10-12,Telangana
EMP02642,Jagvi Kapoor,Assistant Director,National Accounts Division (NAD),4,15.1,M.Sc. Mathematics,2011-11-23,Bihar
EMP02643,Timothy Seth,Additional Director General,State DES - Karnataka,8,20.7,M.Sc. Data Science,2006-10-20,Jharkhand
EMP02644,Darsh Nath,Deputy Director,State DES - Uttar Pradesh,5,12.6,M.Sc. Data Science,2014-04-05,Telangana
EMP02645,Yashvi De,Director,Social Statistics Division (SSD),7,16.0,B.Sc. Statistics,2010-07-03,Assam
EMP02646,Aarush Ahluwalia,Director General,Central Statistics Office (CSO),9,33.7,M.Sc. Mathematics,1993-10-16,Andhra Pradesh
EMP02647,Yatin Joshi,Director General,Price Statistics Division (PSD),9,31.7,MBA,1995-02-01,Maharashtra
EMP02648,Falak Joshi,Senior Statistical Officer (SSO),Social Statistics Division (SSD),3,8.0,M.Sc. Data Science,2018-11-18,Chhattisgarh
EMP02649,Dev Shroff,Statistical Officer (SO),State DES - Uttar Pradesh,2,8.7,MBA,2018-09-28,Kerala
EMP02650,Gaurika Mani,Director,Social Statistics Division (SSD),7,20.7,PhD Statistics,2006-03-05,Kerala
EMP02651,Viraj Rai,Senior Statistical Officer (SSO),National Accounts Division (NAD),3,5.4,B.Sc. Statistics,2021-10-10,Tamil Nadu
EMP02652,Gaurika Balasubramanian,Joint Director,State DES - Tamil Nadu,6,18.7,M.Sc. Mathematics,2008-03-24,Uttar Pradesh
EMP02653,Neelima Dara,Junior Statistical Officer (JSO),State DES - Karnataka,1,2.5,M.A. Economics,2024-06-21,Rajasthan
EMP02654,Charan Kapoor,Director,State DES - Tamil Nadu,7,17.9,PhD Statistics,2009-02-28,Gujarat
EMP02655,Jeet Joshi,Director General,Data Informatics & Innovation Division (DIID),9,22.7,PhD Statistics,2004-02-27,Kerala
EMP02656,Zaitra Nath,Additional Director General,Price Statistics Division (PSD),8,26.0,M.Tech Computer Science,2000-11-18,Tamil Nadu
EMP02657,Eshana Balasubramanian,Junior Statistical Officer (JSO),National Sample Survey Office (NSSO),1,4.6,M.Sc. Data Science,2022-03-13,Andhra Pradesh
EMP02658,Varsha Ahluwalia,Director General,State DES - Tamil Nadu,9,31.4,MBA,1995-10-27,Gujarat
EMP02659,Lakshit Dasgupta,Joint Director,Social Statistics Division (SSD),6,16.6,M.Tech Computer Science,2010-01-12,Assam
EMP02660,Eshana Borra,Statistical Officer (SO),State DES - Tamil Nadu,2,7.6,M.Sc. Statistics,2019-02-14,Telangana
EMP02661,Lakshit Krishnan,Statistical Officer (SO),State DES - Tamil Nadu,2,2.5,M.A. Economics,2024-07-09,Haryana
EMP02662,Amaira Bhasin,Statistical Officer (SO),Data Informatics & Innovation Division (DIID),2,6.0,M.Sc. Data Science,2020-06-15,Uttarakhand
EMP02663,Harini Dani,Joint Director,Central Statistics Office (CSO),6,21.7,PhD Statistics,2005-03-01,West Bengal
EMP02664,Gaurika Luthra,Director,State DES - Tamil Nadu,7,26.7,B.Sc. Statistics,2000-10-28,Karnataka
EMP02665,Jeet Dani,Statistical Officer (SO),State DES - Tamil Nadu,2,3.0,M.Sc. Statistics,2023-05-03,Bihar
EMP02666,Kabir Bhasin,Assistant Director,Data Informatics & Innovation Division (DIID),4,13.5,MBA,2013-09-19,Odisha
EMP02667,Jeet Sem,Director,State DES - Maharashtra,7,15.4,PhD Statistics,2011-02-06,Rajasthan
EMP02668,Vyanjana Dani,Additional Director General,State DES - Karnataka,8,20.8,M.Sc. Mathematics,2006-08-21,Bihar
EMP02669,Daniel Mukhopadhyay,Junior Statistical Officer (JSO),Social Statistics Division (SSD),1,2.8,PhD Statistics,2024-07-12,Chhattisgarh
EMP02670,Zaitra Seshadri,Assistant Director,State DES - Tamil Nadu,4,15.4,M.Tech Computer Science,2011-02-20,Rajasthan
EMP02671,Nikita Tella,Director,Price Statistics Division (PSD),7,18.9,B.Sc. Statistics,2008-11-24,Jharkhand
EMP02672,Yatin Dhar,Joint Director,National Sample Survey Office (NSSO),6,14.2,M.Sc. Mathematics,2012-03-04,Maharashtra
EMP02673,Vinaya Bains,Joint Director,Social Statistics Division (SSD),6,22.1,PhD Statistics,2004-05-10,Andhra Pradesh
EMP02674,Aadi Tella,Additional Director General,Economic Census Division (ECD),8,27.6,PhD Statistics,1999-12-02,West Bengal
EMP02675,Krish Bhatt,Director,State DES - Uttar Pradesh,7,26.6,MBA,2000-05-18,Punjab
EMP02676,Varsha Bali,Director,Economic Census Division (ECD),7,21.0,PhD Statistics,2005-08-10,Uttarakhand
EMP02677,Bimala Samra,Director,Data Informatics & Innovation Division (DIID),7,24.8,M.A. Economics,2002-12-02,Madhya Pradesh
EMP02678,Gaurika Tripathi,Joint Director,Data Informatics & Innovation Division (DIID),6,12.4,M.Sc. Data Science,2014-06-23,Telangana
EMP02679,Yashvi Dasgupta,Assistant Director,State DES - Bihar,4,6.4,MBA,2020-10-14,Kerala
EMP02680,Bahadurjit Shroff,Additional Director General,National Sample Survey Office (NSSO),8,23.3,M.A. Economics,2003-10-23,Bihar
EMP02681,Daniel Chacko,Joint Director,State DES - Bihar,6,14.5,M.A. Economics,2012-08-24,Uttarakhand
EMP02682,Krish Shroff,Joint Director,National Accounts Division (NAD),6,16.2,M.Sc. Mathematics,2010-07-22,Odisha
EMP02683,Viraj De,Deputy Director,National Sample Survey Office (NSSO),5,11.3,M.A. Economics,2015-05-17,Himachal Pradesh
EMP02684,Bahadurjit Tripathi,Director General,Social Statistics Division (SSD),9,32.1,MBA,1994-05-14,Telangana
EMP02685,Varsha De,Assistant Director,Social Statistics Division (SSD),4,9.0,M.Tech Computer Science,2017-12-08,Punjab
EMP02686,Anvi Talwar,Deputy Director,Economic Census Division (ECD),5,16.9,M.Sc. Statistics,2010-10-20,Andhra Pradesh
EMP02687,Vinaya Singh,Assistant Director,Economic Census Division (ECD),4,14.3,M.Tech Computer Science,2012-08-10,Uttarakhand
EMP02688,Yashvi Bhasin,Deputy Director,Economic Census Division (ECD),5,17.8,B.Sc. Statistics,2009-11-27,Jharkhand
EMP02689,Varsha Khare,Director General,Price Statistics Division (PSD),9,24.1,B.Sc. Statistics,2002-06-17,Uttarakhand
EMP02690,Yash Bhatt,Additional Director General,Price Statistics Division (PSD),8,26.7,M.Tech Computer Science,2000-04-06,Tamil Nadu
EMP02691,Anya Nath,Additional Director General,State DES - Bihar,8,19.5,M.Sc. Mathematics,2007-08-25,Tamil Nadu
EMP02692,Mitali Dasgupta,Joint Director,State DES - Maharashtra,6,15.6,M.A. Economics,2011-05-21,Rajasthan
EMP02693,Leela Gill,Director,State DES - Uttar Pradesh,7,19.4,M.Sc. Mathematics,2007-01-08,Bihar
EMP02694,Krish Nazareth,Deputy Director,Data Informatics & Innovation Division (DIID),5,11.8,M.Tech Computer Science,2015-02-05,Andhra Pradesh
EMP02695,Lakshit Murthy,Assistant Director,Central Statistics Office (CSO),4,11.7,M.Sc. Mathematics,2015-02-05,Telangana
EMP02696,Timothy Joshi,Assistant Director,State DES - Uttar Pradesh,4,13.3,M.A. Economics,2013-06-17,Andhra Pradesh
EMP02697,Leela Dubey,Director,State DES - Karnataka,7,17.3,M.A. Economics,2009-01-18,Assam
EMP02698,Vyanjana Lata,Statistical Officer (SO),State DES - Karnataka,2,8.5,M.Sc. Data Science,2018-05-23,Karnataka
EMP02699,Siya Taneja,Deputy Director,State DES - Bihar,5,10.9,M.A. Economics,2016-07-08,Andhra Pradesh
EMP02700,Nikita Bains,Assistant Director,State DES - Maharashtra,4,15.3,M.A. Economics,2011-04-10,Maharashtra
EMP02701,Bimala Shroff,Assistant Director,National Accounts Division (NAD),4,14.3,M.Sc. Mathematics,2012-04-07,Maharashtra
EMP02702,Anvi Sem,Deputy Director,Data Informatics & Innovation Division (DIID),5,10.8,M.Sc. Data Science,2016-01-10,Tamil Nadu
EMP02703,Yashvi Chaudhuri,Additional Director General,Data Informatics & Innovation Division (DIID),8,26.6,MBA,2000-01-02,Chhattisgarh
EMP02704,Harini Gill,Joint Director,National Accounts Division (NAD),6,20.5,M.Tech Computer Science,2006-10-02,Andhra Pradesh
EMP02705,Harsh Basak,Statistical Officer (SO),State DES - Uttar Pradesh,2,6.5,PhD Statistics,2020-02-15,Punjab
EMP02706,Gaurika Mody,Junior Statistical Officer (JSO),Social Statistics Division (SSD),1,2.2,B.Sc. Statistics,2024-04-18,Bihar
EMP02707,Yatin Gill,Joint Director,National Accounts Division (NAD),6,23.4,M.Sc. Mathematics,2003-10-09,Chhattisgarh
EMP02708,Vyanjana Dara,Joint Director,Social Statistics Division (SSD),6,14.2,M.Sc. Mathematics,2012-04-05,Rajasthan
EMP02709,Gunbir Balasubramanian,Assistant Director,Central Statistics Office (CSO),4,6.1,M.Sc. Mathematics,2020-07-19,Haryana
EMP02710,Anya Rai,Assistant Director,Price Statistics Division (PSD),4,14.8,B.Sc. Statistics,2012-04-09,Gujarat
EMP02711,Yash Sem,Additional Director General,State DES - Bihar,8,18.8,M.Sc. Statistics,2008-08-12,Madhya Pradesh
EMP02712,Libni Seth,Junior Statistical Officer (JSO),Data Informatics & Innovation Division (DIID),1,2.8,M.Sc. Mathematics,2024-10-20,Assam
EMP02713,Neelima Bali,Joint Director,State DES - Bihar,6,15.0,B.Sc. Statistics,2011-05-21,Uttar Pradesh
EMP02714,Siya Rai,Junior Statistical Officer (JSO),National Accounts Division (NAD),1,1.3,M.Sc. Data Science,2025-09-25,Uttarakhand
EMP02715,Gaurika Seth,Additional Director General,Central Statistics Office (CSO),8,20.0,M.Sc. Data Science,2006-12-26,Kerala
EMP02716,Maanas Nazareth,Senior Statistical Officer (SSO),State DES - Uttar Pradesh,3,9.4,M.Sc. Statistics,2017-12-26,Uttarakhand
EMP02717,Aarush Mani,Junior Statistical Officer (JSO),State DES - Bihar,1,1.4,M.Sc. Mathematics,2025-11-26,Uttar Pradesh
EMP02718,Maanas Chhabra,Junior Statistical Officer (JSO),Central Statistics Office (CSO),1,4.5,PhD Statistics,2022-05-22,Madhya Pradesh
EMP02719,Bimala Rao,Additional Director General,National Sample Survey Office (NSSO),8,26.8,PhD Statistics,2000-06-27,Assam
EMP02720,Gaurika Shukla,Statistical Officer (SO),State DES - Karnataka,2,6.4,M.Sc. Mathematics,2020-01-13,Kerala
EMP02721,Siya Tella,Director General,State DES - Uttar Pradesh,9,24.7,M.Sc. Mathematics,2002-11-05,Assam
EMP02722,Hitesh Chaudhary,Statistical Officer (SO),Social Statistics Division (SSD),2,3.3,B.Sc. Statistics,2023-12-11,Uttarakhand
EMP02723,Daniel Dara,Director General,Economic Census Division (ECD),9,25.4,M.Sc. Mathematics,2001-08-08,Gujarat
EMP02724,Dev Mody,Additional Director General,National Sample Survey Office (NSSO),8,24.9,M.Sc. Mathematics,2002-03-03,Tamil Nadu
EMP02725,Nikita Ahluwalia,Statistical Officer (SO),State DES - Maharashtra,2,5.7,B.Sc. Statistics,2021-12-12,Gujarat
EMP02726,Mohammed Taneja,Director,State DES - Bihar,7,24.7,B.Sc. Statistics,2002-08-28,Karnataka
EMP02727,Charan Tiwari,Additional Director General,Central Statistics Office (CSO),8,21.5,M.Sc. Data Science,2005-03-12,Himachal Pradesh
EMP02728,Anya Dhar,Deputy Director,National Accounts Division (NAD),5,15.9,M.A. Economics,2011-08-04,Tamil Nadu
EMP02729,Darsh Shroff,Senior Statistical Officer (SSO),Data Informatics & Innovation Division (DIID),3,13.1,M.Tech Computer Science,2013-04-18,Gujarat
EMP02730,Mitali Shroff,Senior Statistical Officer (SSO),Economic Census Division (ECD),3,4.2,M.Sc. Mathematics,2022-02-13,Bihar
EMP02731,Darsh Kaur,Joint Director,Economic Census Division (ECD),6,20.2,MBA,2006-04-24,Rajasthan
EMP02732,Utkarsh Nath,Director General,Price Statistics Division (PSD),9,31.8,M.Tech Computer Science,1995-05-15,Punjab
EMP02733,Bimala Kapoor,Junior Statistical Officer (JSO),State DES - Maharashtra,1,2.2,PhD Statistics,2024-10-19,Jharkhand
EMP02734,Libni Gupta,Junior Statistical Officer (JSO),Central Statistics Office (CSO),1,2.1,M.Sc. Mathematics,2024-06-20,West Bengal
EMP02735,Vedhika Kaur,Director General,National Sample Survey Office (NSSO),9,30.2,M.A. Economics,1996-11-15,Rajasthan
EMP02736,Falak Borra,Senior Statistical Officer (SSO),State DES - Tamil Nadu,3,8.0,M.Sc. Data Science,2018-10-24,Uttar Pradesh
EMP02737,Eshana Shukla,Assistant Director,State DES - Uttar Pradesh,4,8.7,PhD Statistics,2018-06-26,Assam
EMP02738,Joshua Luthra,Joint Director,Central Statistics Office (CSO),6,18.8,MBA,2008-07-12,Karnataka
EMP02739,Rushil Samra,Senior Statistical Officer (SSO),National Accounts Division (NAD),3,12.1,B.Sc. Statistics,2014-10-24,Telangana
EMP02740,Libni Luthra,Senior Statistical Officer (SSO),National Sample Survey Office (NSSO),3,9.9,M.Sc. Statistics,2017-07-07,Haryana
EMP02741,Mitali Balasubramanian,Joint Director,State DES - Tamil Nadu,6,15.8,MBA,2011-07-08,Gujarat
EMP02742,Mitali Chaudhuri,Senior Statistical Officer (SSO),National Accounts Division (NAD),3,10.5,M.Tech Computer Science,2016-01-14,Uttar Pradesh
EMP02743,Daniel Bains,Joint Director,State DES - Karnataka,6,20.0,B.Sc. Statistics,2006-06-04,Chhattisgarh
EMP02744,Kabir Rai,Statistical Officer (SO),State DES - Maharashtra,2,3.6,B.Sc. Statistics,2023-05-19,Maharashtra
EMP02745,Rushil Tripathi,Assistant Director,National Accounts Division (NAD),4,13.0,M.Sc. Statistics,2013-03-28,Karnataka
EMP02746,Harsh Goswami,Senior Statistical Officer (SSO),Social Statistics Division (SSD),3,11.8,M.Tech Computer Science,2015-11-04,Jharkhand
EMP02747,Leela Kant,Director General,Data Informatics & Innovation Division (DIID),9,23.8,MBA,2003-08-13,Chhattisgarh
EMP02748,Anvi Kapoor,Junior Statistical Officer (JSO),State DES - Karnataka,1,1.4,M.Sc. Statistics,2025-06-09,Jharkhand
EMP02749,Harini Rao,Junior Statistical Officer (JSO),Economic Census Division (ECD),1,2.6,M.Sc. Mathematics,2024-01-26,West Bengal
EMP02750,Daniel Shroff,Director General,State DES - Uttar Pradesh,9,33.0,PhD Statistics,1993-08-08,Jharkhand
EMP02751,Hiral Bhatti,Director General,State DES - Bihar,9,25.9,MBA,2001-05-28,Andhra Pradesh
EMP02752,Krishna Mital,Deputy Director,National Sample Survey Office (NSSO),5,16.8,MBA,2010-04-10,Bihar
EMP02753,Varsha Shroff,Statistical Officer (SO),State DES - Bihar,2,6.3,MBA,2020-03-03,Bihar
EMP02754,Kabir Shroff,Junior Statistical Officer (JSO),National Sample Survey Office (NSSO),1,2.2,B.Sc. Statistics,2024-03-20,Punjab
EMP02755,Gaurika Rao,Assistant Director,National Sample Survey Office (NSSO),4,14.0,M.Tech Computer Science,2012-09-19,Assam
EMP02756,Timothy Tiwari,Statistical Officer (SO),State DES - Karnataka,2,2.6,PhD Statistics,2024-07-19,Bihar
EMP02757,Bahadurjit Dubey,Deputy Director,State DES - Maharashtra,5,14.8,M.Sc. Statistics,2012-09-23,Uttar Pradesh
EMP02758,Kabir Joshi,Director General,Price Statistics Division (PSD),9,22.2,MBA,2004-07-01,Madhya Pradesh
EMP02759,Utkarsh Khare,Senior Statistical Officer (SSO),Central Statistics Office (CSO),3,11.1,B.Sc. Statistics,2015-04-24,Telangana
EMP02760,Joshua Rao,Joint Director,Data Informatics & Innovation Division (DIID),6,14.3,M.Sc. Data Science,2012-01-11,Tamil Nadu
EMP02761,Dev Nazareth,Joint Director,Economic Census Division (ECD),6,21.7,M.Sc. Data Science,2005-04-18,Jharkhand
EMP02762,Leela Nath,Joint Director,National Accounts Division (NAD),6,18.6,MBA,2008-03-22,Himachal Pradesh
EMP02763,Timothy Bhasin,Junior Statistical Officer (JSO),Data Informatics & Innovation Division (DIID),1,1.2,MBA,2025-08-25,Uttar Pradesh
EMP02764,Vyanjana Singh,Assistant Director,State DES - Maharashtra,4,7.8,M.Sc. Data Science,2019-10-13,Jharkhand
EMP02765,Vedhika Gill,Assistant Director,State DES - Uttar Pradesh,4,8.1,MBA,2018-09-11,Karnataka
EMP02766,Dev Joshi,Director General,Data Informatics & Innovation Division (DIID),9,33.0,M.Sc. Mathematics,1993-08-04,Andhra Pradesh
EMP02767,Zaitra De,Director General,National Sample Survey Office (NSSO),9,25.7,B.Sc. Statistics,2001-04-05,Karnataka
EMP02768,Varsha Chaudhary,Senior Statistical Officer (SSO),Price Statistics Division (PSD),3,6.0,M.Sc. Mathematics,2020-11-18,Tamil Nadu
EMP02769,Tejas Chaudhary,Assistant Director,National Accounts Division (NAD),4,9.5,PhD Statistics,2017-12-28,Himachal Pradesh
EMP02770,Anjali Gola,Additional Director General,State DES - Bihar,8,21.9,B.Sc. Statistics,2005-08-16,Andhra Pradesh
EMP02771,Daniel Goswami,Junior Statistical Officer (JSO),State DES - Tamil Nadu,1,2.7,M.A. Economics,2024-03-01,Uttarakhand
EMP02772,Dev Kapoor,Director General,State DES - Tamil Nadu,9,28.3,M.Tech Computer Science,1998-02-20,Gujarat
EMP02773,Maanas Sem,Additional Director General,National Sample Survey Office (NSSO),8,29.5,PhD Statistics,1997-12-04,Jharkhand
EMP02774,Neelima Dhar,Director,State DES - Maharashtra,7,22.0,M.Sc. Data Science,2004-12-10,Chhattisgarh
EMP02775,Neelima Chaudhuri,Additional Director General,State DES - Tamil Nadu,8,20.1,B.Sc. Statistics,2006-12-13,Bihar
EMP02776,Daniel Kant,Director,National Accounts Division (NAD),7,21.4,M.A. Economics,2005-02-05,Uttarakhand
EMP02777,Eshana Prabhu,Assistant Director,State DES - Maharashtra,4,9.1,M.Sc. Mathematics,2017-06-08,Haryana
EMP02778,Amaira Krishnan,Director,Central Statistics Office (CSO),7,22.5,PhD Statistics,2004-03-19,Punjab
EMP02779,Imaran Dubey,Junior Statistical Officer (JSO),State DES - Tamil Nadu,1,2.8,PhD Statistics,2024-10-14,Bihar
EMP02780,Vyanjana Dhar,Deputy Director,State DES - Uttar Pradesh,5,9.6,MBA,2017-01-18,Assam
EMP02781,Krish Taneja,Additional Director General,State DES - Tamil Nadu,8,21.7,PhD Statistics,2005-09-12,Kerala
EMP02782,Vedhika Murthy,Deputy Director,National Sample Survey Office (NSSO),5,13.1,M.Sc. Data Science,2013-09-28,Himachal Pradesh
EMP02783,Anvi Joshi,Director,Economic Census Division (ECD),7,20.5,PhD Statistics,2006-11-11,Jharkhand
EMP02784,Viraj Dara,Director General,National Sample Survey Office (NSSO),9,31.7,MBA,1995-10-18,Punjab
EMP02785,Amaira Borra,Deputy Director,State DES - Karnataka,5,12.2,M.Sc. Mathematics,2014-07-01,Jharkhand
EMP02786,Eshana Luthra,Statistical Officer (SO),Central Statistics Office (CSO),2,7.8,M.Sc. Mathematics,2019-03-15,Andhra Pradesh
EMP02787,Mitali Dara,Director,State DES - Karnataka,7,18.5,B.Sc. Statistics,2008-09-06,West Bengal
EMP02788,Parth Rao,Deputy Director,National Sample Survey Office (NSSO),5,12.6,M.Sc. Data Science,2014-09-18,West Bengal
EMP02789,Aadi Taneja,Assistant Director,Central Statistics Office (CSO),4,14.7,M.A. Economics,2012-05-22,Assam
EMP02790,Jagvi Rao,Director General,State DES - Karnataka,9,24.8,PhD Statistics,2002-12-04,Kerala
EMP02791,Harini Sidhu,Director,Price Statistics Division (PSD),7,26.8,B.Sc. Statistics,2000-08-26,Bihar
EMP02792,Siya Nath,Junior Statistical Officer (JSO),Central Statistics Office (CSO),1,1.0,M.A. Economics,2025-11-13,Andhra Pradesh
EMP02793,Anya Dhar,Joint Director,Central Statistics Office (CSO),6,19.7,M.A. Economics,2007-05-04,Andhra Pradesh
EMP02794,Harini Borra,Assistant Director,State DES - Maharashtra,4,14.3,M.Tech Computer Science,2012-08-19,Madhya Pradesh
EMP02795,Charan Chaudhary,Additional Director General,Central Statistics Office (CSO),8,29.0,M.Sc. Statistics,1997-08-06,Jharkhand
EMP02796,Yash Basak,Junior Statistical Officer (JSO),State DES - Tamil Nadu,1,1.1,M.Sc. Data Science,2025-06-23,Madhya Pradesh
EMP02797,Eta Ahluwalia,Assistant Director,Economic Census Division (ECD),4,8.7,M.Tech Computer Science,2018-03-20,Kerala
EMP02798,Amaira Nazareth,Director,State DES - Tamil Nadu,7,20.8,M.A. Economics,2006-09-13,Madhya Pradesh
EMP02799,Jagvi Kant,Senior Statistical Officer (SSO),Central Statistics Office (CSO),3,7.0,MBA,2019-03-04,Bihar
EMP02800,Eshana Sidhu,Director,National Accounts Division (NAD),7,25.5,M.A. Economics,2001-03-06,Madhya Pradesh
EMP02801,Tejas Shroff,Statistical Officer (SO),Social Statistics Division (SSD),2,6.3,M.Sc. Data Science,2020-11-21,Rajasthan
EMP02802,Varsha Chhabra,Additional Director General,Economic Census Division (ECD),8,27.5,PhD Statistics,1999-08-13,Punjab
EMP02803,Anvi Rao,Deputy Director,Social Statistics Division (SSD),5,15.8,M.A. Economics,2011-04-20,Himachal Pradesh
EMP02804,Vyanjana Bhatti,Senior Statistical Officer (SSO),Price Statistics Division (PSD),3,5.0,M.Sc. Data Science,2021-01-16,Haryana
EMP02805,Hiral Samra,Senior Statistical Officer (SSO),State DES - Bihar,3,6.9,M.A. Economics,2020-02-06,Rajasthan
EMP02806,Mohammed Seshadri,Junior Statistical Officer (JSO),Price Statistics Division (PSD),1,1.0,MBA,2025-11-06,Bihar
EMP02807,Nikita Tiwari,Statistical Officer (SO),State DES - Uttar Pradesh,2,8.5,M.Sc. Data Science,2018-11-15,Bihar
EMP02808,Falak Luthra,Director,State DES - Maharashtra,7,24.3,M.Sc. Data Science,2002-06-18,Himachal Pradesh
EMP02809,Eshana Talwar,Joint Director,National Accounts Division (NAD),6,18.6,M.Sc. Mathematics,2008-11-10,Uttarakhand
EMP02810,Joshua Mukhopadhyay,Joint Director,Social Statistics Division (SSD),6,13.7,M.Sc. Statistics,2013-02-17,Andhra Pradesh
EMP02811,Eshana Dani,Joint Director,State DES - Uttar Pradesh,6,19.4,M.Sc. Statistics,2007-06-02,Maharashtra
EMP02812,Gunbir Tripathi,Junior Statistical Officer (JSO),State DES - Karnataka,1,2.5,M.Sc. Statistics,2024-08-15,Kerala
EMP02813,Anvi Krishnan,Additional Director General,Social Statistics Division (SSD),8,20.8,M.Sc. Data Science,2006-03-10,Telangana
EMP02814,Aahana Tiwari,Director General,State DES - Bihar,9,30.8,M.Tech Computer Science,1996-08-04,Tamil Nadu
EMP02815,Neelima Dhar,Deputy Director,State DES - Karnataka,5,16.0,PhD Statistics,2010-05-10,Rajasthan
EMP02816,Tejas Kapoor,Assistant Director,Price Statistics Division (PSD),4,6.4,PhD Statistics,2020-09-01,Jharkhand
EMP02817,Yashvi Mody,Statistical Officer (SO),Data Informatics & Innovation Division (DIID),2,5.7,M.Sc. Statistics,2021-12-07,Karnataka
EMP02818,Zaitra Seth,Director General,National Accounts Division (NAD),9,33.0,MBA,1993-09-16,Maharashtra
EMP02819,Manan Rao,Senior Statistical Officer (SSO),State DES - Maharashtra,3,12.1,M.Sc. Statistics,2014-03-16,Telangana
EMP02820,Rushil Dasgupta,Assistant Director,State DES - Maharashtra,4,6.1,MBA,2020-06-22,Uttar Pradesh
EMP02821,Anjali Bhatti,Senior Statistical Officer (SSO),State DES - Bihar,3,5.2,M.Tech Computer Science,2021-06-27,Madhya Pradesh
EMP02822,Varsha Rai,Joint Director,State DES - Uttar Pradesh,6,20.7,B.Sc. Statistics,2006-09-19,Tamil Nadu
EMP02823,Imaran Goswami,Joint Director,State DES - Uttar Pradesh,6,17.1,M.Sc. Data Science,2009-05-28,Punjab
EMP02824,Daniel Dani,Statistical Officer (SO),State DES - Uttar Pradesh,2,7.1,MBA,2019-10-26,Uttar Pradesh
EMP02825,Krishna Dhar,Statistical Officer (SO),Price Statistics Division (PSD),2,8.9,M.Sc. Data Science,2018-03-19,Andhra Pradesh
EMP02826,Amaira Bhasin,Deputy Director,State DES - Tamil Nadu,5,17.9,MBA,2009-06-02,Kerala
EMP02827,Bahadurjit Dhar,Junior Statistical Officer (JSO),National Sample Survey Office (NSSO),1,3.8,B.Sc. Statistics,2023-10-18,Chhattisgarh
EMP02828,Hitesh Dasgupta,Assistant Director,State DES - Maharashtra,4,11.8,M.Sc. Data Science,2015-03-04,Haryana
EMP02829,Leela Samra,Director General,State DES - Tamil Nadu,9,29.1,M.Tech Computer Science,1997-03-21,Punjab
EMP02830,Ranveer Kaur,Deputy Director,State DES - Maharashtra,5,16.4,M.Tech Computer Science,2010-11-20,Himachal Pradesh
EMP02831,Lakshit Sem,Joint Director,State DES - Maharashtra,6,17.3,M.A. Economics,2009-06-21,Assam
EMP02832,Leela Bhasin,Joint Director,National Accounts Division (NAD),6,21.1,M.Sc. Statistics,2005-01-06,Uttarakhand
EMP02833,Harsh Bains,Additional Director General,State DES - Uttar Pradesh,8,26.9,M.Sc. Statistics,2000-05-17,Bihar
EMP02834,Rushil Mody,Additional Director General,State DES - Uttar Pradesh,8,28.8,B.Sc. Statistics,1998-10-17,Haryana
EMP02835,Anvi Borra,Joint Director,Economic Census Division (ECD),6,21.7,M.Sc. Data Science,2005-08-25,Madhya Pradesh
EMP02836,Imaran Luthra,Director General,State DES - Maharashtra,9,33.9,M.Sc. Statistics,1993-03-24,Karnataka
EMP02837,Viraj Tella,Junior Statistical Officer (JSO),State DES - Maharashtra,1,1.8,M.A. Economics,2025-09-04,Madhya Pradesh
EMP02838,Timothy Samra,Assistant Director,State DES - Uttar Pradesh,4,12.1,M.Sc. Statistics,2014-06-19,Kerala
EMP02839,Krish Basak,Junior Statistical Officer (JSO),State DES - Karnataka,1,4.0,M.Sc. Mathematics,2022-08-15,Tamil Nadu
EMP02840,Aadi Ahluwalia,Joint Director,State DES - Maharashtra,6,15.8,MBA,2011-10-07,Madhya Pradesh
EMP02841,Yashvi Seth,Joint Director,State DES - Tamil Nadu,6,13.1,M.A. Economics,2013-09-25,Jharkhand
EMP02842,Amaira Bali,Additional Director General,Central Statistics Office (CSO),8,29.5,M.A. Economics,1997-03-22,Rajasthan
EMP02843,Krishna Narayanan,Statistical Officer (SO),Price Statistics Division (PSD),2,2.9,M.Sc. Statistics,2024-04-28,West Bengal
EMP02844,Rushil Bhatt,Additional Director General,State DES - Tamil Nadu,8,21.7,M.A. Economics,2005-02-08,Telangana
EMP02845,Lakshit De,Junior Statistical Officer (JSO),State DES - Bihar,1,3.3,M.A. Economics,2023-02-28,Chhattisgarh
EMP02846,Manan Talwar,Statistical Officer (SO),Social Statistics Division (SSD),2,2.3,B.Sc. Statistics,2024-05-07,Bihar
EMP02847,Leela Sem,Assistant Director,Social Statistics Division (SSD),4,10.0,PhD Statistics,2016-07-25,Rajasthan
EMP02848,Krishna Bhatt,Additional Director General,State DES - Bihar,8,18.9,M.A. Economics,2008-12-20,Jharkhand
EMP02849,Krishna Bhasin,Assistant Director,Price Statistics Division (PSD),4,8.1,B.Sc. Statistics,2018-11-11,West Bengal
EMP02850,Rushil Bhatti,Director,State DES - Tamil Nadu,7,16.1,M.Tech Computer Science,2010-11-08,Odisha
EMP02851,Nikita Mandal,Joint Director,Data Informatics & Innovation Division (DIID),6,22.3,M.Sc. Data Science,2004-08-19,Uttarakhand
EMP02852,Darsh Sidhu,Joint Director,National Sample Survey Office (NSSO),6,21.5,M.Sc. Statistics,2005-05-08,Andhra Pradesh
EMP02853,Krishna Mukhopadhyay,Junior Statistical Officer (JSO),State DES - Maharashtra,1,3.6,M.Sc. Data Science,2023-08-06,Assam
EMP02854,Mitali Narayanan,Senior Statistical Officer (SSO),Data Informatics & Innovation Division (DIID),3,9.4,MBA,2017-01-11,Madhya Pradesh
EMP02855,Aarush Singh,Deputy Director,National Sample Survey Office (NSSO),5,10.8,MBA,2016-05-03,Kerala
EMP02856,Jagvi Talwar,Director,National Sample Survey Office (NSSO),7,15.9,PhD Statistics,2011-11-07,Haryana
EMP02857,Hitesh Rao,Deputy Director,Economic Census Division (ECD),5,13.1,B.Sc. Statistics,2013-02-02,Telangana
EMP02858,Kabir Chaudhuri,Director General,National Accounts Division (NAD),9,28.6,PhD Statistics,1998-01-09,Rajasthan
EMP02859,Harsh Dani,Director,National Accounts Division (NAD),7,17.5,M.Sc. Statistics,2009-11-09,Kerala
EMP02860,Vedhika Krishnan,Additional Director General,State DES - Karnataka,8,19.4,M.Sc. Data Science,2007-06-26,Uttarakhand
EMP02861,Viraj Narayanan,Director,Central Statistics Office (CSO),7,21.9,MBA,2005-07-09,Assam
EMP02862,Mohammed Bali,Junior Statistical Officer (JSO),National Accounts Division (NAD),1,3.3,M.Tech Computer Science,2023-09-15,Himachal Pradesh
EMP02863,Bhavini Krishnan,Joint Director,Social Statistics Division (SSD),6,21.1,M.Sc. Statistics,2005-06-18,Gujarat
EMP02864,Utkarsh Kapoor,Additional Director General,State DES - Uttar Pradesh,8,19.6,M.Sc. Statistics,2007-05-07,Odisha
EMP02865,Amaira Mandal,Director,State DES - Maharashtra,7,24.7,M.Sc. Statistics,2002-07-27,Tamil Nadu
EMP02866,Hiral Seth,Deputy Director,Central Statistics Office (CSO),5,16.8,M.Sc. Data Science,2010-04-19,Punjab
EMP02867,Manan Bali,Director General,State DES - Maharashtra,9,32.8,PhD Statistics,1994-09-16,Rajasthan
EMP02868,Aahana Mandal,Joint Director,Price Statistics Division (PSD),6,23.5,M.Sc. Data Science,2003-07-10,Rajasthan
EMP02869,Bhavini Dasgupta,Additional Director General,Economic Census Division (ECD),8,18.2,M.Sc. Statistics,2008-12-01,Gujarat
EMP02870,Amaira Nath,Statistical Officer (SO),Social Statistics Division (SSD),2,8.6,M.Sc. Data Science,2018-11-28,Jharkhand
EMP02871,Yash Narayanan,Senior Statistical Officer (SSO),Data Informatics & Innovation Division (DIID),3,9.4,M.Sc. Mathematics,2017-05-26,Telangana
EMP02872,Joshua Nazareth,Deputy Director,National Accounts Division (NAD),5,9.7,M.Sc. Data Science,2017-10-02,Karnataka
EMP02873,Lakshit Mandal,Joint Director,National Accounts Division (NAD),6,17.4,B.Sc. Statistics,2009-05-03,Kerala
EMP02874,Amaira Ahluwalia,Additional Director General,State DES - Bihar,8,26.3,M.Tech Computer Science,2000-10-07,Tamil Nadu
EMP02875,Joshua Krishnan,Joint Director,Price Statistics Division (PSD),6,24.0,M.Sc. Statistics,2002-10-16,Maharashtra
EMP02876,Leela Murthy,Deputy Director,State DES - Tamil Nadu,5,10.0,M.Sc. Mathematics,2016-05-18,Bihar
EMP02877,Mitali Narayanan,Director General,State DES - Bihar,9,27.7,MBA,1999-10-14,Kerala
EMP02878,Viraj Shroff,Senior Statistical Officer (SSO),State DES - Uttar Pradesh,3,7.7,M.Tech Computer Science,2019-03-10,Bihar
EMP02879,Krish Borra,Assistant Director,National Sample Survey Office (NSSO),4,7.7,M.Sc. Statistics,2019-10-02,Chhattisgarh
EMP02880,Mitali Mody,Deputy Director,Data Informatics & Innovation Division (DIID),5,12.8,M.Sc. Statistics,2014-04-02,Andhra Pradesh
EMP02881,Rudra Nath,Senior Statistical Officer (SSO),State DES - Uttar Pradesh,3,9.5,M.Sc. Mathematics,2017-03-25,Maharashtra
EMP02882,Mitali Nazareth,Joint Director,Price Statistics Division (PSD),6,21.4,MBA,2005-12-05,Madhya Pradesh
EMP02883,Anjali Bhasin,Joint Director,State DES - Maharashtra,6,14.4,B.Sc. Statistics,2012-06-15,West Bengal
EMP02884,Rudra Dubey,Joint Director,National Sample Survey Office (NSSO),6,12.4,PhD Statistics,2014-03-11,Gujarat
EMP02885,Dayamai Bhasin,Junior Statistical Officer (JSO),State DES - Uttar Pradesh,1,1.1,M.Sc. Data Science,2025-08-03,Himachal Pradesh
EMP02886,Kabir Bali,Junior Statistical Officer (JSO),National Accounts Division (NAD),1,3.6,M.Sc. Mathematics,2023-02-07,Karnataka
EMP02887,Rushil Seth,Director,State DES - Bihar,7,21.8,PhD Statistics,2005-11-13,Karnataka
EMP02888,Falak Balasubramanian,Senior Statistical Officer (SSO),Economic Census Division (ECD),3,5.2,M.A. Economics,2021-12-14,Kerala
EMP02889,Yatin Joshi,Additional Director General,National Accounts Division (NAD),8,19.3,M.Sc. Statistics,2007-01-15,Assam
EMP02890,Gaurika Agrawal,Assistant Director,National Accounts Division (NAD),4,10.1,M.Sc. Data Science,2016-05-28,Punjab
EMP02891,Yatin Kapoor,Senior Statistical Officer (SSO),National Accounts Division (NAD),3,5.8,M.Sc. Statistics,2021-01-05,Andhra Pradesh
EMP02892,Hitesh Shroff,Assistant Director,Economic Census Division (ECD),4,15.1,M.Sc. Statistics,2011-12-22,Bihar
EMP02893,Lakshit Narayanan,Deputy Director,State DES - Uttar Pradesh,5,12.1,PhD Statistics,2014-07-20,Uttar Pradesh
EMP02894,Amaira Rai,Senior Statistical Officer (SSO),State DES - Tamil Nadu,3,8.2,M.A. Economics,2018-02-08,Haryana
EMP02895,Libni Bhatt,Additional Director General,State DES - Tamil Nadu,8,22.9,PhD Statistics,2004-05-24,Himachal Pradesh
EMP02896,Harini Narayanan,Senior Statistical Officer (SSO),Social Statistics Division (SSD),3,6.7,M.A. Economics,2020-09-12,Uttarakhand
EMP02897,Eta Kaur,Junior Statistical Officer (JSO),National Sample Survey Office (NSSO),1,1.5,M.Sc. Statistics,2025-09-19,Haryana
EMP02898,Libni Seshadri,Statistical Officer (SO),Data Informatics & Innovation Division (DIID),2,3.2,MBA,2023-12-20,Punjab
EMP02899,Dayamai Rao,Director,State DES - Maharashtra,7,18.1,MBA,2008-11-14,Jharkhand
EMP02900,Maanas Rai,Additional Director General,Central Statistics Office (CSO),8,22.6,B.Sc. Statistics,2004-09-09,Jharkhand
EMP02901,Anvi Sem,Deputy Director,State DES - Bihar,5,9.2,M.Sc. Data Science,2017-11-18,Odisha
EMP02902,Nikita Bhasin,Statistical Officer (SO),State DES - Uttar Pradesh,2,6.0,M.Tech Computer Science,2020-10-05,Himachal Pradesh
EMP02903,Nikita De,Deputy Director,Data Informatics & Innovation Division (DIID),5,9.4,M.Sc. Data Science,2017-10-24,Andhra Pradesh
EMP02904,Dev Bhatt,Assistant Director,Price Statistics Division (PSD),4,13.9,M.Tech Computer Science,2013-05-17,Chhattisgarh
EMP02905,Vyanjana Krishnan,Additional Director General,Central Statistics Office (CSO),8,29.3,M.Sc. Mathematics,1997-04-19,Tamil Nadu
EMP02906,Gunbir Shukla,Joint Director,National Accounts Division (NAD),6,15.3,M.Sc. Mathematics,2011-03-03,West Bengal
EMP02907,Joshua Mody,Additional Director General,State DES - Bihar,8,26.2,M.Sc. Mathematics,2000-06-11,West Bengal
EMP02908,Krish Basak,Assistant Director,Central Statistics Office (CSO),4,13.6,B.Sc. Statistics,2013-01-18,West Bengal
EMP02909,Gunbir Kaur,Assistant Director,State DES - Bihar,4,13.9,MBA,2013-04-19,Odisha
EMP02910,Eta Murthy,Junior Statistical Officer (JSO),State DES - Maharashtra,1,1.0,M.Sc. Statistics,2025-05-04,Tamil Nadu
EMP02911,Krishna Lata,Junior Statistical Officer (JSO),National Sample Survey Office (NSSO),1,1.1,MBA,2025-12-21,Uttarakhand
EMP02912,Harsh Seth,Assistant Director,State DES - Uttar Pradesh,4,7.4,M.Sc. Data Science,2019-12-27,Odisha
EMP02913,Vinaya Mukhopadhyay,Director General,State DES - Karnataka,9,33.3,PhD Statistics,1993-01-13,Himachal Pradesh
EMP02914,Krish Rao,Joint Director,National Sample Survey Office (NSSO),6,15.6,MBA,2011-05-13,Assam
EMP02915,Zaitra Nazareth,Junior Statistical Officer (JSO),State DES - Karnataka,1,1.1,M.Tech Computer Science,2025-04-14,Gujarat
EMP02916,Eta Basak,Statistical Officer (SO),Price Statistics Division (PSD),2,7.1,PhD Statistics,2019-02-17,Karnataka
EMP02917,Bimala Samra,Joint Director,State DES - Karnataka,6,13.1,M.A. Economics,2013-06-17,Kerala
EMP02918,Harsh Bali,Deputy Director,Central Statistics Office (CSO),5,10.5,M.Sc. Data Science,2016-11-01,Kerala
EMP02919,Anjali Kant,Assistant Director,Price Statistics Division (PSD),4,9.2,M.Tech Computer Science,2017-07-01,Madhya Pradesh
EMP02920,Aahana Bhatti,Director,State DES - Karnataka,7,26.3,M.Tech Computer Science,2000-10-23,Punjab
EMP02921,Parth Tiwari,Director,National Accounts Division (NAD),7,20.2,B.Sc. Statistics,2006-01-18,Tamil Nadu
EMP02922,Maanas Krishnan,Junior Statistical Officer (JSO),State DES - Bihar,1,4.2,M.Sc. Statistics,2022-03-05,Jharkhand
EMP02923,Jeet Chacko,Director General,Economic Census Division (ECD),9,27.4,B.Sc. Statistics,1999-07-05,Bihar
EMP02924,Mitali Gola,Joint Director,National Sample Survey Office (NSSO),6,18.0,PhD Statistics,2008-12-11,Kerala
EMP02925,Ekaja Bhatt,Additional Director General,Social Statistics Division (SSD),8,20.7,M.Sc. Data Science,2006-05-06,Madhya Pradesh
EMP02926,Libni Chacko,Joint Director,Central Statistics Office (CSO),6,23.9,B.Sc. Statistics,2003-02-06,Punjab
EMP02927,Bahadurjit Goswami,Director General,State DES - Maharashtra,9,33.4,M.A. Economics,1993-09-04,Tamil Nadu
EMP02928,Vedhika Shukla,Statistical Officer (SO),State DES - Tamil Nadu,2,6.4,M.A. Economics,2020-10-01,Telangana
EMP02929,Ranveer Chaudhuri,Director,Central Statistics Office (CSO),7,16.4,B.Sc. Statistics,2010-10-06,Odisha
EMP02930,Yashvi Ahluwalia,Deputy Director,Central Statistics Office (CSO),5,13.3,B.Sc. Statistics,2013-03-18,Karnataka
EMP02931,Zaitra Gola,Senior Statistical Officer (SSO),Central Statistics Office (CSO),3,8.6,M.Sc. Statistics,2018-04-05,Uttar Pradesh
EMP02932,Aadi Mital,Director,National Sample Survey Office (NSSO),7,15.8,M.Sc. Mathematics,2011-11-09,West Bengal
EMP02933,Rushil Talwar,Joint Director,State DES - Bihar,6,12.1,MBA,2014-06-08,Madhya Pradesh
EMP02934,Jagvi Mani,Deputy Director,State DES - Bihar,5,12.1,B.Sc. Statistics,2014-11-06,Punjab
EMP02935,Ekaja Balasubramanian,Additional Director General,Price Statistics Division (PSD),8,23.0,M.Tech Computer Science,2003-01-04,Andhra Pradesh
EMP02936,Bahadurjit Samra,Joint Director,Social Statistics Division (SSD),6,14.8,PhD Statistics,2012-12-10,Rajasthan
EMP02937,Falak Tripathi,Senior Statistical Officer (SSO),Social Statistics Division (SSD),3,6.6,MBA,2020-08-14,Karnataka
EMP02938,Rushil Luthra,Senior Statistical Officer (SSO),National Sample Survey Office (NSSO),3,13.4,M.Sc. Mathematics,2013-11-06,Odisha
EMP02939,Krishna Prabhu,Junior Statistical Officer (JSO),Data Informatics & Innovation Division (DIID),1,3.0,MBA,2023-12-26,Telangana
EMP02940,Krishna Balasubramanian,Senior Statistical Officer (SSO),National Sample Survey Office (NSSO),3,6.8,PhD Statistics,2020-09-15,Madhya Pradesh
EMP02941,Manan Tripathi,Deputy Director,Economic Census Division (ECD),5,16.9,PhD Statistics,2010-02-22,Odisha
EMP02942,Joshua Dhar,Junior Statistical Officer (JSO),Social Statistics Division (SSD),1,3.6,B.Sc. Statistics,2023-07-04,Maharashtra
EMP02943,Dayamai Chaudhary,Deputy Director,State DES - Uttar Pradesh,5,14.0,M.Tech Computer Science,2012-03-08,Bihar
EMP02944,Eshana Tiwari,Deputy Director,Economic Census Division (ECD),5,17.1,B.Sc. Statistics,2009-12-14,Punjab
EMP02945,Bimala Mital,Director,National Sample Survey Office (NSSO),7,21.6,M.Sc. Mathematics,2005-06-26,Karnataka
EMP02946,Dev De,Deputy Director,Social Statistics Division (SSD),5,15.0,M.Sc. Mathematics,2011-05-19,Telangana
EMP02947,Yatin Shroff,Junior Statistical Officer (JSO),State DES - Tamil Nadu,1,4.9,M.Tech Computer Science,2022-11-27,Punjab
EMP02948,Nikita Mani,Statistical Officer (SO),State DES - Bihar,2,2.7,PhD Statistics,2024-09-18,Rajasthan
EMP02949,Nikita Gola,Senior Statistical Officer (SSO),Central Statistics Office (CSO),3,8.6,MBA,2018-05-08,Gujarat
EMP02950,Hitesh Mukhopadhyay,Deputy Director,State DES - Maharashtra,5,14.0,M.Sc. Mathematics,2012-09-17,Karnataka
EMP02951,Parth Dhar,Director,Data Informatics & Innovation Division (DIID),7,21.4,MBA,2005-01-12,Kerala
EMP02952,Tejas Goswami,Statistical Officer (SO),National Accounts Division (NAD),2,9.0,M.Sc. Statistics,2017-06-10,Uttar Pradesh
EMP02953,Kabir Chaudhuri,Deputy Director,State DES - Bihar,5,9.8,M.Sc. Mathematics,2017-01-04,Gujarat
EMP02954,Leela Dara,Junior Statistical Officer (JSO),State DES - Bihar,1,2.2,MBA,2024-04-16,West Bengal
EMP02955,Harsh Goswami,Director General,Central Statistics Office (CSO),9,26.6,M.Sc. Data Science,2000-01-23,Uttar Pradesh
EMP02956,Kabir Goswami,Additional Director General,State DES - Karnataka,8,24.6,B.Sc. Statistics,2002-02-26,Karnataka
EMP02957,Parth Nazareth,Junior Statistical Officer (JSO),State DES - Uttar Pradesh,1,1.8,M.Sc. Statistics,2025-02-25,Gujarat
EMP02958,Mohammed Dani,Statistical Officer (SO),State DES - Uttar Pradesh,2,6.1,MBA,2020-12-04,Maharashtra
EMP02959,Bimala Tella,Director,National Accounts Division (NAD),7,25.6,M.A. Economics,2001-01-24,Himachal Pradesh
EMP02960,Manan Borra,Statistical Officer (SO),Economic Census Division (ECD),2,6.1,PhD Statistics,2020-06-28,Jharkhand
EMP02961,Siya Nath,Statistical Officer (SO),State DES - Uttar Pradesh,2,2.5,M.A. Economics,2024-06-17,Gujarat
EMP02962,Joshua Talwar,Statistical Officer (SO),National Accounts Division (NAD),2,2.2,PhD Statistics,2024-12-01,Jharkhand
EMP02963,Rudra Bhatt,Additional Director General,Central Statistics Office (CSO),8,25.2,M.Sc. Data Science,2001-02-14,Odisha
EMP02964,Anya De,Junior Statistical Officer (JSO),State DES - Maharashtra,1,3.2,M.Sc. Statistics,2023-08-27,Himachal Pradesh
EMP02965,Harsh Bhatt,Assistant Director,State DES - Karnataka,4,12.8,MBA,2014-08-16,Kerala
EMP02966,Timothy Joshi,Director General,Social Statistics Division (SSD),9,24.4,M.Sc. Data Science,2002-08-14,Maharashtra
EMP02967,Harini Tiwari,Statistical Officer (SO),Central Statistics Office (CSO),2,8.3,M.Sc. Mathematics,2018-09-01,Punjab
EMP02968,Vedhika Sandhu,Director General,Social Statistics Division (SSD),9,26.4,PhD Statistics,2000-01-01,Jharkhand
EMP02969,Joshua Mandal,Deputy Director,Economic Census Division (ECD),5,15.7,M.Sc. Data Science,2011-04-13,Bihar
EMP02970,Darsh Luthra,Statistical Officer (SO),Central Statistics Office (CSO),2,4.7,MBA,2022-11-25,Himachal Pradesh
EMP02971,Daniel Taneja,Joint Director,Economic Census Division (ECD),6,22.2,MBA,2004-01-13,Assam
EMP02972,Dayamai Prabhu,Joint Director,State DES - Karnataka,6,12.8,M.Sc. Statistics,2014-10-28,Gujarat
EMP02973,Aarush Kant,Senior Statistical Officer (SSO),Central Statistics Office (CSO),3,4.9,M.Sc. Statistics,2022-05-27,Madhya Pradesh
EMP02974,Harsh Kaur,Statistical Officer (SO),Central Statistics Office (CSO),2,2.0,M.Sc. Data Science,2024-06-02,Rajasthan
EMP02975,Jagvi Mandal,Director General,National Accounts Division (NAD),9,31.2,M.Tech Computer Science,1995-12-24,Rajasthan
EMP02976,Mohammed Joshi,Director General,State DES - Karnataka,9,32.4,M.Sc. Mathematics,1994-09-28,Punjab
EMP02977,Ranveer Chaudhary,Statistical Officer (SO),Central Statistics Office (CSO),2,3.5,M.Tech Computer Science,2023-12-14,Tamil Nadu
EMP02978,Amaira Lata,Statistical Officer (SO),Social Statistics Division (SSD),2,7.7,M.Sc. Data Science,2019-03-04,Maharashtra
EMP02979,Siya Bains,Director,Social Statistics Division (SSD),7,20.7,MBA,2006-07-23,Punjab
EMP02980,Yatin Singh,Assistant Director,State DES - Karnataka,4,12.7,M.A. Economics,2014-05-18,Gujarat
EMP02981,Nikita Samra,Junior Statistical Officer (JSO),National Sample Survey Office (NSSO),1,2.3,M.Tech Computer Science,2024-07-09,Assam
EMP02982,Timothy Balasubramanian,Additional Director General,State DES - Karnataka,8,24.1,MBA,2002-06-16,Tamil Nadu
EMP02983,Zaitra Taneja,Joint Director,National Sample Survey Office (NSSO),6,15.9,M.Sc. Mathematics,2011-02-15,Chhattisgarh
EMP02984,Aarush Dani,Joint Director,National Accounts Division (NAD),6,21.7,M.Sc. Data Science,2005-06-25,Uttarakhand
EMP02985,Aadi Dani,Director General,Social Statistics Division (SSD),9,23.2,M.Tech Computer Science,2003-07-28,Bihar
EMP02986,Dev Nazareth,Additional Director General,State DES - Bihar,8,19.9,MBA,2007-03-10,West Bengal
EMP02987,Yatin Chhabra,Director,Social Statistics Division (SSD),7,24.1,M.Tech Computer Science,2002-08-15,Madhya Pradesh
EMP02988,Harsh Nazareth,Joint Director,National Sample Survey Office (NSSO),6,12.8,B.Sc. Statistics,2014-04-02,Odisha
EMP02989,Jagvi Chaudhary,Additional Director General,Data Informatics & Innovation Division (DIID),8,19.5,M.Tech Computer Science,2007-09-21,Assam
EMP02990,Bhavini Chacko,Additional Director General,Central Statistics Office (CSO),8,26.0,M.Sc. Data Science,2000-08-11,Tamil Nadu
EMP02991,Anvi Chacko,Director General,National Accounts Division (NAD),9,22.2,PhD Statistics,2004-02-27,Punjab
EMP02992,Anvi Chaudhary,Joint Director,State DES - Tamil Nadu,6,20.5,M.Sc. Mathematics,2006-01-06,Andhra Pradesh
EMP02993,Aadi Shroff,Joint Director,Data Informatics & Innovation Division (DIID),6,15.1,MBA,2011-08-06,Bihar
EMP02994,Harini Gola,Deputy Director,State DES - Uttar Pradesh,5,19.0,MBA,2007-05-05,Madhya Pradesh
EMP02995,Krish Prabhu,Director,National Accounts Division (NAD),7,23.2,PhD Statistics,2003-12-07,Karnataka
EMP02996,Hitesh Rai,Director General,Data Informatics & Innovation Division (DIID),9,33.6,PhD Statistics,1993-12-05,Madhya Pradesh
EMP02997,Neelima Dubey,Senior Statistical Officer (SSO),State DES - Maharashtra,3,6.2,MBA,2020-08-20,Jharkhand
EMP02998,Charan Shukla,Junior Statistical Officer (JSO),State DES - Maharashtra,1,4.2,MBA,2022-11-08,Uttarakhand
EMP02999,Darsh Ahluwalia,Joint Director,Price Statistics Division (PSD),6,21.4,M.Tech Computer Science,2005-06-26,West Bengal
EMP03000,Amaira Mukhopadhyay,Director General,State DES - Karnataka,9,33.3,M.Sc. Mathematics,1993-04-19,Assam
