employee_id,course_id,enrollment_date,completion_status,rating,time_spent_hours
EMP00001,CRS0022,2026-11-24,In Progress,,13.9
EMP00001,CRS0084,2026-10-15,Completed,3.4,30.0
EMP00001,CRS0116,2025-02-19,Completed,3.0,11.7
EMP00001,CRS0110,2026-05-05,In Progress,,3.0
EMP00001,CRS0066,2025-12-27,In Progress,,20.1
EMP00002,CRS0117,2024-08-04,Completed,2.5,37.9
EMP00002,CRS0053,2025-11-16,Completed,2.2,19.7
EMP00002,CRS0047,2025-03-02,Completed,2.4,20.7
EMP00003,CRS0041,2026-04-02,Completed,4.5,17.4
EMP00003,CRS0140,2026-01-07,Completed,4.8,33.8
EMP00003,CRS0096,2024-12-14,Completed,4.4,9.1
EMP00003,CRS0030,2026-01-04,Dropped,,39.4
EMP00004,CRS0048,2026-01-28,In Progress,,4.3
EMP00004,CRS0102,2024-04-26,Completed,3.4,35.7
EMP00004,CRS0069,2024-08-25,Dropped,,17.2
EMP00004,CRS0127,2024-05-19,Completed,3.0,2.4
EMP00005,CRS0054,2025-07-19,In Progress,,9.0
EMP00005,CRS0048,2024-10-09,Completed,2.3,32.7
EMP00005,CRS0106,2024-09-01,In Progress,,18.5
EMP00006,CRS0057,2026-06-04,Completed,3.0,29.7
EMP00006,CRS0009,2026-04-05,In Progress,,10.3
EMP00006,CRS0102,2024-09-28,Completed,2.5,30.8
EMP00006,CRS0084,2025-04-12,Completed,4.7,6.5
EMP00006,CRS0067,2026-07-02,In Progress,,13.3
EMP00006,CRS0016,2025-11-11,Completed,3.3,18.0
EMP00007,CRS0117,2026-12-21,Completed,2.6,20.6
EMP00007,CRS0043,2026-09-14,Completed,2.1,29.5
EMP00007,CRS0078,2025-07-28,Completed,2.0,30.4
EMP00008,CRS0044,2026-03-20,Completed,4.0,37.0
EMP00008,CRS0012,2025-05-27,Completed,2.6,5.0
EMP00009,CRS0009,2024-03-12,Completed,4.7,24.2
EMP00009,CRS0072,2024-01-06,Dropped,,11.4
EMP00009,CRS0067,2025-11-26,Completed,2.2,7.9
EMP00010,CRS0089,2026-11-02,Dropped,,12.8
EMP00010,CRS0016,2026-09-10,Completed,3.2,21.2
EMP00010,CRS0030,2024-04-07,In Progress,,9.9
EMP00010,CRS0058,2024-07-06,In Progress,,13.2
EMP00011,CRS0110,2024-02-05,Completed,4.2,40.0
EMP00011,CRS0034,2025-02-06,In Progress,,32.0
EMP00011,CRS0002,2025-10-13,In Progress,,4.2
EMP00011,CRS0138,2024-01-04,Completed,4.6,24.8
EMP00011,CRS0007,2024-08-15,Completed,4.9,17.3
EMP00011,CRS0089,2024-07-06,Completed,3.1,8.1
EMP00012,CRS0069,2026-04-04,Completed,2.5,19.0
EMP00012,CRS0024,2025-05-16,Completed,2.7,17.2
EMP00012,CRS0053,2025-05-13,Completed,4.0,21.3
EMP00012,CRS0115,2026-07-04,Completed,4.7,28.6
EMP00012,CRS0088,2026-10-06,Completed,4.3,3.0
EMP00012,CRS0026,2025-06-28,In Progress,,35.4
EMP00013,CRS0070,2024-06-12,Completed,2.3,15.4
EMP00013,CRS0016,2024-02-19,Completed,2.3,10.0
EMP00013,CRS0049,2024-09-28,Completed,2.9,27.3
EMP00014,CRS0125,2025-03-05,Completed,2.4,28.3
EMP00014,CRS0119,2024-12-27,Dropped,,21.1
EMP00014,CRS0036,2026-02-19,Completed,4.4,14.2
EMP00014,CRS0067,2026-08-16,Completed,4.8,2.3
EMP00014,CRS0120,2026-04-07,Completed,3.5,16.5
EMP00015,CRS0044,2024-06-15,Completed,4.6,37.8
EMP00015,CRS0111,2025-05-02,In Progress,,27.3
EMP00015,CRS0091,2026-06-24,In Progress,,14.7
EMP00016,CRS0136,2025-03-01,In Progress,,20.2
EMP00016,CRS0050,2025-03-22,In Progress,,12.1
EMP00016,CRS0139,2024-11-28,Completed,2.5,13.6
EMP00016,CRS0044,2025-03-18,Completed,3.1,31.9
EMP00016,CRS0083,2024-09-06,Completed,2.6,15.3
EMP00016,CRS0112,2025-03-25,Completed,4.4,37.5
EMP00017,CRS0115,2024-02-28,Completed,2.8,8.9
EMP00017,CRS0045,2024-05-03,Dropped,,32.1
EMP00017,CRS0106,2024-10-23,Completed,3.7,24.6
EMP00017,CRS0049,2026-08-02,In Progress,,17.0
EMP00018,CRS0105,2024-10-12,Completed,4.5,15.0
EMP00018,CRS0103,2025-11-02,Completed,2.6,20.1
EMP00018,CRS0001,2026-02-19,Completed,2.7,4.8
EMP00019,CRS0063,2025-02-03,Completed,2.5,8.1
EMP00019,CRS0095,2024-12-02,Dropped,,10.4
EMP00019,CRS0052,2025-08-22,Completed,2.1,22.1
EMP00020,CRS0083,2025-01-16,Completed,2.3,28.0
EMP00020,CRS0103,2025-05-07,Dropped,,35.1
EMP00021,CRS0091,2025-11-05,Completed,2.8,5.4
EMP00021,CRS0003,2024-04-26,In Progress,,27.6
EMP00021,CRS0004,2026-05-10,Completed,2.0,37.6
EMP00021,CRS0084,2025-03-07,In Progress,,38.7
EMP00021,CRS0059,2025-05-04,In Progress,,16.8
EMP00021,CRS0119,2024-08-16,Dropped,,9.5
EMP00022,CRS0134,2026-05-06,Completed,4.1,32.0
EMP00022,CRS0093,2025-02-16,Completed,2.1,12.5
EMP00022,CRS0123,2025-01-03,Completed,3.0,21.4
EMP00022,CRS0108,2026-10-07,In Progress,,20.8
EMP00022,CRS0009,2024-05-18,Completed,4.1,3.6
EMP00023,CRS0114,2025-03-08,In Progress,,5.0
EMP00023,CRS0079,2024-09-27,Completed,3.3,14.7
EMP00023,CRS0069,2024-03-12,Completed,2.8,23.7
EMP00024,CRS0138,2026-10-02,In Progress,,7.2
EMP00024,CRS0095,2025-12-23,Completed,3.4,9.5
EMP00024,CRS0058,2024-10-11,Completed,4.0,39.2
EMP00024,CRS0097,2025-08-24,Completed,4.6,25.8
EMP00025,CRS0045,2024-10-25,Completed,4.3,24.9
EMP00025,CRS0024,2025-01-10,Completed,3.6,12.0
EMP00025,CRS0101,2024-05-08,Completed,3.9,17.6
EMP00025,CRS0072,2025-04-15,Completed,4.9,21.9
EMP00026,CRS0102,2025-07-09,Completed,4.3,34.0
EMP00026,CRS0097,2024-11-13,In Progress,,34.3
EMP00027,CRS0104,2024-09-12,In Progress,,35.5
EMP00027,CRS0018,2026-01-02,In Progress,,30.4
EMP00027,CRS0095,2026-02-01,Completed,3.4,28.4
EMP00028,CRS0079,2025-01-11,Completed,2.7,17.7
EMP00028,CRS0086,2024-08-09,In Progress,,10.7
EMP00028,CRS0011,2024-04-01,Dropped,,24.5
EMP00028,CRS0117,2024-07-16,Completed,3.9,27.3
EMP00028,CRS0099,2024-09-05,In Progress,,35.7
EMP00028,CRS0006,2025-10-21,Completed,2.6,17.6
EMP00029,CRS0021,2026-06-22,Completed,3.5,14.5
EMP00029,CRS0005,2024-10-14,Completed,4.5,16.7
EMP00029,CRS0132,2026-12-20,Completed,4.0,8.4
EMP00029,CRS0116,2025-07-01,In Progress,,21.1
EMP00030,CRS0083,2025-11-28,Completed,2.4,19.3
EMP00030,CRS0006,2026-07-22,Completed,4.3,31.1
EMP00030,CRS0078,2025-04-06,In Progress,,3.1
EMP00030,CRS0036,2025-03-19,In Progress,,31.0
EMP00031,CRS0122,2024-09-27,Dropped,,24.0
EMP00031,CRS0050,2026-03-16,Completed,4.0,23.5
EMP00032,CRS0040,2024-04-15,In Progress,,38.7
EMP00032,CRS0108,2026-07-27,Completed,4.2,37.0
EMP00033,CRS0068,2026-11-22,Completed,2.6,28.4
EMP00033,CRS0044,2024-06-10,Completed,4.7,27.6
EMP00033,CRS0104,2026-01-04,In Progress,,26.3
EMP00033,CRS0075,2025-08-01,Completed,4.3,25.2
EMP00034,CRS0046,2026-03-09,Completed,3.1,39.9
EMP00034,CRS0017,2025-11-26,Completed,4.7,30.2
EMP00034,CRS0088,2026-11-27,Completed,2.2,7.6
EMP00034,CRS0138,2026-02-14,In Progress,,19.7
EMP00034,CRS0113,2026-07-21,Completed,4.6,2.2
EMP00035,CRS0057,2024-02-13,Completed,4.3,36.3
EMP00035,CRS0030,2026-12-22,In Progress,,11.6
EMP00035,CRS0088,2025-01-07,Completed,4.5,21.4
EMP00035,CRS0136,2024-08-02,Dropped,,31.4
EMP00036,CRS0040,2026-11-28,Completed,3.5,22.5
EMP00036,CRS0106,2024-07-05,Dropped,,4.5
EMP00036,CRS0077,2024-11-28,Completed,3.8,17.8
EMP00036,CRS0011,2026-06-25,In Progress,,33.7
EMP00036,CRS0115,2024-08-05,Dropped,,27.1
EMP00036,CRS0013,2026-03-21,Completed,4.0,38.7
EMP00037,CRS0071,2026-10-13,Completed,4.8,28.0
EMP00037,CRS0023,2025-07-13,In Progress,,8.5
EMP00037,CRS0020,2024-04-20,Completed,3.7,22.2
EMP00037,CRS0108,2024-07-07,Completed,2.2,30.8
EMP00037,CRS0139,2025-05-07,In Progress,,35.5
EMP00038,CRS0098,2025-01-03,Dropped,,27.9
EMP00038,CRS0048,2026-11-05,Completed,4.2,13.2
EMP00038,CRS0065,2025-10-01,Completed,4.0,16.2
EMP00038,CRS0086,2024-08-12,Completed,4.8,7.9
EMP00039,CRS0003,2026-01-08,Completed,3.2,33.0
EMP00039,CRS0047,2024-05-08,Completed,3.9,19.1
EMP00039,CRS0069,2026-05-02,Completed,2.4,31.1
EMP00040,CRS0091,2025-06-25,Completed,2.2,22.2
EMP00040,CRS0057,2024-07-27,Dropped,,27.8
EMP00040,CRS0109,2026-09-05,In Progress,,33.9
EMP00040,CRS0066,2025-04-17,Completed,4.6,23.7
EMP00041,CRS0071,2024-07-02,Dropped,,38.5
EMP00041,CRS0103,2026-09-14,Completed,4.4,25.0
EMP00041,CRS0106,2025-10-27,Completed,2.2,16.2
EMP00041,CRS0039,2024-03-24,Completed,4.7,35.7
EMP00042,CRS0066,2025-10-20,Completed,3.2,8.3
EMP00042,CRS0048,2025-10-19,Completed,3.2,17.1
EMP00043,CRS0046,2026-09-08,Completed,4.2,32.1
EMP00043,CRS0049,2025-09-17,Completed,4.3,29.9
EMP00043,CRS0089,2025-07-01,Completed,3.5,25.2
EMP00043,CRS0097,2024-09-28,Completed,2.7,22.0
EMP00043,CRS0040,2024-02-11,In Progress,,36.0
EMP00044,CRS0136,2024-02-10,Completed,2.4,2.4
EMP00044,CRS0049,2025-07-05,Completed,4.0,27.0
EMP00044,CRS0022,2024-05-24,In Progress,,29.5
EMP00045,CRS0009,2026-08-11,Completed,2.4,9.8
EMP00045,CRS0073,2024-01-19,Completed,3.9,22.7
EMP00045,CRS0019,2026-07-10,Completed,3.3,14.4
EMP00046,CRS0035,2024-09-06,Completed,4.9,26.7
EMP00046,CRS0076,2025-07-14,Completed,4.5,3.2
EMP00046,CRS0003,2025-09-20,Completed,4.4,25.7
EMP00047,CRS0033,2026-06-08,Completed,4.6,5.2
EMP00047,CRS0140,2025-02-17,Completed,2.0,25.4
EMP00047,CRS0009,2026-12-21,Completed,3.0,20.3
EMP00047,CRS0095,2024-05-08,Dropped,,13.0
EMP00047,CRS0103,2025-02-23,In Progress,,13.7
EMP00048,CRS0082,2026-06-28,In Progress,,20.3
EMP00048,CRS0058,2025-04-21,Completed,2.0,20.9
EMP00048,CRS0019,2024-04-14,Completed,3.5,38.9
EMP00049,CRS0046,2026-10-24,Completed,3.0,25.6
EMP00049,CRS0012,2024-08-02,Completed,2.6,20.4
EMP00050,CRS0077,2025-05-18,In Progress,,13.8
EMP00050,CRS0048,2024-08-24,Completed,4.3,20.7
EMP00050,CRS0076,2024-04-11,Dropped,,17.8
EMP00051,CRS0002,2024-08-21,Completed,2.2,30.8
EMP00051,CRS0121,2025-02-16,Completed,4.8,23.2
EMP00052,CRS0043,2025-01-20,Completed,3.1,9.3
EMP00052,CRS0138,2025-09-01,In Progress,,23.2
EMP00052,CRS0089,2026-02-11,Completed,3.6,5.0
EMP00053,CRS0067,2026-08-27,Completed,2.4,17.1
EMP00053,CRS0070,2024-01-23,Completed,2.2,2.4
EMP00053,CRS0101,2025-01-25,Completed,4.7,6.5
EMP00053,CRS0094,2024-03-03,Completed,4.8,29.1
EMP00053,CRS0064,2024-10-13,In Progress,,2.9
EMP00054,CRS0042,2025-11-09,Dropped,,22.7
EMP00054,CRS0011,2025-09-18,Completed,4.1,2.8
EMP00054,CRS0062,2026-06-03,Completed,3.2,8.0
EMP00054,CRS0132,2026-07-23,Dropped,,16.5
EMP00054,CRS0096,2025-12-14,Completed,4.6,29.5
EMP00055,CRS0052,2024-09-17,Completed,3.4,12.0
EMP00055,CRS0015,2025-08-02,Dropped,,31.0
EMP00055,CRS0049,2024-10-06,Completed,4.9,23.2
EMP00056,CRS0031,2025-04-03,Completed,4.2,28.3
EMP00056,CRS0024,2025-07-04,Completed,4.0,36.6
EMP00057,CRS0086,2024-07-08,Completed,3.0,3.8
EMP00057,CRS0138,2025-01-10,Completed,2.4,24.6
EMP00058,CRS0041,2025-05-12,Completed,3.4,2.3
EMP00058,CRS0038,2026-12-26,In Progress,,13.3
EMP00058,CRS0005,2024-11-07,Completed,3.6,35.9
EMP00058,CRS0081,2026-02-27,Completed,4.3,13.0
EMP00058,CRS0058,2025-07-26,Completed,3.0,11.3
EMP00059,CRS0100,2024-06-08,Completed,4.3,16.3
EMP00059,CRS0105,2025-02-24,Dropped,,7.2
EMP00059,CRS0034,2026-08-01,Completed,2.0,16.2
EMP00059,CRS0047,2025-01-13,Completed,3.2,17.2
EMP00059,CRS0064,2024-06-02,Completed,3.2,11.1
EMP00060,CRS0136,2024-01-28,Completed,2.0,22.7
EMP00060,CRS0023,2024-01-26,Completed,2.1,6.5
EMP00060,CRS0110,2024-06-05,In Progress,,26.3
EMP00061,CRS0068,2025-10-15,Completed,2.6,37.8
EMP00061,CRS0087,2024-10-21,In Progress,,15.9
EMP00062,CRS0101,2025-06-27,Completed,3.6,3.6
EMP00062,CRS0011,2026-06-09,Dropped,,37.5
EMP00062,CRS0013,2026-03-02,In Progress,,39.3
EMP00063,CRS0074,2026-02-23,Completed,2.4,2.6
EMP00063,CRS0073,2026-04-10,Completed,3.2,25.9
EMP00063,CRS0085,2025-07-13,In Progress,,34.1
EMP00063,CRS0058,2025-03-04,Completed,2.5,32.2
EMP00064,CRS0127,2025-03-10,Completed,4.9,17.5
EMP00064,CRS0014,2025-11-05,Completed,2.1,2.4
EMP00064,CRS0081,2025-01-05,In Progress,,36.3
EMP00064,CRS0105,2026-06-01,Completed,4.4,4.4
EMP00064,CRS0098,2024-08-08,Completed,4.9,27.9
EMP00065,CRS0109,2024-06-17,In Progress,,14.0
EMP00065,CRS0128,2025-05-03,Completed,2.2,6.9
EMP00066,CRS0063,2025-12-24,Completed,2.8,29.0
EMP00066,CRS0084,2026-08-19,Completed,2.3,32.8
EMP00066,CRS0079,2026-02-25,Completed,4.2,6.7
EMP00067,CRS0137,2024-04-11,Completed,3.2,6.7
EMP00067,CRS0102,2026-11-18,In Progress,,20.8
EMP00067,CRS0112,2026-08-02,Completed,3.6,2.3
EMP00067,CRS0077,2026-12-16,In Progress,,38.9
EMP00067,CRS0104,2024-09-09,In Progress,,32.4
EMP00067,CRS0055,2026-03-06,Completed,2.0,26.4
EMP00068,CRS0093,2024-12-23,Completed,2.7,34.3
EMP00068,CRS0111,2024-04-19,Completed,3.4,31.9
EMP00069,CRS0075,2025-07-20,Completed,4.3,33.0
EMP00069,CRS0067,2025-03-15,In Progress,,26.8
EMP00069,CRS0011,2024-04-24,Completed,2.7,37.5
EMP00069,CRS0048,2024-04-22,Completed,3.0,7.3
EMP00069,CRS0035,2024-02-14,Completed,3.7,11.6
EMP00070,CRS0049,2024-10-19,Completed,4.9,20.8
EMP00070,CRS0059,2026-08-11,Completed,4.7,2.3
EMP00070,CRS0045,2025-05-23,In Progress,,34.8
EMP00070,CRS0133,2025-06-14,Completed,4.7,4.2
EMP00070,CRS0072,2026-04-04,Completed,3.8,4.6
EMP00070,CRS0076,2025-04-07,Completed,4.1,16.9
EMP00071,CRS0048,2025-08-07,Dropped,,20.7
EMP00071,CRS0111,2026-12-02,Completed,2.2,35.7
EMP00071,CRS0039,2025-12-16,Dropped,,17.3
EMP00072,CRS0114,2024-06-20,Completed,3.1,11.0
EMP00072,CRS0001,2024-11-10,Completed,3.9,32.3
EMP00073,CRS0010,2024-03-16,In Progress,,13.3
EMP00073,CRS0122,2025-06-17,Completed,4.0,35.0
EMP00074,CRS0110,2025-03-01,Completed,3.7,2.1
EMP00074,CRS0117,2025-04-26,In Progress,,11.3
EMP00074,CRS0108,2025-05-14,Completed,4.9,26.1
EMP00075,CRS0073,2024-02-17,Completed,3.8,26.5
EMP00075,CRS0115,2026-10-22,Dropped,,39.3
EMP00076,CRS0139,2025-06-01,Completed,3.8,25.6
EMP00076,CRS0072,2026-04-05,In Progress,,24.7
EMP00076,CRS0020,2025-05-07,In Progress,,31.5
EMP00076,CRS0066,2025-07-04,Completed,4.2,39.1
EMP00076,CRS0130,2026-09-26,Completed,2.5,22.8
EMP00077,CRS0027,2025-01-01,Completed,3.7,14.9
EMP00077,CRS0085,2025-07-24,In Progress,,8.9
EMP00078,CRS0036,2025-05-06,In Progress,,13.6
EMP00078,CRS0050,2024-06-13,In Progress,,37.3
EMP00078,CRS0136,2026-08-03,In Progress,,30.4
EMP00079,CRS0129,2025-11-18,Completed,3.6,20.4
EMP00079,CRS0135,2025-09-02,Dropped,,13.0
EMP00079,CRS0037,2026-12-09,Completed,2.2,29.8
EMP00079,CRS0033,2026-10-20,Completed,3.1,13.6
EMP00079,CRS0053,2024-11-11,Completed,4.6,12.3
EMP00079,CRS0116,2026-07-07,Completed,4.1,25.7
EMP00080,CRS0062,2026-01-19,In Progress,,3.9
EMP00080,CRS0001,2025-07-05,In Progress,,17.9
EMP00080,CRS0114,2025-12-15,Completed,3.3,15.5
EMP00080,CRS0040,2025-06-16,In Progress,,17.4
EMP00080,CRS0052,2025-06-11,In Progress,,21.9
EMP00080,CRS0102,2025-06-04,In Progress,,15.6
EMP00081,CRS0066,2025-06-17,Completed,2.0,16.7
EMP00081,CRS0121,2026-03-10,In Progress,,17.8
EMP00081,CRS0111,2025-07-12,In Progress,,15.6
EMP00082,CRS0084,2025-02-25,In Progress,,34.7
EMP00082,CRS0028,2024-03-26,Completed,3.8,37.5
EMP00082,CRS0040,2026-07-18,In Progress,,9.7
EMP00082,CRS0045,2024-06-27,Dropped,,2.6
EMP00083,CRS0011,2025-03-07,Completed,2.1,25.6
EMP00083,CRS0017,2026-06-24,Completed,3.2,8.6
EMP00083,CRS0116,2024-10-25,Completed,3.8,22.3
EMP00083,CRS0006,2024-05-22,In Progress,,30.4
EMP00083,CRS0063,2024-10-16,Completed,3.8,18.5
EMP00084,CRS0125,2026-01-10,Completed,3.1,25.2
EMP00084,CRS0035,2025-12-16,Completed,2.1,9.8
EMP00084,CRS0070,2026-06-16,Completed,3.5,39.4
EMP00084,CRS0087,2026-01-11,Completed,4.9,23.8
EMP00084,CRS0040,2024-11-14,Completed,3.9,22.8
EMP00084,CRS0069,2024-11-28,Completed,4.2,11.5
EMP00085,CRS0060,2024-06-17,Completed,3.6,39.0
EMP00085,CRS0024,2024-05-05,Completed,4.5,2.7
EMP00086,CRS0059,2025-09-14,Completed,3.3,19.5
EMP00086,CRS0025,2024-11-10,Completed,3.8,38.3
EMP00087,CRS0132,2026-09-24,In Progress,,39.8
EMP00087,CRS0109,2026-03-27,Completed,2.0,21.8
EMP00088,CRS0082,2024-03-14,Completed,2.5,26.6
EMP00088,CRS0134,2025-12-20,Completed,3.9,29.5
EMP00088,CRS0102,2025-08-10,In Progress,,8.3
EMP00088,CRS0132,2025-04-23,Dropped,,10.0
EMP00088,CRS0071,2024-11-21,Completed,3.2,34.1
EMP00088,CRS0028,2024-09-26,Dropped,,5.3
EMP00089,CRS0120,2025-06-27,Completed,2.9,7.6
EMP00089,CRS0139,2026-01-14,Completed,2.9,25.7
EMP00090,CRS0061,2025-02-15,In Progress,,10.4
EMP00090,CRS0035,2024-03-08,Completed,4.8,3.0
EMP00090,CRS0118,2026-07-11,Completed,4.5,4.2
EMP00091,CRS0139,2026-06-23,In Progress,,39.4
EMP00091,CRS0115,2025-06-11,Completed,3.9,18.9
EMP00091,CRS0015,2026-09-20,Completed,3.6,39.6
EMP00091,CRS0072,2026-04-15,In Progress,,34.0
EMP00092,CRS0017,2026-07-06,Completed,5.0,31.0
EMP00092,CRS0091,2026-09-15,Completed,3.6,21.2
EMP00092,CRS0083,2024-11-16,Completed,3.6,34.7
EMP00092,CRS0127,2026-02-06,Completed,2.5,24.6
EMP00092,CRS0015,2024-11-28,Completed,3.9,27.4
EMP00092,CRS0078,2026-02-05,Completed,2.3,35.4
EMP00093,CRS0139,2025-01-13,In Progress,,3.0
EMP00093,CRS0134,2024-02-02,Completed,4.3,38.7
EMP00093,CRS0100,2024-10-18,Completed,2.4,20.3
EMP00093,CRS0026,2024-05-23,Completed,3.7,36.0
EMP00093,CRS0131,2025-10-15,Completed,4.8,18.6
EMP00093,CRS0035,2025-01-14,Dropped,,11.2
EMP00094,CRS0084,2024-06-12,In Progress,,34.9
EMP00094,CRS0118,2025-08-08,In Progress,,2.5
EMP00094,CRS0131,2026-04-04,In Progress,,31.1
EMP00094,CRS0106,2025-08-22,Completed,3.0,3.6
EMP00094,CRS0133,2026-02-17,Dropped,,15.6
EMP00095,CRS0057,2024-02-03,Completed,3.1,21.3
EMP00095,CRS0133,2024-11-23,Completed,2.9,20.4
EMP00095,CRS0071,2026-06-28,Completed,2.5,10.6
EMP00095,CRS0072,2024-06-21,Completed,3.2,39.6
EMP00095,CRS0068,2026-10-03,In Progress,,33.1
EMP00096,CRS0113,2024-04-21,Completed,3.6,35.2
EMP00096,CRS0116,2026-05-12,Dropped,,32.6
EMP00097,CRS0132,2024-07-24,Completed,2.9,36.8
EMP00097,CRS0075,2024-02-14,In Progress,,38.2
EMP00097,CRS0068,2024-08-17,Completed,2.4,14.1
EMP00097,CRS0106,2025-10-16,In Progress,,35.0
EMP00097,CRS0122,2026-11-05,Completed,4.1,8.1
EMP00098,CRS0060,2024-06-18,In Progress,,7.2
EMP00098,CRS0027,2024-04-08,Completed,4.1,13.6
EMP00098,CRS0131,2026-06-03,Completed,2.3,34.5
EMP00098,CRS0101,2024-10-14,Completed,3.9,11.7
EMP00098,CRS0054,2025-04-10,In Progress,,2.9
EMP00099,CRS0099,2026-06-18,Completed,2.4,30.2
EMP00099,CRS0121,2025-12-20,Completed,2.2,25.8
EMP00099,CRS0066,2024-03-06,Completed,2.2,2.1
EMP00099,CRS0100,2026-02-21,Completed,4.0,17.4
EMP00100,CRS0026,2024-12-19,In Progress,,16.7
EMP00100,CRS0059,2025-05-01,Completed,3.7,28.4
EMP00100,CRS0077,2026-03-18,In Progress,,6.9
EMP00100,CRS0071,2024-01-26,Completed,4.0,39.9
EMP00101,CRS0109,2024-02-18,Completed,3.9,16.6
EMP00101,CRS0090,2025-08-04,In Progress,,17.8
EMP00101,CRS0008,2025-02-01,Completed,3.1,17.8
EMP00102,CRS0081,2024-03-05,Completed,4.4,37.0
EMP00102,CRS0101,2025-10-19,In Progress,,39.2
EMP00102,CRS0062,2026-08-14,Completed,2.2,39.6
EMP00103,CRS0057,2024-11-10,Completed,3.4,4.7
EMP00103,CRS0108,2024-10-06,Completed,3.2,12.4
EMP00103,CRS0125,2025-05-28,Completed,4.3,15.3
EMP00103,CRS0092,2024-07-27,Completed,3.1,35.5
EMP00103,CRS0005,2024-07-07,Completed,3.6,11.4
EMP00103,CRS0025,2026-11-13,Completed,3.8,30.5
EMP00104,CRS0086,2025-10-02,Completed,4.6,32.9
EMP00104,CRS0092,2026-06-01,Completed,4.8,38.8
EMP00104,CRS0041,2025-06-03,Dropped,,30.2
EMP00104,CRS0047,2025-05-22,In Progress,,39.2
EMP00104,CRS0125,2024-09-18,Completed,3.6,20.3
EMP00104,CRS0113,2024-04-03,Completed,2.0,19.8
EMP00105,CRS0093,2024-03-12,Completed,3.4,24.0
EMP00105,CRS0071,2025-09-17,Completed,2.8,31.7
EMP00105,CRS0097,2024-12-01,Completed,4.5,10.1
EMP00105,CRS0022,2025-08-21,Completed,3.7,12.8
EMP00106,CRS0109,2026-01-02,In Progress,,32.6
EMP00106,CRS0025,2024-02-10,Completed,4.1,20.3
EMP00106,CRS0132,2024-05-08,Completed,2.3,5.5
EMP00106,CRS0050,2024-01-16,Completed,3.6,8.5
EMP00106,CRS0014,2025-02-02,In Progress,,4.9
EMP00107,CRS0104,2026-09-21,Completed,3.4,4.0
EMP00107,CRS0135,2025-10-22,In Progress,,7.4
EMP00107,CRS0082,2025-05-06,Completed,4.8,29.4
EMP00107,CRS0109,2025-01-02,In Progress,,9.5
EMP00107,CRS0078,2025-06-21,Completed,2.2,38.4
EMP00107,CRS0033,2026-01-22,In Progress,,14.7
EMP00108,CRS0036,2025-08-02,Completed,4.4,3.0
EMP00108,CRS0044,2026-10-05,Completed,2.2,14.2
EMP00108,CRS0074,2024-04-28,Completed,4.9,17.3
EMP00108,CRS0025,2024-03-09,In Progress,,7.3
EMP00109,CRS0009,2026-03-02,Completed,4.9,7.0
EMP00109,CRS0082,2026-12-20,Completed,2.4,3.0
EMP00110,CRS0020,2025-04-08,In Progress,,11.7
EMP00110,CRS0030,2025-03-17,Completed,2.6,26.4
EMP00111,CRS0030,2025-03-07,Completed,4.6,27.8
EMP00111,CRS0055,2025-10-15,Completed,3.5,13.3
EMP00111,CRS0041,2026-07-14,Completed,2.0,12.0
EMP00111,CRS0063,2026-06-08,Completed,2.5,4.1
EMP00111,CRS0066,2026-04-09,Completed,3.4,27.5
EMP00112,CRS0093,2026-03-13,In Progress,,5.5
EMP00112,CRS0046,2025-10-28,Dropped,,17.4
EMP00112,CRS0121,2024-06-26,Completed,3.5,36.1
EMP00112,CRS0060,2025-07-10,Completed,3.9,4.3
EMP00112,CRS0092,2024-04-13,Completed,3.4,39.7
EMP00112,CRS0104,2024-05-15,In Progress,,28.5
EMP00113,CRS0101,2026-07-05,Completed,3.7,28.6
EMP00113,CRS0112,2026-09-11,In Progress,,35.5
EMP00113,CRS0082,2024-12-25,In Progress,,7.9
EMP00113,CRS0060,2026-03-10,Dropped,,20.8
EMP00114,CRS0087,2026-07-07,Completed,3.9,34.8
EMP00114,CRS0122,2024-06-09,In Progress,,22.8
EMP00115,CRS0074,2024-07-26,Completed,3.3,27.4
EMP00115,CRS0106,2026-08-19,Completed,4.2,7.6
EMP00115,CRS0085,2026-11-03,Completed,3.8,30.6
EMP00116,CRS0025,2024-12-15,Completed,4.7,21.6
EMP00116,CRS0091,2024-08-05,Completed,2.7,20.9
EMP00116,CRS0058,2024-02-09,Completed,3.4,8.3
EMP00116,CRS0129,2026-12-01,Completed,3.3,20.3
EMP00116,CRS0022,2026-04-04,Completed,2.4,29.8
EMP00117,CRS0032,2025-08-13,In Progress,,24.5
EMP00117,CRS0074,2026-10-27,Completed,3.9,33.9
EMP00117,CRS0102,2025-07-07,Completed,3.2,28.7
EMP00118,CRS0028,2026-11-10,In Progress,,24.2
EMP00118,CRS0118,2026-11-03,Completed,3.2,23.8
EMP00118,CRS0036,2026-07-23,Dropped,,6.2
EMP00119,CRS0075,2026-09-08,Dropped,,3.0
EMP00119,CRS0118,2024-07-04,Completed,2.7,6.2
EMP00119,CRS0023,2024-07-25,Completed,4.4,23.7
EMP00119,CRS0105,2025-12-19,In Progress,,23.6
EMP00119,CRS0116,2024-05-09,Completed,4.3,9.4
EMP00120,CRS0122,2026-05-18,In Progress,,9.8
EMP00120,CRS0108,2026-09-26,In Progress,,12.7
EMP00120,CRS0124,2024-02-28,In Progress,,5.4
EMP00121,CRS0127,2025-01-10,Dropped,,5.5
EMP00121,CRS0056,2024-01-02,Completed,4.1,27.2
EMP00121,CRS0010,2024-01-05,In Progress,,26.9
EMP00121,CRS0019,2025-02-13,Completed,4.5,17.9
EMP00121,CRS0065,2026-02-20,Dropped,,40.0
EMP00122,CRS0011,2025-09-09,Completed,4.7,37.5
EMP00122,CRS0064,2024-06-07,In Progress,,39.9
EMP00122,CRS0075,2026-02-16,Completed,2.2,20.2
EMP00122,CRS0037,2024-04-18,In Progress,,37.3
EMP00122,CRS0032,2024-12-03,Completed,2.2,31.9
EMP00122,CRS0052,2024-12-04,In Progress,,6.4
EMP00123,CRS0080,2026-02-10,Completed,4.8,23.1
EMP00123,CRS0005,2026-05-11,Completed,2.4,22.3
EMP00123,CRS0035,2026-04-14,Completed,3.5,28.5
EMP00123,CRS0078,2025-07-07,Completed,3.5,20.7
EMP00123,CRS0119,2024-01-21,Completed,2.7,32.0
EMP00123,CRS0002,2025-02-26,Completed,3.8,6.2
EMP00124,CRS0074,2024-06-07,Completed,2.1,29.0
EMP00124,CRS0044,2026-03-13,Completed,3.2,27.2
EMP00124,CRS0064,2025-03-11,Completed,3.6,32.9
EMP00124,CRS0039,2024-01-05,Completed,4.0,30.1
EMP00124,CRS0031,2024-12-15,Completed,2.8,29.4
EMP00124,CRS0090,2026-09-12,Completed,3.8,25.3
EMP00125,CRS0100,2026-12-11,Completed,2.3,39.6
EMP00125,CRS0073,2025-04-12,Completed,3.0,27.2
EMP00125,CRS0130,2024-08-21,Completed,3.5,35.7
EMP00125,CRS0057,2025-07-05,In Progress,,19.3
EMP00125,CRS0015,2025-01-09,In Progress,,15.7
EMP00126,CRS0003,2024-04-01,Completed,5.0,37.0
EMP00126,CRS0122,2026-07-28,Dropped,,16.4
EMP00126,CRS0006,2025-02-01,Completed,2.1,28.6
EMP00126,CRS0011,2025-09-20,Completed,3.9,32.9
EMP00126,CRS0022,2024-08-05,Completed,2.8,38.9
EMP00127,CRS0037,2026-03-05,Completed,2.3,15.3
EMP00127,CRS0002,2026-03-10,Completed,3.7,8.9
EMP00127,CRS0121,2024-09-07,Completed,2.8,14.4
EMP00127,CRS0105,2024-01-09,Completed,3.8,24.6
EMP00127,CRS0044,2025-10-26,Completed,4.2,23.1
EMP00127,CRS0050,2026-02-08,Completed,3.1,31.7
EMP00128,CRS0008,2024-03-25,Dropped,,37.9
EMP00128,CRS0081,2024-07-10,Completed,3.8,37.1
EMP00128,CRS0050,2025-09-02,Completed,4.1,27.3
EMP00128,CRS0082,2024-09-01,Completed,3.4,11.1
EMP00129,CRS0007,2025-04-10,Completed,2.9,34.9
EMP00129,CRS0077,2026-02-21,Completed,3.0,30.8
EMP00130,CRS0074,2024-03-03,Completed,4.7,6.9
EMP00130,CRS0121,2024-01-13,Completed,4.0,37.2
EMP00130,CRS0105,2026-11-23,Completed,3.0,39.3
EMP00130,CRS0117,2024-08-18,Dropped,,27.6
EMP00131,CRS0030,2026-07-20,Dropped,,36.3
EMP00131,CRS0038,2025-06-16,Completed,3.0,14.6
EMP00131,CRS0025,2025-12-25,In Progress,,24.5
EMP00131,CRS0057,2026-01-27,Completed,4.3,9.1
EMP00131,CRS0114,2024-12-10,Completed,4.9,23.5
EMP00131,CRS0065,2026-07-01,Completed,2.5,25.1
EMP00132,CRS0018,2025-08-02,Completed,2.7,30.7
EMP00132,CRS0013,2024-04-14,Completed,3.0,18.9
EMP00132,CRS0100,2026-09-02,In Progress,,4.6
EMP00132,CRS0085,2025-04-16,Completed,2.7,2.8
EMP00132,CRS0108,2024-11-20,In Progress,,25.4
EMP00133,CRS0076,2024-09-10,In Progress,,8.9
EMP00133,CRS0069,2024-05-06,In Progress,,11.1
EMP00133,CRS0078,2025-02-15,Completed,3.5,31.1
EMP00133,CRS0118,2026-06-11,In Progress,,13.7
EMP00133,CRS0128,2025-09-11,Completed,4.6,24.8
EMP00134,CRS0118,2024-03-09,Completed,3.5,32.7
EMP00134,CRS0073,2024-04-22,Completed,3.4,11.1
EMP00134,CRS0008,2025-06-06,Completed,4.4,27.7
EMP00134,CRS0099,2025-11-18,Dropped,,34.2
EMP00135,CRS0135,2026-07-13,Completed,2.1,33.5
EMP00135,CRS0100,2024-08-06,Completed,4.6,25.5
EMP00135,CRS0058,2024-03-01,Completed,2.9,8.0
EMP00136,CRS0023,2024-06-22,Dropped,,8.7
EMP00136,CRS0105,2026-04-16,Completed,2.5,17.4
EMP00136,CRS0119,2025-04-05,In Progress,,33.7
EMP00136,CRS0139,2024-02-27,In Progress,,30.6
EMP00137,CRS0041,2024-03-05,Completed,4.3,33.2
EMP00137,CRS0129,2024-10-08,Completed,2.3,24.2
EMP00137,CRS0012,2025-10-16,Completed,2.6,25.5
EMP00138,CRS0016,2026-06-14,Completed,2.1,28.9
EMP00138,CRS0001,2025-12-23,Completed,2.4,34.0
EMP00139,CRS0127,2025-10-20,Completed,3.8,2.1
EMP00139,CRS0017,2024-05-26,In Progress,,7.4
EMP00139,CRS0132,2024-03-24,In Progress,,29.6
EMP00139,CRS0095,2025-08-26,Completed,4.9,26.7
EMP00140,CRS0020,2025-01-26,In Progress,,33.8
EMP00140,CRS0073,2025-04-22,In Progress,,25.4
EMP00140,CRS0085,2026-08-16,Completed,4.7,37.0
EMP00140,CRS0097,2024-06-06,Completed,3.3,18.3
EMP00140,CRS0075,2025-02-05,In Progress,,26.6
EMP00140,CRS0113,2026-11-11,Completed,3.7,23.0
EMP00141,CRS0015,2025-11-18,Completed,2.2,6.3
EMP00141,CRS0105,2025-11-27,In Progress,,18.8
EMP00141,CRS0019,2024-03-07,Completed,3.3,14.7
EMP00141,CRS0016,2025-10-05,In Progress,,6.7
EMP00141,CRS0040,2026-12-10,Completed,2.4,33.1
EMP00142,CRS0095,2024-01-02,In Progress,,25.0
EMP00142,CRS0107,2025-04-19,Completed,4.2,19.2
EMP00142,CRS0057,2026-03-28,In Progress,,23.5
EMP00142,CRS0128,2025-07-12,Completed,4.1,9.9
EMP00142,CRS0022,2025-10-07,Completed,3.9,34.4
EMP00142,CRS0074,2026-05-04,Completed,3.4,38.6
EMP00143,CRS0052,2024-09-05,In Progress,,15.0
EMP00143,CRS0128,2024-07-26,Completed,2.3,12.4
EMP00143,CRS0106,2024-07-15,Completed,4.1,16.9
EMP00143,CRS0088,2025-02-26,In Progress,,35.3
EMP00143,CRS0019,2025-04-26,Completed,2.5,12.6
EMP00144,CRS0126,2025-05-17,Completed,4.3,25.3
EMP00144,CRS0094,2024-05-27,Completed,2.9,18.2
EMP00144,CRS0101,2025-02-01,In Progress,,12.9
EMP00145,CRS0105,2026-07-11,Dropped,,24.0
EMP00145,CRS0036,2024-11-02,Completed,4.8,34.6
EMP00145,CRS0081,2025-07-23,In Progress,,31.1
EMP00145,CRS0002,2025-12-01,Completed,3.8,10.8
EMP00146,CRS0113,2026-06-01,Completed,2.3,18.6
EMP00146,CRS0056,2025-08-18,Completed,4.4,13.1
EMP00146,CRS0066,2026-11-24,Dropped,,28.2
EMP00146,CRS0069,2025-08-24,In Progress,,12.9
EMP00146,CRS0036,2024-09-10,Completed,4.6,7.2
EMP00146,CRS0019,2024-04-08,In Progress,,4.0
EMP00147,CRS0136,2026-12-05,In Progress,,9.3
EMP00147,CRS0035,2026-12-09,In Progress,,37.2
EMP00147,CRS0024,2025-12-15,Completed,4.2,17.0
EMP00147,CRS0075,2026-03-28,Completed,2.6,25.9
EMP00147,CRS0116,2026-07-07,In Progress,,39.2
EMP00147,CRS0037,2024-01-27,Completed,2.2,7.3
EMP00148,CRS0133,2025-09-07,Completed,2.8,16.7
EMP00148,CRS0075,2025-11-19,Completed,4.3,18.1
EMP00149,CRS0006,2024-07-01,Completed,4.2,5.3
EMP00149,CRS0131,2025-10-10,In Progress,,26.3
EMP00149,CRS0043,2026-03-01,In Progress,,35.3
EMP00149,CRS0139,2026-12-27,Completed,3.1,17.9
EMP00149,CRS0104,2026-06-25,Completed,4.6,7.5
EMP00150,CRS0056,2024-02-04,Completed,4.0,35.8
EMP00150,CRS0096,2024-08-12,In Progress,,13.1
EMP00151,CRS0016,2025-05-21,Completed,4.3,29.9
EMP00151,CRS0139,2024-06-13,Completed,2.8,12.3
EMP00151,CRS0013,2024-06-07,Completed,3.5,4.9
EMP00151,CRS0056,2026-04-16,Completed,4.0,12.4
EMP00151,CRS0135,2024-01-20,Completed,3.0,21.2
EMP00151,CRS0131,2025-07-10,Completed,2.3,17.3
EMP00152,CRS0029,2025-11-04,Completed,4.8,3.4
EMP00152,CRS0125,2026-12-07,Completed,3.8,28.4
EMP00152,CRS0116,2025-09-13,Completed,2.3,5.5
EMP00152,CRS0068,2024-02-19,Completed,4.4,39.2
EMP00152,CRS0010,2025-10-24,Completed,4.5,16.6
EMP00153,CRS0052,2024-06-18,In Progress,,29.3
EMP00153,CRS0051,2026-02-19,Completed,2.6,15.5
EMP00153,CRS0041,2026-06-08,Completed,3.0,28.8
EMP00153,CRS0106,2026-10-25,Completed,2.7,11.4
EMP00153,CRS0017,2024-07-13,In Progress,,8.2
EMP00153,CRS0122,2026-08-11,In Progress,,5.6
EMP00154,CRS0012,2024-04-01,Completed,3.5,35.0
EMP00154,CRS0018,2025-03-16,Completed,3.5,9.8
EMP00154,CRS0085,2026-11-08,In Progress,,18.3
EMP00154,CRS0139,2026-12-02,Completed,2.2,16.1
EMP00154,CRS0069,2025-07-04,Completed,2.4,21.7
EMP00154,CRS0109,2026-08-27,Dropped,,2.2
EMP00155,CRS0002,2025-04-18,Completed,4.2,2.3
EMP00155,CRS0138,2025-08-16,In Progress,,34.1
EMP00155,CRS0121,2024-09-10,Completed,4.2,30.7
EMP00156,CRS0082,2024-01-25,In Progress,,37.0
EMP00156,CRS0033,2024-02-02,Completed,2.0,36.5
EMP00156,CRS0124,2025-03-07,In Progress,,29.2
EMP00157,CRS0075,2026-11-15,Completed,4.0,34.3
EMP00157,CRS0126,2026-12-14,Dropped,,5.6
EMP00157,CRS0056,2026-11-16,Dropped,,27.8
EMP00157,CRS0014,2025-07-13,Completed,3.1,25.2
EMP00158,CRS0105,2025-01-01,In Progress,,9.4
EMP00158,CRS0076,2025-03-22,Completed,3.1,8.1
EMP00158,CRS0011,2025-10-07,Completed,4.1,9.5
EMP00158,CRS0097,2024-10-03,Dropped,,8.9
EMP00158,CRS0135,2026-12-01,In Progress,,11.3
EMP00159,CRS0006,2026-10-04,Completed,4.3,14.7
EMP00159,CRS0093,2026-02-02,Completed,4.8,3.4
EMP00159,CRS0073,2025-01-01,Completed,4.1,36.6
EMP00159,CRS0123,2026-12-07,Completed,2.4,15.2
EMP00159,CRS0063,2025-10-15,In Progress,,34.1
EMP00160,CRS0053,2024-10-06,In Progress,,15.6
EMP00160,CRS0057,2024-05-13,Completed,3.7,19.9
EMP00160,CRS0082,2025-11-13,Completed,4.7,21.2
EMP00160,CRS0074,2024-03-01,In Progress,,27.8
EMP00160,CRS0130,2025-12-05,In Progress,,5.5
EMP00160,CRS0129,2025-03-25,In Progress,,17.5
EMP00161,CRS0037,2024-12-16,In Progress,,24.5
EMP00161,CRS0080,2024-01-23,In Progress,,13.0
EMP00161,CRS0101,2024-01-18,In Progress,,27.7
EMP00161,CRS0138,2026-07-26,Completed,2.1,13.6
EMP00161,CRS0086,2025-05-07,Completed,2.3,2.9
EMP00161,CRS0068,2024-07-21,In Progress,,20.8
EMP00162,CRS0015,2024-07-20,Completed,3.3,26.9
EMP00162,CRS0051,2024-01-03,In Progress,,33.6
EMP00162,CRS0061,2024-10-02,Dropped,,4.2
EMP00163,CRS0061,2026-01-06,In Progress,,13.8
EMP00163,CRS0017,2026-05-03,Completed,4.9,10.8
EMP00163,CRS0114,2024-10-22,Completed,4.6,24.8
EMP00163,CRS0134,2025-12-08,Completed,4.2,3.9
EMP00163,CRS0030,2025-07-06,Completed,3.3,5.4
EMP00163,CRS0001,2024-03-05,Completed,3.9,21.5
EMP00164,CRS0134,2025-01-28,In Progress,,39.3
EMP00164,CRS0018,2024-01-12,Completed,4.2,4.8
EMP00164,CRS0090,2026-12-08,In Progress,,38.0
EMP00164,CRS0078,2024-10-15,Completed,3.8,20.9
EMP00164,CRS0118,2026-10-04,Completed,2.9,7.3
EMP00165,CRS0036,2025-11-01,Dropped,,29.9
EMP00165,CRS0109,2025-07-16,In Progress,,5.9
EMP00165,CRS0060,2025-08-13,In Progress,,5.7
EMP00165,CRS0122,2026-09-26,In Progress,,6.8
EMP00166,CRS0105,2024-02-24,Completed,4.7,27.3
EMP00166,CRS0061,2026-03-15,In Progress,,35.4
EMP00166,CRS0111,2024-03-14,Dropped,,8.5
EMP00167,CRS0112,2025-03-06,Completed,3.2,38.1
EMP00167,CRS0114,2026-09-20,Completed,3.9,27.7
EMP00167,CRS0132,2025-10-18,Completed,2.9,24.2
EMP00167,CRS0003,2025-08-05,Completed,3.0,25.7
EMP00167,CRS0050,2025-05-01,Completed,4.9,33.8
EMP00168,CRS0049,2025-02-25,Dropped,,36.9
EMP00168,CRS0095,2025-08-18,Completed,4.7,31.7
EMP00168,CRS0137,2024-10-28,Completed,3.7,38.2
EMP00168,CRS0007,2026-09-15,Completed,3.2,32.5
EMP00168,CRS0082,2026-07-02,Completed,2.3,39.1
EMP00168,CRS0008,2024-12-20,Completed,4.0,31.4
EMP00169,CRS0068,2025-06-21,Completed,3.3,33.7
EMP00169,CRS0070,2024-03-19,Completed,2.1,10.9
EMP00169,CRS0047,2024-06-21,Completed,2.4,29.8
EMP00170,CRS0017,2024-10-25,Completed,3.9,20.7
EMP00170,CRS0130,2026-10-12,Dropped,,17.3
EMP00171,CRS0047,2024-02-21,In Progress,,17.5
EMP00171,CRS0042,2024-08-21,Completed,3.2,35.7
EMP00171,CRS0059,2024-07-21,Completed,4.8,32.9
EMP00172,CRS0036,2024-12-26,Completed,4.4,26.1
EMP00172,CRS0067,2026-05-10,Completed,4.7,28.2
EMP00172,CRS0116,2025-11-25,Completed,4.0,24.7
EMP00172,CRS0094,2026-07-18,Dropped,,11.7
EMP00172,CRS0062,2025-11-10,Dropped,,32.0
EMP00173,CRS0096,2026-07-18,In Progress,,12.7
EMP00173,CRS0057,2025-06-28,Dropped,,27.2
EMP00173,CRS0066,2026-04-26,Completed,4.0,35.2
EMP00173,CRS0085,2025-11-18,Completed,4.2,10.7
EMP00174,CRS0041,2026-06-08,Dropped,,33.5
EMP00174,CRS0107,2025-06-17,Completed,4.6,32.8
EMP00174,CRS0127,2025-04-06,Completed,4.8,36.2
EMP00174,CRS0056,2026-09-07,In Progress,,26.7
EMP00174,CRS0112,2025-04-28,In Progress,,26.7
EMP00175,CRS0087,2025-01-12,In Progress,,32.0
EMP00175,CRS0138,2024-09-09,Dropped,,3.2
EMP00175,CRS0009,2024-08-07,Completed,2.5,33.3
EMP00175,CRS0092,2024-10-02,Completed,4.8,30.8
EMP00175,CRS0007,2026-08-05,In Progress,,19.0
EMP00176,CRS0081,2025-02-12,Completed,2.4,23.2
EMP00176,CRS0070,2024-05-11,Completed,2.4,28.5
EMP00176,CRS0089,2025-04-11,Completed,2.6,23.4
EMP00176,CRS0002,2026-05-25,Completed,2.2,36.5
EMP00176,CRS0062,2024-04-25,In Progress,,27.5
EMP00176,CRS0008,2024-02-26,Completed,4.6,30.8
EMP00177,CRS0029,2024-07-12,Completed,3.1,3.1
EMP00177,CRS0037,2026-07-27,Completed,3.4,12.0
EMP00178,CRS0047,2026-11-12,Completed,2.7,9.3
EMP00178,CRS0089,2026-07-02,Completed,3.0,5.0
EMP00178,CRS0029,2026-02-19,In Progress,,33.3
EMP00178,CRS0014,2025-06-27,Completed,2.3,20.1
EMP00178,CRS0135,2025-12-02,Completed,4.3,10.4
EMP00179,CRS0035,2025-02-27,Completed,2.6,18.8
EMP00179,CRS0122,2025-06-14,Completed,2.3,14.1
EMP00179,CRS0048,2026-03-25,In Progress,,31.0
EMP00179,CRS0140,2025-01-17,Completed,4.6,8.6
EMP00179,CRS0028,2026-08-13,Completed,2.4,39.1
EMP00180,CRS0004,2024-01-26,Completed,2.3,33.6
EMP00180,CRS0016,2026-06-03,In Progress,,37.1
EMP00180,CRS0109,2025-01-23,Completed,3.5,4.3
EMP00181,CRS0139,2024-04-09,Completed,4.0,5.8
EMP00181,CRS0037,2026-09-17,In Progress,,33.5
EMP00181,CRS0033,2025-02-22,Dropped,,13.7
EMP00181,CRS0108,2026-04-13,Completed,2.5,7.5
EMP00182,CRS0094,2024-05-05,In Progress,,11.0
EMP00182,CRS0012,2025-03-20,Completed,4.3,18.8
EMP00182,CRS0038,2026-01-24,Completed,2.3,14.6
EMP00182,CRS0045,2026-12-07,Completed,2.8,36.0
EMP00183,CRS0064,2024-11-21,Dropped,,5.2
EMP00183,CRS0112,2026-08-16,In Progress,,27.2
EMP00183,CRS0096,2025-03-22,Completed,3.9,14.2
EMP00183,CRS0058,2026-03-13,Completed,4.8,37.6
EMP00184,CRS0017,2026-02-24,Completed,4.5,7.4
EMP00184,CRS0116,2026-03-06,Completed,3.5,10.7
EMP00184,CRS0055,2024-06-15,Completed,3.6,17.1
EMP00184,CRS0042,2024-01-12,Completed,3.4,31.6
EMP00185,CRS0132,2026-12-20,Completed,3.9,15.2
EMP00185,CRS0116,2024-01-09,In Progress,,5.1
EMP00185,CRS0125,2024-01-05,Completed,2.2,32.7
EMP00186,CRS0134,2025-01-06,In Progress,,13.8
EMP00186,CRS0063,2025-01-08,Completed,3.5,19.2
EMP00186,CRS0127,2026-04-09,Completed,2.1,2.3
EMP00186,CRS0009,2025-11-03,Completed,4.1,27.8
EMP00186,CRS0055,2025-09-17,Completed,4.2,11.1
EMP00187,CRS0012,2026-03-15,In Progress,,33.5
EMP00187,CRS0020,2024-04-08,Completed,2.1,30.5
EMP00188,CRS0097,2026-11-18,Completed,2.4,5.7
EMP00188,CRS0016,2026-12-07,Completed,4.4,8.6
EMP00188,CRS0026,2026-07-17,In Progress,,4.9
EMP00188,CRS0140,2025-01-08,Completed,4.3,17.6
EMP00189,CRS0023,2025-11-16,In Progress,,24.5
EMP00189,CRS0123,2025-03-03,Completed,2.6,3.6
EMP00189,CRS0063,2025-01-15,Completed,4.2,31.7
EMP00189,CRS0098,2024-11-22,Completed,2.7,23.3
EMP00189,CRS0004,2024-08-01,Completed,3.8,6.0
EMP00189,CRS0120,2026-02-20,Completed,2.2,6.2
EMP00190,CRS0078,2025-06-13,Completed,3.4,25.4
EMP00190,CRS0093,2025-07-16,In Progress,,24.8
EMP00190,CRS0067,2024-12-25,Completed,3.3,29.9
EMP00190,CRS0094,2024-07-08,In Progress,,21.0
EMP00191,CRS0091,2025-04-15,Completed,4.8,16.1
EMP00191,CRS0103,2025-12-10,Completed,3.6,34.4
EMP00191,CRS0028,2026-03-07,In Progress,,3.8
EMP00191,CRS0035,2025-11-13,In Progress,,37.2
EMP00191,CRS0098,2025-07-06,Dropped,,13.5
EMP00191,CRS0113,2025-11-04,Completed,2.6,10.3
EMP00192,CRS0118,2024-11-22,In Progress,,28.0
EMP00192,CRS0107,2024-10-13,Completed,2.6,21.4
EMP00193,CRS0108,2025-09-19,In Progress,,16.8
EMP00193,CRS0054,2024-04-13,Completed,3.5,20.4
EMP00193,CRS0107,2024-05-18,Completed,4.3,10.8
EMP00193,CRS0068,2024-07-24,Completed,4.0,37.0
EMP00193,CRS0123,2026-03-24,Completed,4.5,31.1
EMP00193,CRS0007,2026-10-04,Dropped,,31.6
EMP00194,CRS0124,2025-01-13,Completed,2.7,4.4
EMP00194,CRS0015,2026-02-03,In Progress,,28.1
EMP00194,CRS0099,2025-08-04,Completed,2.5,21.5
EMP00195,CRS0050,2025-11-02,In Progress,,31.4
EMP00195,CRS0006,2026-08-17,In Progress,,20.3
EMP00195,CRS0023,2026-05-27,Completed,4.4,29.6
EMP00195,CRS0138,2025-10-20,Completed,4.7,24.1
EMP00195,CRS0030,2024-08-04,Completed,2.5,35.0
EMP00195,CRS0115,2025-07-12,Completed,3.6,17.6
EMP00196,CRS0025,2026-06-14,Completed,3.9,28.0
EMP00196,CRS0137,2025-04-27,In Progress,,5.6
EMP00196,CRS0027,2025-06-15,Completed,3.8,39.3
EMP00196,CRS0003,2025-02-14,In Progress,,30.3
EMP00196,CRS0111,2026-09-03,Completed,3.8,10.3
EMP00196,CRS0020,2026-12-19,Completed,4.5,10.0
EMP00197,CRS0014,2024-08-03,In Progress,,26.4
EMP00197,CRS0101,2026-12-06,Completed,3.5,9.2
EMP00197,CRS0136,2024-07-04,Completed,2.7,39.4
EMP00197,CRS0043,2025-10-28,In Progress,,11.2
EMP00197,CRS0013,2024-05-23,Completed,2.8,3.4
EMP00197,CRS0030,2024-10-12,Completed,2.2,20.1
EMP00198,CRS0096,2024-11-20,Completed,4.1,36.3
EMP00198,CRS0133,2024-03-16,Dropped,,22.8
EMP00198,CRS0086,2024-10-21,In Progress,,40.0
EMP00198,CRS0129,2025-02-15,Completed,4.7,31.5
EMP00199,CRS0018,2024-02-27,In Progress,,35.0
EMP00199,CRS0048,2024-07-26,In Progress,,8.9
EMP00199,CRS0083,2026-10-09,Completed,4.1,17.0
EMP00199,CRS0066,2026-05-11,Completed,2.3,9.9
EMP00200,CRS0025,2025-10-13,Completed,2.2,11.2
EMP00200,CRS0081,2026-01-21,Completed,4.2,31.5
EMP00200,CRS0100,2026-09-15,Completed,4.1,13.6
EMP00201,CRS0072,2026-04-11,In Progress,,19.5
EMP00201,CRS0009,2024-07-13,In Progress,,30.9
EMP00201,CRS0046,2026-08-07,Completed,2.2,9.8
EMP00202,CRS0116,2024-12-06,Completed,2.7,13.2
EMP00202,CRS0008,2026-05-04,Completed,4.0,26.6
EMP00202,CRS0123,2026-04-26,In Progress,,22.0
EMP00202,CRS0035,2024-03-24,In Progress,,17.6
EMP00202,CRS0031,2024-09-04,Completed,2.9,36.3
EMP00203,CRS0075,2025-03-22,In Progress,,23.0
EMP00203,CRS0069,2026-05-08,Dropped,,3.2
EMP00203,CRS0044,2024-12-20,In Progress,,30.6
EMP00203,CRS0076,2024-02-22,Completed,3.2,28.7
EMP00204,CRS0110,2025-06-07,Completed,3.7,5.9
EMP00204,CRS0017,2024-08-02,Completed,3.9,4.5
EMP00204,CRS0087,2025-02-22,Completed,4.5,7.1
EMP00204,CRS0107,2024-07-28,Completed,2.2,36.6
EMP00204,CRS0071,2024-11-07,Completed,4.7,31.6
EMP00204,CRS0003,2026-10-19,Completed,3.0,12.2
EMP00205,CRS0010,2026-07-20,Completed,4.1,18.4
EMP00205,CRS0045,2024-09-13,Completed,2.5,15.2
EMP00205,CRS0062,2026-09-26,Completed,2.8,33.7
EMP00206,CRS0005,2025-01-13,Completed,4.0,34.6
EMP00206,CRS0060,2025-07-07,Completed,2.5,30.3
EMP00206,CRS0079,2026-04-08,Completed,2.9,21.7
EMP00207,CRS0054,2025-07-20,Dropped,,30.0
EMP00207,CRS0121,2025-05-06,Completed,2.1,18.5
EMP00207,CRS0095,2026-03-18,Completed,4.2,8.7
EMP00207,CRS0027,2025-01-19,Completed,2.1,12.2
EMP00208,CRS0042,2026-01-08,In Progress,,37.0
EMP00208,CRS0134,2025-05-11,Completed,4.4,25.0
EMP00208,CRS0096,2025-07-11,Completed,3.8,33.9
EMP00208,CRS0070,2026-04-01,Completed,3.4,32.5
EMP00209,CRS0088,2025-05-24,Completed,3.5,19.3
EMP00209,CRS0071,2026-07-17,In Progress,,26.5
EMP00210,CRS0111,2026-01-28,Completed,4.1,19.4
EMP00210,CRS0116,2026-01-03,In Progress,,34.5
EMP00210,CRS0138,2024-02-01,In Progress,,25.6
EMP00210,CRS0067,2026-05-26,Dropped,,10.2
EMP00210,CRS0117,2025-02-11,Dropped,,29.2
EMP00211,CRS0123,2026-07-01,Completed,3.0,22.6
EMP00211,CRS0092,2026-05-09,In Progress,,16.6
EMP00211,CRS0108,2025-12-07,Completed,4.2,8.9
EMP00211,CRS0111,2026-07-19,Dropped,,16.0
EMP00211,CRS0084,2025-06-25,Completed,2.1,39.1
EMP00212,CRS0086,2024-08-11,Completed,4.1,32.1
EMP00212,CRS0105,2025-03-26,Completed,2.4,29.1
EMP00213,CRS0112,2024-03-11,In Progress,,6.7
EMP00213,CRS0019,2026-06-28,Completed,4.6,34.7
EMP00213,CRS0121,2026-03-25,In Progress,,20.6
EMP00213,CRS0138,2024-11-14,Completed,4.5,21.5
EMP00213,CRS0043,2026-05-19,In Progress,,11.5
EMP00213,CRS0085,2024-11-13,Completed,4.2,34.7
EMP00214,CRS0083,2024-03-15,Completed,4.2,5.2
EMP00214,CRS0132,2026-11-07,Completed,3.1,14.7
EMP00214,CRS0090,2025-03-28,Completed,2.9,37.0
EMP00215,CRS0118,2024-01-07,Completed,2.6,14.4
EMP00215,CRS0090,2025-11-10,In Progress,,10.2
EMP00215,CRS0135,2026-07-24,Completed,3.8,17.3
EMP00215,CRS0097,2024-09-03,In Progress,,11.3
EMP00215,CRS0122,2024-06-15,In Progress,,7.7
EMP00216,CRS0023,2025-05-28,In Progress,,35.7
EMP00216,CRS0123,2026-07-05,Completed,3.4,18.3
EMP00216,CRS0013,2025-12-02,Completed,4.8,18.9
EMP00216,CRS0115,2026-08-27,Completed,4.7,23.1
EMP00216,CRS0057,2025-10-09,Completed,4.4,38.7
EMP00217,CRS0062,2026-08-26,Completed,3.1,9.2
EMP00217,CRS0074,2024-08-13,Completed,4.5,3.0
EMP00217,CRS0129,2025-03-01,Completed,3.7,12.7
EMP00217,CRS0086,2025-06-03,Dropped,,20.2
EMP00218,CRS0114,2024-11-25,Completed,3.0,19.9
EMP00218,CRS0090,2024-11-23,Completed,3.9,4.2
EMP00218,CRS0052,2025-06-13,Completed,4.6,30.1
EMP00218,CRS0077,2025-12-09,Completed,3.5,11.2
EMP00219,CRS0063,2024-11-05,Completed,3.0,8.9
EMP00219,CRS0135,2024-11-22,Dropped,,18.3
EMP00219,CRS0086,2024-01-09,Dropped,,27.5
EMP00219,CRS0109,2024-02-02,Completed,4.6,23.7
EMP00220,CRS0079,2026-10-19,Completed,3.8,31.1
EMP00220,CRS0093,2024-02-18,In Progress,,33.7
EMP00220,CRS0108,2026-08-26,Completed,4.7,21.1
EMP00221,CRS0103,2025-02-17,In Progress,,19.9
EMP00221,CRS0110,2026-01-09,Completed,3.9,21.4
EMP00221,CRS0020,2025-07-22,In Progress,,29.9
EMP00221,CRS0080,2025-09-05,In Progress,,31.7
EMP00222,CRS0005,2024-09-21,Dropped,,24.3
EMP00222,CRS0096,2024-12-08,Completed,2.8,8.2
EMP00222,CRS0035,2025-07-10,Completed,2.5,28.8
EMP00222,CRS0095,2025-11-08,In Progress,,14.0
EMP00222,CRS0104,2024-05-02,Completed,3.3,36.8
EMP00222,CRS0088,2025-07-02,Completed,2.6,5.4
EMP00223,CRS0125,2025-12-24,Completed,3.8,5.4
EMP00223,CRS0079,2025-03-01,Completed,2.5,19.3
EMP00223,CRS0116,2024-12-28,Completed,3.8,12.7
EMP00223,CRS0063,2024-09-16,In Progress,,36.8
EMP00224,CRS0092,2025-07-10,Dropped,,27.9
EMP00224,CRS0022,2025-05-04,Dropped,,34.9
EMP00224,CRS0138,2024-09-22,Completed,4.9,36.9
EMP00225,CRS0003,2025-06-18,Completed,2.6,36.2
EMP00225,CRS0037,2026-09-25,In Progress,,15.3
EMP00225,CRS0091,2025-09-20,Completed,3.9,28.4
EMP00226,CRS0088,2024-03-18,In Progress,,27.7
EMP00226,CRS0015,2026-02-13,Dropped,,14.6
EMP00226,CRS0134,2026-04-28,Completed,4.3,8.8
EMP00226,CRS0078,2026-02-18,Completed,2.7,22.2
EMP00227,CRS0015,2025-07-07,Dropped,,4.5
EMP00227,CRS0051,2024-05-06,Completed,4.1,39.3
EMP00228,CRS0095,2024-10-24,In Progress,,11.2
EMP00228,CRS0119,2026-06-05,Dropped,,8.6
EMP00229,CRS0050,2026-06-12,Completed,2.7,14.6
EMP00229,CRS0076,2024-01-07,Completed,2.2,4.4
EMP00229,CRS0024,2025-09-03,Completed,2.9,2.4
EMP00229,CRS0023,2024-10-24,In Progress,,5.8
EMP00229,CRS0103,2025-06-15,Completed,3.8,13.5
EMP00230,CRS0111,2026-10-04,Completed,3.7,39.0
EMP00230,CRS0061,2026-05-11,Completed,4.8,34.6
EMP00230,CRS0079,2026-12-26,Completed,3.3,28.0
EMP00230,CRS0084,2026-12-13,Completed,3.3,6.0
EMP00230,CRS0078,2026-02-01,Dropped,,16.5
EMP00231,CRS0135,2024-07-18,Completed,2.8,32.4
EMP00231,CRS0034,2024-11-03,Completed,4.5,37.2
EMP00232,CRS0092,2026-12-03,Completed,2.6,12.3
EMP00232,CRS0103,2026-04-05,In Progress,,2.4
EMP00232,CRS0044,2026-06-16,In Progress,,26.1
EMP00232,CRS0098,2024-12-07,Completed,2.4,25.8
EMP00232,CRS0038,2026-08-28,Completed,2.1,38.5
EMP00233,CRS0087,2024-03-20,In Progress,,23.1
EMP00233,CRS0127,2026-01-11,Completed,2.9,9.1
EMP00233,CRS0033,2026-01-23,In Progress,,21.4
EMP00233,CRS0066,2026-07-01,Dropped,,36.7
EMP00234,CRS0012,2025-08-09,Completed,3.3,15.6
EMP00234,CRS0074,2026-06-02,Completed,4.4,28.3
EMP00234,CRS0008,2024-11-17,In Progress,,2.9
EMP00234,CRS0045,2025-07-13,Dropped,,24.2
EMP00234,CRS0047,2024-02-13,Dropped,,11.9
EMP00235,CRS0091,2026-08-24,Completed,3.5,21.3
EMP00235,CRS0111,2026-10-20,In Progress,,15.2
EMP00235,CRS0035,2025-11-02,In Progress,,4.8
EMP00235,CRS0057,2026-01-03,Completed,2.4,37.2
EMP00236,CRS0050,2025-11-25,Completed,2.8,33.6
EMP00236,CRS0098,2026-01-07,Completed,4.6,30.6
EMP00237,CRS0005,2024-09-06,Completed,5.0,14.3
EMP00237,CRS0054,2025-02-19,Dropped,,23.6
EMP00237,CRS0085,2025-10-24,In Progress,,6.6
EMP00237,CRS0032,2024-09-08,Completed,3.1,13.7
EMP00237,CRS0066,2025-08-07,Completed,4.6,38.4
EMP00237,CRS0134,2024-03-22,Completed,4.5,14.6
EMP00238,CRS0127,2025-06-13,Completed,3.9,30.4
EMP00238,CRS0003,2024-06-25,In Progress,,7.7
EMP00238,CRS0066,2026-03-28,In Progress,,27.2
EMP00238,CRS0131,2024-12-18,In Progress,,22.0
EMP00238,CRS0133,2024-09-07,Dropped,,30.9
EMP00239,CRS0063,2025-09-24,Completed,4.7,21.5
EMP00239,CRS0096,2025-11-16,Completed,4.8,18.1
EMP00239,CRS0054,2025-09-08,Completed,3.8,17.2
EMP00240,CRS0069,2024-08-11,Completed,2.7,26.2
EMP00240,CRS0072,2026-06-20,In Progress,,28.0
EMP00240,CRS0084,2025-05-18,Completed,4.8,28.6
EMP00240,CRS0122,2024-11-03,In Progress,,38.7
EMP00240,CRS0086,2026-07-22,In Progress,,13.1
EMP00241,CRS0110,2026-02-26,In Progress,,33.9
EMP00241,CRS0114,2024-05-20,Completed,3.5,11.8
EMP00241,CRS0083,2025-11-14,Completed,4.4,4.7
EMP00242,CRS0029,2024-10-07,Completed,2.7,29.5
EMP00242,CRS0104,2024-07-26,Completed,3.5,9.0
EMP00242,CRS0113,2025-10-16,Completed,2.1,30.8
EMP00242,CRS0136,2025-03-05,In Progress,,7.9
EMP00243,CRS0072,2026-05-14,Completed,3.7,23.6
EMP00243,CRS0139,2024-11-28,In Progress,,3.9
EMP00243,CRS0056,2024-04-10,Completed,2.1,2.3
EMP00243,CRS0079,2024-08-24,Completed,2.2,34.5
EMP00243,CRS0043,2025-12-16,Completed,4.4,22.0
EMP00243,CRS0123,2025-01-12,Completed,3.0,11.9
EMP00244,CRS0040,2026-07-21,Completed,3.3,34.5
EMP00244,CRS0101,2024-11-11,In Progress,,20.8
EMP00244,CRS0011,2026-05-20,In Progress,,17.0
EMP00245,CRS0017,2026-06-24,Completed,3.9,27.9
EMP00245,CRS0028,2025-06-24,Completed,4.9,35.4
EMP00245,CRS0040,2026-04-18,In Progress,,31.8
EMP00245,CRS0136,2025-06-18,Completed,2.1,20.9
EMP00245,CRS0090,2025-05-07,Completed,4.7,16.7
EMP00245,CRS0105,2025-11-17,Dropped,,16.1
EMP00246,CRS0074,2025-06-03,Completed,4.3,2.9
EMP00246,CRS0102,2026-10-04,In Progress,,36.0
EMP00246,CRS0001,2025-02-05,Completed,2.2,20.4
EMP00246,CRS0115,2025-10-25,Completed,4.1,13.4
EMP00247,CRS0087,2026-11-25,Completed,2.8,22.6
EMP00247,CRS0053,2026-08-09,Completed,4.3,14.8
EMP00247,CRS0026,2025-10-02,Completed,3.3,16.4
EMP00248,CRS0005,2025-04-25,Completed,4.1,26.3
EMP00248,CRS0093,2025-07-26,Completed,3.4,20.7
EMP00248,CRS0084,2026-05-25,Completed,4.9,29.6
EMP00248,CRS0078,2026-04-10,Completed,4.7,20.5
EMP00248,CRS0068,2025-10-15,In Progress,,15.1
EMP00249,CRS0032,2025-10-09,Completed,3.4,34.6
EMP00249,CRS0014,2025-12-18,Completed,2.2,36.0
EMP00249,CRS0013,2025-09-11,Completed,2.5,37.8
EMP00249,CRS0029,2026-12-21,Completed,2.3,15.0
EMP00249,CRS0086,2026-06-15,Completed,2.3,22.3
EMP00250,CRS0081,2025-06-18,In Progress,,22.4
EMP00250,CRS0039,2025-08-24,Completed,4.3,30.5
EMP00250,CRS0061,2026-02-21,Completed,4.5,15.8
EMP00251,CRS0104,2024-04-07,Completed,2.4,9.3
EMP00251,CRS0012,2026-05-15,In Progress,,26.9
EMP00251,CRS0040,2025-10-15,Completed,2.1,5.9
EMP00251,CRS0136,2025-11-19,Completed,2.3,29.7
EMP00251,CRS0068,2024-05-04,Completed,4.4,33.2
EMP00252,CRS0090,2025-01-04,Completed,2.9,29.1
EMP00252,CRS0082,2024-01-03,Completed,2.6,33.3
EMP00252,CRS0088,2024-02-15,Completed,3.8,3.2
EMP00252,CRS0011,2025-10-26,In Progress,,37.7
EMP00252,CRS0133,2025-12-20,Completed,3.7,20.6
EMP00252,CRS0056,2024-07-23,Completed,3.6,13.9
EMP00253,CRS0029,2026-07-15,In Progress,,31.3
EMP00253,CRS0094,2025-08-08,Completed,2.7,39.9
EMP00253,CRS0061,2026-10-14,Completed,4.0,15.5
EMP00254,CRS0126,2025-02-07,Completed,2.4,22.5
EMP00254,CRS0015,2024-10-01,Completed,3.0,6.0
EMP00255,CRS0070,2024-08-21,Completed,3.4,34.6
EMP00255,CRS0049,2026-04-11,Completed,3.8,18.4
EMP00256,CRS0106,2026-01-22,Dropped,,9.4
EMP00256,CRS0114,2025-11-14,Completed,3.4,29.4
EMP00256,CRS0017,2024-07-27,In Progress,,23.3
EMP00256,CRS0069,2024-11-14,Completed,2.5,34.3
EMP00256,CRS0134,2025-12-25,Completed,4.2,32.8
EMP00257,CRS0037,2025-10-04,In Progress,,21.9
EMP00257,CRS0130,2024-03-03,Completed,2.4,6.9
EMP00258,CRS0043,2026-09-19,Completed,2.3,20.6
EMP00258,CRS0083,2025-10-28,In Progress,,7.6
EMP00258,CRS0041,2025-05-21,Completed,4.9,30.8
EMP00258,CRS0097,2024-03-12,Completed,3.1,16.1
EMP00259,CRS0072,2026-12-11,Completed,4.4,28.1
EMP00259,CRS0074,2026-01-22,Completed,3.1,19.1
EMP00259,CRS0020,2026-11-18,Completed,2.2,23.0
EMP00259,CRS0029,2026-07-17,Completed,3.8,18.9
EMP00260,CRS0026,2026-03-06,Dropped,,11.9
EMP00260,CRS0138,2024-04-08,Completed,2.2,27.2
EMP00260,CRS0072,2024-03-15,Completed,4.9,36.2
EMP00260,CRS0128,2024-01-17,Completed,2.6,16.8
EMP00261,CRS0102,2025-11-22,In Progress,,2.4
EMP00261,CRS0075,2025-07-05,Completed,2.3,22.7
EMP00261,CRS0120,2025-07-21,In Progress,,16.2
EMP00261,CRS0124,2024-02-16,Completed,4.5,26.2
EMP00261,CRS0012,2026-07-18,Completed,2.8,21.9
EMP00262,CRS0077,2024-11-06,Completed,4.4,10.5
EMP00262,CRS0027,2025-05-20,Completed,2.9,14.5
EMP00263,CRS0120,2024-10-22,Completed,4.2,28.0
EMP00263,CRS0077,2026-01-19,Completed,4.4,11.5
EMP00263,CRS0028,2026-01-08,In Progress,,30.5
EMP00263,CRS0022,2024-12-20,Completed,3.0,27.2
EMP00263,CRS0103,2026-06-18,Completed,2.2,23.0
EMP00264,CRS0026,2024-06-08,Completed,2.0,12.5
EMP00264,CRS0049,2026-03-25,Completed,2.7,36.3
EMP00264,CRS0102,2025-01-05,In Progress,,38.2
EMP00264,CRS0140,2024-09-23,Completed,3.3,29.9
EMP00264,CRS0037,2024-03-28,Completed,3.1,12.5
EMP00264,CRS0101,2024-06-18,In Progress,,24.9
EMP00265,CRS0129,2024-01-14,In Progress,,25.6
EMP00265,CRS0077,2024-08-10,Completed,2.7,32.5
EMP00265,CRS0050,2026-12-12,Completed,2.8,23.8
EMP00266,CRS0007,2024-03-18,In Progress,,13.6
EMP00266,CRS0042,2026-11-19,Completed,2.3,14.6
EMP00267,CRS0004,2026-01-07,Completed,3.5,34.6
EMP00267,CRS0057,2024-10-10,Completed,3.2,19.2
EMP00267,CRS0087,2025-01-11,Completed,2.8,37.4
EMP00267,CRS0117,2024-11-21,Completed,3.2,22.6
EMP00267,CRS0026,2025-09-09,Completed,3.0,11.1
EMP00268,CRS0117,2024-01-13,Completed,4.6,18.6
EMP00268,CRS0104,2026-12-19,Completed,2.9,37.8
EMP00269,CRS0060,2025-12-27,Completed,2.5,24.0
EMP00269,CRS0021,2025-05-28,In Progress,,19.1
EMP00269,CRS0121,2025-09-28,Completed,4.3,13.5
EMP00269,CRS0061,2025-12-26,Completed,2.9,35.2
EMP00269,CRS0012,2025-07-01,Completed,2.4,5.5
EMP00270,CRS0075,2025-10-23,Completed,4.3,24.2
EMP00270,CRS0042,2025-02-04,In Progress,,32.5
EMP00270,CRS0124,2025-07-10,Completed,3.5,39.7
EMP00270,CRS0014,2026-12-12,In Progress,,15.8
EMP00271,CRS0088,2025-09-11,Completed,3.2,23.9
EMP00271,CRS0119,2024-10-01,Completed,5.0,2.9
EMP00271,CRS0039,2026-06-24,Completed,2.8,28.0
EMP00271,CRS0132,2026-12-20,Completed,4.5,16.4
EMP00271,CRS0117,2025-02-07,Completed,4.6,26.7
EMP00272,CRS0034,2025-08-02,In Progress,,18.7
EMP00272,CRS0105,2026-07-05,In Progress,,9.8
EMP00272,CRS0122,2026-08-03,Completed,3.5,24.4
EMP00272,CRS0009,2025-04-12,In Progress,,5.2
EMP00272,CRS0114,2024-11-26,Completed,3.7,17.9
EMP00272,CRS0113,2024-05-07,Completed,3.6,36.2
EMP00273,CRS0060,2024-05-09,Completed,2.4,25.4
EMP00273,CRS0050,2024-07-19,Completed,4.4,32.9
EMP00273,CRS0062,2024-11-01,Dropped,,11.8
EMP00274,CRS0089,2026-05-03,Completed,3.2,31.6
EMP00274,CRS0034,2024-01-26,Completed,3.0,20.3
EMP00274,CRS0049,2026-06-10,Completed,4.8,11.6
EMP00274,CRS0088,2024-02-19,Completed,4.3,14.9
EMP00274,CRS0113,2024-05-06,Completed,4.3,21.8
EMP00275,CRS0090,2025-07-25,In Progress,,14.3
EMP00275,CRS0080,2025-06-26,Dropped,,38.9
EMP00275,CRS0037,2025-09-17,Completed,3.7,38.9
EMP00275,CRS0136,2026-03-02,Completed,3.3,17.1
EMP00276,CRS0034,2024-10-23,Completed,2.2,20.3
EMP00276,CRS0044,2025-04-19,Dropped,,23.3
EMP00276,CRS0032,2026-08-19,In Progress,,27.1
EMP00277,CRS0124,2025-07-06,Completed,2.5,13.8
EMP00277,CRS0041,2026-07-10,Completed,2.3,36.8
EMP00277,CRS0133,2024-09-18,Completed,3.3,10.9
EMP00277,CRS0128,2024-12-02,Completed,3.4,2.7
EMP00277,CRS0052,2024-03-01,Completed,3.5,14.9
EMP00277,CRS0020,2024-02-24,Completed,2.5,28.7
EMP00278,CRS0093,2026-12-03,Completed,3.6,25.5
EMP00278,CRS0077,2024-08-11,Completed,4.7,17.4
EMP00278,CRS0094,2024-06-06,In Progress,,2.7
EMP00278,CRS0070,2025-03-27,Completed,4.0,19.0
EMP00278,CRS0018,2025-09-25,Completed,4.6,17.1
EMP00279,CRS0075,2025-03-08,Completed,4.9,21.3
EMP00279,CRS0139,2026-12-21,In Progress,,10.2
EMP00279,CRS0049,2025-06-15,Completed,2.1,5.3
EMP00279,CRS0052,2024-07-16,Dropped,,7.8
EMP00280,CRS0069,2025-01-04,Completed,4.1,25.6
EMP00280,CRS0137,2025-10-28,Completed,4.2,23.5
EMP00281,CRS0034,2026-06-05,Completed,3.7,22.9
EMP00281,CRS0008,2025-01-27,Completed,4.1,38.8
EMP00281,CRS0090,2025-10-11,Completed,3.9,9.5
EMP00281,CRS0019,2026-11-12,Completed,3.8,5.9
EMP00281,CRS0012,2024-07-27,Dropped,,32.8
EMP00282,CRS0114,2025-06-27,Completed,4.9,36.4
EMP00282,CRS0022,2024-05-06,Dropped,,13.5
EMP00282,CRS0073,2026-07-06,Completed,4.4,33.4
EMP00283,CRS0034,2026-08-24,Completed,2.2,13.4
EMP00283,CRS0089,2026-08-16,Completed,4.3,26.5
EMP00283,CRS0021,2026-05-07,Completed,4.3,13.3
EMP00283,CRS0133,2025-09-16,Completed,3.0,13.6
EMP00283,CRS0140,2025-02-11,Completed,4.9,16.3
EMP00284,CRS0079,2024-05-18,Completed,3.7,31.0
EMP00284,CRS0058,2025-10-28,Completed,3.9,6.8
EMP00284,CRS0133,2024-10-10,Completed,2.2,3.2
EMP00284,CRS0012,2025-04-16,Completed,2.2,28.6
EMP00284,CRS0041,2025-12-25,Completed,2.9,8.4
EMP00285,CRS0033,2026-04-02,Completed,4.8,10.4
EMP00285,CRS0094,2026-01-04,Completed,2.3,38.4
EMP00285,CRS0067,2024-02-23,In Progress,,7.6
EMP00286,CRS0118,2024-05-16,In Progress,,17.0
EMP00286,CRS0048,2026-01-01,Dropped,,14.5
EMP00287,CRS0134,2025-10-17,Completed,3.8,10.5
EMP00287,CRS0069,2025-03-06,Dropped,,12.4
EMP00288,CRS0138,2025-04-28,In Progress,,5.1
EMP00288,CRS0063,2024-12-10,Completed,4.4,8.3
EMP00288,CRS0083,2024-01-24,Completed,4.3,17.3
EMP00288,CRS0107,2024-12-21,Completed,3.8,2.6
EMP00288,CRS0124,2024-11-10,Completed,2.9,19.2
EMP00288,CRS0123,2026-12-11,Completed,3.4,20.6
EMP00289,CRS0067,2026-03-24,Completed,2.4,25.5
EMP00289,CRS0014,2025-08-12,In Progress,,4.3
EMP00289,CRS0073,2026-04-20,In Progress,,12.2
EMP00289,CRS0046,2025-10-01,Completed,4.9,28.0
EMP00290,CRS0082,2025-08-07,Completed,3.4,28.4
EMP00290,CRS0055,2024-04-01,Completed,4.4,21.4
EMP00290,CRS0047,2025-04-21,Dropped,,10.8
EMP00290,CRS0089,2024-03-08,In Progress,,27.8
EMP00291,CRS0080,2024-11-19,In Progress,,37.5
EMP00291,CRS0026,2024-01-08,Completed,2.6,33.1
EMP00291,CRS0046,2025-01-05,Completed,2.1,36.8
EMP00291,CRS0040,2024-08-23,Completed,2.4,5.6
EMP00291,CRS0076,2025-01-26,Completed,4.8,14.3
EMP00292,CRS0069,2024-06-27,Completed,2.2,24.6
EMP00292,CRS0014,2026-01-16,Completed,2.3,14.2
EMP00292,CRS0070,2024-04-27,In Progress,,4.9
EMP00292,CRS0039,2025-01-12,Dropped,,39.0
EMP00292,CRS0077,2026-05-20,In Progress,,10.5
EMP00292,CRS0088,2024-10-23,Dropped,,37.4
EMP00293,CRS0029,2025-04-06,Completed,2.4,37.4
EMP00293,CRS0086,2024-05-14,Dropped,,26.0
EMP00293,CRS0128,2026-07-05,Completed,4.5,18.4
EMP00293,CRS0081,2026-09-22,In Progress,,4.8
EMP00293,CRS0092,2025-03-01,Completed,4.8,18.4
EMP00294,CRS0118,2025-03-02,Dropped,,13.9
EMP00294,CRS0112,2025-11-21,Completed,3.7,16.6
EMP00295,CRS0115,2025-01-17,In Progress,,28.3
EMP00295,CRS0118,2024-02-10,Completed,4.3,3.4
EMP00295,CRS0020,2024-01-24,In Progress,,17.9
EMP00295,CRS0079,2026-09-18,Completed,2.4,33.6
EMP00295,CRS0049,2025-11-04,Completed,3.8,3.5
EMP00296,CRS0063,2026-11-12,Completed,3.6,15.4
EMP00296,CRS0134,2024-06-21,Dropped,,37.4
EMP00296,CRS0030,2025-09-18,Completed,3.8,14.7
EMP00296,CRS0105,2024-09-02,In Progress,,16.4
EMP00296,CRS0131,2024-01-24,Completed,4.8,29.2
EMP00297,CRS0029,2026-04-24,Completed,3.3,2.7
EMP00297,CRS0075,2026-04-02,In Progress,,31.7
EMP00297,CRS0115,2026-10-19,In Progress,,24.9
EMP00297,CRS0040,2025-06-10,Completed,3.7,5.9
EMP00297,CRS0050,2024-05-13,Completed,2.6,19.5
EMP00297,CRS0118,2025-09-17,Completed,3.7,37.9
EMP00298,CRS0116,2025-06-14,In Progress,,5.2
EMP00298,CRS0096,2025-04-10,Completed,4.0,32.2
EMP00298,CRS0018,2026-11-15,Completed,4.3,21.1
EMP00298,CRS0087,2024-03-12,Completed,4.8,2.6
EMP00298,CRS0126,2024-04-25,Completed,4.9,18.3
EMP00299,CRS0123,2024-10-26,Completed,3.5,23.2
EMP00299,CRS0124,2026-08-22,Completed,3.2,16.1
EMP00299,CRS0062,2026-01-05,Completed,4.6,7.5
EMP00299,CRS0005,2025-06-11,Dropped,,38.3
EMP00299,CRS0052,2026-01-17,Completed,2.2,15.0
EMP00300,CRS0054,2025-03-10,Completed,3.4,21.8
EMP00300,CRS0127,2025-04-17,Completed,3.2,2.5
EMP00301,CRS0016,2026-04-01,Completed,2.9,25.4
EMP00301,CRS0008,2025-10-19,Completed,4.9,12.6
EMP00301,CRS0021,2025-07-25,Dropped,,17.7
EMP00302,CRS0040,2024-06-05,Completed,3.8,16.3
EMP00302,CRS0132,2024-03-05,Completed,3.0,17.4
EMP00302,CRS0128,2025-01-12,Completed,2.4,36.1
EMP00302,CRS0050,2024-03-12,Completed,3.4,34.4
EMP00302,CRS0092,2024-05-04,Completed,3.1,23.4
EMP00303,CRS0043,2024-03-07,Completed,2.1,22.6
EMP00303,CRS0130,2025-08-21,Completed,3.5,23.0
EMP00303,CRS0004,2024-07-03,Completed,3.8,16.5
EMP00303,CRS0087,2026-05-10,Completed,3.4,25.2
EMP00303,CRS0018,2025-12-18,Completed,2.0,8.1
EMP00303,CRS0106,2024-12-03,Completed,3.6,33.8
EMP00304,CRS0119,2024-09-02,Completed,2.1,37.8
EMP00304,CRS0061,2025-11-19,In Progress,,16.4
EMP00304,CRS0020,2024-10-25,In Progress,,37.0
EMP00305,CRS0105,2024-09-19,Completed,2.8,37.4
EMP00305,CRS0002,2024-10-26,In Progress,,6.7
EMP00305,CRS0099,2025-07-22,In Progress,,6.8
EMP00306,CRS0037,2025-02-07,Completed,2.1,11.9
EMP00306,CRS0078,2024-09-21,In Progress,,21.6
EMP00306,CRS0125,2024-12-23,Completed,2.0,39.4
EMP00306,CRS0105,2026-11-01,Completed,2.9,6.4
EMP00306,CRS0055,2025-01-19,Completed,3.4,21.1
EMP00306,CRS0075,2025-08-04,In Progress,,32.1
EMP00307,CRS0129,2025-07-09,Completed,2.6,12.0
EMP00307,CRS0118,2025-06-22,Completed,2.4,31.1
EMP00307,CRS0135,2024-08-24,Dropped,,24.8
EMP00307,CRS0055,2025-05-09,Completed,2.7,34.6
EMP00308,CRS0135,2026-05-03,In Progress,,16.9
EMP00308,CRS0116,2024-01-27,Completed,3.9,38.6
EMP00308,CRS0001,2025-06-08,Completed,2.7,18.2
EMP00308,CRS0059,2026-01-12,Dropped,,28.7
EMP00308,CRS0064,2026-01-03,Completed,4.8,11.2
EMP00308,CRS0028,2025-05-14,Completed,3.6,17.4
EMP00309,CRS0043,2024-01-09,Completed,2.1,37.4
EMP00309,CRS0083,2026-05-18,Completed,4.9,17.2
EMP00310,CRS0133,2024-01-02,Completed,4.7,11.4
EMP00310,CRS0070,2025-01-25,Dropped,,19.3
EMP00310,CRS0131,2024-11-16,Completed,3.5,38.3
EMP00310,CRS0065,2024-01-15,Completed,4.7,24.6
EMP00310,CRS0018,2025-02-19,Completed,2.3,35.6
EMP00311,CRS0014,2025-02-26,Dropped,,12.2
EMP00311,CRS0010,2025-04-08,Completed,4.5,18.1
EMP00311,CRS0072,2026-12-14,Completed,4.0,13.5
EMP00311,CRS0007,2025-03-08,Dropped,,37.2
EMP00311,CRS0044,2024-04-24,Completed,2.3,31.5
EMP00312,CRS0093,2025-10-23,In Progress,,30.8
EMP00312,CRS0063,2025-11-13,In Progress,,24.2
EMP00312,CRS0001,2025-12-04,Dropped,,10.1
EMP00313,CRS0123,2024-05-17,In Progress,,28.4
EMP00313,CRS0117,2024-12-26,Completed,4.2,37.3
EMP00313,CRS0061,2025-11-08,Completed,3.0,22.0
EMP00313,CRS0027,2025-11-26,In Progress,,7.8
EMP00313,CRS0056,2026-02-08,Completed,3.4,5.5
EMP00313,CRS0078,2025-10-13,Completed,2.6,6.7
EMP00314,CRS0009,2026-03-04,Completed,2.7,14.1
EMP00314,CRS0111,2024-06-01,In Progress,,6.6
EMP00314,CRS0002,2024-06-25,Completed,4.4,23.2
EMP00314,CRS0094,2026-09-23,Completed,2.9,9.9
EMP00314,CRS0026,2026-11-21,Completed,2.0,37.7
EMP00315,CRS0093,2025-12-27,Completed,2.7,27.1
EMP00315,CRS0125,2025-07-24,Dropped,,29.5
EMP00315,CRS0002,2026-11-02,Completed,2.5,14.2
EMP00315,CRS0060,2024-01-02,Completed,3.9,8.6
EMP00316,CRS0029,2024-10-15,Completed,3.0,4.8
EMP00316,CRS0015,2026-10-21,Completed,2.8,11.6
EMP00317,CRS0021,2024-11-25,In Progress,,23.1
EMP00317,CRS0036,2025-10-20,Completed,4.6,27.3
EMP00317,CRS0023,2026-09-28,Completed,4.0,38.1
EMP00317,CRS0060,2024-02-02,Completed,2.4,27.6
EMP00317,CRS0001,2026-08-21,Completed,2.8,6.7
EMP00317,CRS0013,2025-06-24,Completed,5.0,34.5
EMP00318,CRS0018,2024-02-17,Completed,4.6,2.8
EMP00318,CRS0036,2025-02-16,In Progress,,17.1
EMP00318,CRS0033,2026-04-27,Completed,3.9,25.8
EMP00318,CRS0019,2024-12-21,Completed,2.6,11.9
EMP00318,CRS0136,2025-11-20,Completed,2.7,21.3
EMP00319,CRS0017,2026-11-03,In Progress,,7.6
EMP00319,CRS0106,2026-03-11,In Progress,,29.9
EMP00319,CRS0119,2026-07-26,Completed,4.7,7.7
EMP00319,CRS0112,2026-04-15,Completed,2.3,16.5
EMP00319,CRS0071,2025-03-06,Completed,3.8,25.7
EMP00319,CRS0004,2025-05-10,Completed,4.7,17.8
EMP00320,CRS0072,2025-04-08,Completed,4.9,6.4
EMP00320,CRS0064,2026-01-11,Completed,2.8,25.0
EMP00320,CRS0110,2025-12-12,Completed,3.4,34.0
EMP00320,CRS0139,2026-07-23,Completed,4.0,28.4
EMP00320,CRS0112,2026-08-20,In Progress,,31.6
EMP00320,CRS0130,2026-03-01,Completed,4.8,23.9
EMP00321,CRS0100,2025-07-24,Completed,2.5,29.5
EMP00321,CRS0061,2025-02-18,Completed,2.4,14.3
EMP00321,CRS0120,2025-06-22,In Progress,,8.7
EMP00321,CRS0044,2024-12-15,Completed,3.7,20.6
EMP00322,CRS0051,2026-08-09,Completed,3.9,7.5
EMP00322,CRS0092,2025-11-07,In Progress,,4.8
EMP00322,CRS0126,2025-01-07,Dropped,,38.6
EMP00322,CRS0081,2025-07-21,In Progress,,18.2
EMP00322,CRS0089,2025-09-10,Completed,3.3,5.9
EMP00322,CRS0018,2024-01-26,In Progress,,8.1
EMP00323,CRS0140,2026-12-05,Completed,4.9,3.2
EMP00323,CRS0011,2026-09-05,Completed,2.5,11.6
EMP00324,CRS0120,2024-02-06,In Progress,,21.8
EMP00324,CRS0058,2025-05-18,Completed,2.7,18.2
EMP00324,CRS0044,2024-02-20,Completed,2.6,19.9
EMP00324,CRS0029,2026-08-09,Completed,2.1,13.2
EMP00324,CRS0011,2026-12-06,In Progress,,4.6
EMP00324,CRS0121,2024-11-13,Completed,4.1,31.0
EMP00325,CRS0017,2025-02-02,Completed,4.1,2.7
EMP00325,CRS0041,2025-12-05,Completed,3.9,28.2
EMP00325,CRS0084,2024-01-07,Completed,4.6,9.9
EMP00325,CRS0091,2024-06-02,Completed,5.0,7.1
EMP00326,CRS0136,2025-11-05,In Progress,,9.2
EMP00326,CRS0060,2024-08-11,In Progress,,26.3
EMP00326,CRS0001,2025-10-05,In Progress,,23.8
EMP00327,CRS0008,2025-09-16,Completed,4.7,18.2
EMP00327,CRS0029,2024-04-28,In Progress,,13.6
EMP00327,CRS0107,2024-01-13,Completed,3.1,36.6
EMP00327,CRS0102,2024-01-22,Completed,3.2,24.1
EMP00327,CRS0057,2026-01-04,Completed,2.9,29.9
EMP00327,CRS0032,2025-03-19,Completed,4.0,20.6
EMP00328,CRS0044,2024-11-20,Completed,3.1,14.1
EMP00328,CRS0133,2026-12-14,Dropped,,17.5
EMP00328,CRS0001,2025-03-23,Completed,4.2,9.4
EMP00328,CRS0034,2024-03-22,Completed,2.5,11.3
EMP00328,CRS0076,2024-06-17,In Progress,,23.0
EMP00329,CRS0050,2026-12-10,Dropped,,30.1
EMP00329,CRS0117,2026-11-07,Completed,3.2,37.7
EMP00329,CRS0114,2024-06-25,Completed,2.1,6.0
EMP00329,CRS0078,2025-03-15,Completed,3.0,21.2
EMP00329,CRS0061,2025-01-08,Completed,3.6,22.5
EMP00329,CRS0090,2024-04-01,Completed,3.3,22.2
EMP00330,CRS0092,2024-09-14,In Progress,,24.5
EMP00330,CRS0137,2024-03-20,Completed,4.7,34.0
EMP00330,CRS0130,2026-06-23,Dropped,,10.4
EMP00330,CRS0002,2025-10-06,In Progress,,27.1
EMP00331,CRS0084,2026-10-28,Completed,3.3,18.9
EMP00331,CRS0091,2026-09-08,Completed,4.0,31.8
EMP00332,CRS0079,2025-06-25,Completed,4.9,18.8
EMP00332,CRS0085,2025-01-18,In Progress,,6.0
EMP00333,CRS0092,2024-02-25,In Progress,,38.6
EMP00333,CRS0136,2025-01-01,Completed,3.1,21.8
EMP00333,CRS0119,2025-07-22,Dropped,,9.4
EMP00333,CRS0010,2026-11-19,In Progress,,6.9
EMP00333,CRS0028,2026-04-01,In Progress,,24.3
EMP00333,CRS0090,2025-07-04,In Progress,,37.0
EMP00334,CRS0064,2025-02-21,Completed,4.6,24.6
EMP00334,CRS0123,2025-01-26,Dropped,,14.5
EMP00335,CRS0055,2026-06-27,In Progress,,35.5
EMP00335,CRS0134,2026-10-17,Completed,3.1,26.4
EMP00335,CRS0125,2025-04-19,Completed,4.0,22.8
EMP00336,CRS0102,2026-10-28,Completed,3.5,12.8
EMP00336,CRS0063,2025-05-11,In Progress,,29.7
EMP00336,CRS0014,2025-05-04,Completed,4.7,27.1
EMP00336,CRS0003,2025-10-27,In Progress,,3.6
EMP00336,CRS0002,2025-05-21,Completed,3.3,16.7
EMP00337,CRS0077,2025-01-26,Dropped,,6.1
EMP00337,CRS0116,2026-11-17,In Progress,,11.5
EMP00337,CRS0091,2026-11-23,Completed,3.8,14.5
EMP00338,CRS0014,2025-06-14,Completed,4.3,37.0
EMP00338,CRS0119,2024-07-16,In Progress,,32.3
EMP00338,CRS0110,2025-11-02,Completed,5.0,10.3
EMP00338,CRS0094,2025-11-22,Completed,4.9,10.0
EMP00338,CRS0130,2025-02-22,Completed,4.1,19.7
EMP00338,CRS0081,2026-11-01,Completed,2.6,27.0
EMP00339,CRS0131,2025-05-01,Completed,2.6,29.0
EMP00339,CRS0137,2026-06-05,Completed,2.6,24.1
EMP00339,CRS0056,2024-12-06,Dropped,,14.7
EMP00339,CRS0100,2026-07-11,Completed,4.3,38.6
EMP00339,CRS0041,2026-12-11,Completed,3.4,13.9
EMP00340,CRS0073,2024-03-08,Completed,3.8,4.0
EMP00340,CRS0116,2026-06-02,Completed,3.5,13.1
EMP00341,CRS0063,2024-01-02,Dropped,,3.6
EMP00341,CRS0092,2025-05-09,Completed,3.4,4.8
EMP00341,CRS0081,2026-05-26,Dropped,,32.1
EMP00341,CRS0095,2024-09-19,Completed,3.2,31.1
EMP00341,CRS0089,2026-03-16,Completed,4.0,5.5
EMP00341,CRS0116,2024-07-11,In Progress,,30.7
EMP00342,CRS0113,2026-11-08,Completed,2.5,35.0
EMP00342,CRS0104,2025-07-10,In Progress,,26.0
EMP00343,CRS0108,2025-06-19,Dropped,,16.1
EMP00343,CRS0091,2026-06-14,Completed,2.4,17.5
EMP00343,CRS0064,2026-11-10,Completed,3.5,31.2
EMP00343,CRS0002,2026-03-16,Dropped,,10.2
EMP00344,CRS0050,2024-07-19,Completed,2.5,30.2
EMP00344,CRS0016,2024-07-19,Completed,4.0,33.1
EMP00344,CRS0068,2024-10-15,Completed,4.8,9.0
EMP00344,CRS0106,2024-08-25,Completed,3.0,2.9
EMP00344,CRS0010,2025-01-24,Completed,3.3,37.7
EMP00345,CRS0088,2024-05-10,Completed,2.2,24.2
EMP00345,CRS0028,2024-02-13,Completed,3.4,24.8
EMP00346,CRS0019,2026-12-21,In Progress,,33.1
EMP00346,CRS0050,2026-03-19,In Progress,,4.8
EMP00346,CRS0061,2026-03-04,Dropped,,31.8
EMP00347,CRS0087,2025-01-28,Completed,2.3,8.6
EMP00347,CRS0058,2026-04-21,Completed,3.7,35.6
EMP00348,CRS0114,2026-09-18,Completed,3.9,14.3
EMP00348,CRS0072,2026-03-02,In Progress,,32.0
EMP00348,CRS0047,2026-12-24,Completed,2.5,28.3
EMP00348,CRS0117,2024-07-19,In Progress,,38.5
EMP00348,CRS0014,2026-07-12,Completed,4.7,11.8
EMP00349,CRS0083,2026-01-21,In Progress,,17.8
EMP00349,CRS0036,2024-12-21,Completed,4.5,12.1
EMP00349,CRS0070,2025-08-07,Completed,4.4,15.0
EMP00349,CRS0126,2025-09-18,Completed,3.4,11.5
EMP00349,CRS0105,2026-10-09,Completed,3.3,32.8
EMP00349,CRS0004,2024-07-03,Completed,3.4,19.4
EMP00350,CRS0132,2025-03-13,Dropped,,7.8
EMP00350,CRS0129,2024-07-22,Completed,4.4,7.2
EMP00350,CRS0117,2025-05-04,In Progress,,28.9
EMP00351,CRS0007,2025-07-24,Completed,3.5,18.1
EMP00351,CRS0001,2024-04-03,In Progress,,22.6
EMP00351,CRS0088,2025-07-10,In Progress,,38.6
EMP00351,CRS0051,2026-06-21,Dropped,,38.8
EMP00351,CRS0127,2024-03-25,Completed,3.4,21.9
EMP00352,CRS0035,2025-01-03,In Progress,,12.3
EMP00352,CRS0093,2026-05-18,Completed,2.3,25.4
EMP00352,CRS0061,2024-08-01,Completed,3.3,37.4
EMP00352,CRS0096,2026-07-16,In Progress,,31.6
EMP00353,CRS0094,2024-08-27,Completed,3.4,5.9
EMP00353,CRS0044,2026-10-12,Completed,2.9,10.5
EMP00354,CRS0098,2024-01-27,Completed,2.2,39.0
EMP00354,CRS0116,2024-02-16,Completed,2.0,27.7
EMP00354,CRS0039,2024-06-02,Completed,3.1,29.6
EMP00354,CRS0076,2024-11-25,Completed,4.0,23.5
EMP00354,CRS0106,2026-10-06,Dropped,,10.7
EMP00355,CRS0021,2025-06-20,Dropped,,8.5
EMP00355,CRS0004,2026-08-22,In Progress,,20.0
EMP00356,CRS0059,2024-06-05,In Progress,,11.7
EMP00356,CRS0109,2026-05-22,Completed,4.0,25.4
EMP00356,CRS0083,2025-02-12,Completed,2.2,5.2
EMP00356,CRS0116,2025-01-26,In Progress,,10.0
EMP00357,CRS0024,2024-08-26,Dropped,,39.4
EMP00357,CRS0049,2026-10-15,Completed,4.3,30.2
EMP00357,CRS0062,2025-01-27,Completed,2.3,27.7
EMP00357,CRS0118,2025-05-20,Completed,3.0,31.1
EMP00358,CRS0093,2024-05-09,Completed,4.2,21.6
EMP00358,CRS0134,2025-09-13,Completed,2.1,4.2
EMP00359,CRS0073,2026-10-18,Completed,2.8,3.0
EMP00359,CRS0012,2024-06-05,Completed,2.5,16.2
EMP00359,CRS0092,2024-02-04,Dropped,,30.0
EMP00360,CRS0015,2026-05-14,Completed,4.1,4.7
EMP00360,CRS0133,2026-09-22,In Progress,,36.1
EMP00361,CRS0057,2026-04-02,Completed,3.7,6.5
EMP00361,CRS0043,2026-04-21,In Progress,,19.3
EMP00361,CRS0020,2024-03-05,Completed,4.8,22.2
EMP00361,CRS0063,2024-06-20,In Progress,,17.9
EMP00362,CRS0035,2025-09-28,Completed,2.5,23.8
EMP00362,CRS0003,2025-08-22,Completed,3.8,38.8
EMP00362,CRS0086,2025-07-01,Completed,4.2,12.6
EMP00362,CRS0085,2024-08-24,Completed,3.8,37.5
EMP00362,CRS0076,2024-02-09,Completed,2.8,20.0
EMP00363,CRS0021,2024-10-27,Completed,4.4,15.1
EMP00363,CRS0118,2025-10-17,In Progress,,18.1
EMP00363,CRS0047,2026-09-15,Completed,3.9,24.4
EMP00363,CRS0128,2025-06-17,Dropped,,14.6
EMP00363,CRS0087,2024-04-09,Completed,3.4,13.2
EMP00364,CRS0030,2026-04-14,In Progress,,24.1
EMP00364,CRS0035,2026-06-20,Dropped,,36.8
EMP00365,CRS0047,2024-02-05,Completed,4.7,21.6
EMP00365,CRS0117,2026-05-26,In Progress,,34.0
EMP00365,CRS0086,2026-06-14,Completed,3.8,18.0
EMP00365,CRS0017,2025-09-26,Completed,4.7,39.3
EMP00365,CRS0054,2024-01-26,Completed,4.1,28.6
EMP00366,CRS0008,2025-01-05,Completed,2.9,10.8
EMP00366,CRS0108,2025-04-08,In Progress,,19.1
EMP00366,CRS0086,2024-11-23,Completed,4.5,38.5
EMP00366,CRS0065,2026-07-21,In Progress,,20.7
EMP00366,CRS0133,2025-07-07,Completed,2.9,19.3
EMP00367,CRS0027,2025-09-28,Completed,2.6,28.5
EMP00367,CRS0034,2024-07-14,Completed,4.7,22.5
EMP00368,CRS0082,2025-07-08,Completed,4.6,14.6
EMP00368,CRS0077,2024-09-01,Completed,3.0,33.7
EMP00369,CRS0134,2026-12-18,Completed,4.8,36.8
EMP00369,CRS0046,2025-10-09,Completed,3.8,36.6
EMP00369,CRS0087,2025-03-18,Completed,4.8,25.0
EMP00370,CRS0041,2026-03-27,Completed,2.7,27.5
EMP00370,CRS0137,2024-12-25,Completed,3.7,36.4
EMP00370,CRS0074,2024-01-07,In Progress,,10.0
EMP00370,CRS0115,2026-07-10,In Progress,,37.9
EMP00370,CRS0010,2025-09-13,Completed,3.3,35.2
EMP00370,CRS0085,2025-03-16,Completed,4.8,28.7
EMP00371,CRS0136,2024-01-17,Dropped,,29.5
EMP00371,CRS0119,2026-04-27,Dropped,,20.4
EMP00371,CRS0097,2024-07-06,Completed,4.9,38.4
EMP00372,CRS0059,2026-03-28,Completed,4.7,8.6
EMP00372,CRS0057,2025-11-23,In Progress,,33.9
EMP00372,CRS0069,2025-04-11,In Progress,,4.1
EMP00372,CRS0089,2024-03-25,Completed,4.1,19.9
EMP00372,CRS0095,2024-03-18,Completed,4.2,27.4
EMP00372,CRS0123,2024-05-23,Completed,4.8,19.0
EMP00373,CRS0066,2026-10-24,Completed,3.0,36.5
EMP00373,CRS0011,2026-08-15,In Progress,,28.0
EMP00373,CRS0040,2025-09-18,Completed,2.9,6.0
EMP00374,CRS0093,2026-08-08,Completed,4.6,17.2
EMP00374,CRS0108,2025-07-20,Completed,4.5,39.5
EMP00375,CRS0077,2026-07-16,Completed,4.8,12.1
EMP00375,CRS0072,2026-03-20,In Progress,,9.9
EMP00376,CRS0042,2026-08-01,Completed,3.0,22.3
EMP00376,CRS0073,2024-11-20,Completed,4.5,35.9
EMP00377,CRS0081,2026-10-11,Completed,3.5,2.9
EMP00377,CRS0072,2024-04-28,Completed,2.3,37.9
EMP00377,CRS0041,2024-12-04,Dropped,,23.9
EMP00377,CRS0108,2025-03-18,Completed,4.8,21.0
EMP00378,CRS0064,2026-02-02,Completed,2.2,35.9
EMP00378,CRS0092,2024-04-15,Completed,2.1,6.4
EMP00378,CRS0109,2025-01-05,Completed,4.4,14.4
EMP00379,CRS0126,2025-10-14,Dropped,,37.2
EMP00379,CRS0043,2026-10-22,In Progress,,16.0
EMP00379,CRS0131,2025-06-19,In Progress,,15.4
EMP00379,CRS0118,2024-06-11,Completed,3.7,39.1
EMP00379,CRS0019,2026-07-05,In Progress,,11.1
EMP00380,CRS0022,2025-02-18,In Progress,,38.4
EMP00380,CRS0114,2025-03-24,Completed,3.0,8.1
EMP00380,CRS0030,2024-01-15,In Progress,,36.1
EMP00380,CRS0077,2026-09-06,In Progress,,31.4
EMP00380,CRS0132,2026-06-04,In Progress,,4.8
EMP00380,CRS0094,2026-03-03,In Progress,,25.2
EMP00381,CRS0096,2026-03-16,Completed,4.4,3.5
EMP00381,CRS0126,2025-04-01,Completed,4.3,35.5
EMP00381,CRS0076,2024-04-27,Completed,4.3,7.4
EMP00381,CRS0082,2024-03-24,In Progress,,28.0
EMP00382,CRS0044,2026-12-06,In Progress,,12.9
EMP00382,CRS0073,2025-11-27,Completed,5.0,18.6
EMP00383,CRS0065,2024-06-23,Completed,4.1,33.3
EMP00383,CRS0024,2025-10-11,In Progress,,8.3
EMP00384,CRS0016,2024-06-10,Completed,4.7,11.0
EMP00384,CRS0007,2024-02-07,Completed,2.3,36.2
EMP00384,CRS0073,2026-04-09,In Progress,,30.2
EMP00384,CRS0123,2025-02-07,In Progress,,29.0
EMP00384,CRS0065,2026-03-15,Completed,4.3,25.7
EMP00384,CRS0023,2024-05-27,Completed,3.2,9.1
EMP00385,CRS0030,2026-12-07,In Progress,,25.5
EMP00385,CRS0039,2025-10-28,Completed,5.0,3.5
EMP00385,CRS0007,2026-01-18,Completed,2.1,25.5
EMP00386,CRS0136,2026-10-28,Completed,2.4,23.7
EMP00386,CRS0018,2024-04-11,Completed,3.5,4.7
EMP00386,CRS0098,2024-02-15,Completed,3.7,33.0
EMP00386,CRS0106,2025-11-13,Dropped,,10.9
EMP00386,CRS0078,2026-12-03,Completed,5.0,39.0
EMP00386,CRS0093,2026-04-23,Dropped,,5.2
EMP00387,CRS0024,2026-04-26,Completed,4.6,6.3
EMP00387,CRS0030,2025-05-19,Completed,4.3,39.5
EMP00387,CRS0130,2025-09-16,Completed,2.1,20.7
EMP00387,CRS0123,2026-08-15,In Progress,,15.1
EMP00387,CRS0075,2026-08-05,Completed,4.1,15.6
EMP00387,CRS0010,2024-02-13,Completed,4.5,30.7
EMP00388,CRS0051,2024-02-21,Dropped,,21.1
EMP00388,CRS0128,2024-06-25,Dropped,,27.5
EMP00389,CRS0008,2025-10-20,Completed,4.6,2.9
EMP00389,CRS0049,2025-07-22,Completed,4.7,34.8
EMP00389,CRS0098,2024-04-23,Completed,4.6,7.2
EMP00389,CRS0053,2026-06-17,Completed,2.1,6.1
EMP00389,CRS0016,2026-08-28,In Progress,,31.7
EMP00390,CRS0071,2025-04-28,Completed,2.6,8.9
EMP00390,CRS0013,2026-08-10,Completed,4.3,14.8
EMP00391,CRS0139,2026-08-06,Completed,3.0,29.8
EMP00391,CRS0135,2026-12-05,Completed,4.6,14.4
EMP00391,CRS0050,2025-12-09,In Progress,,22.9
EMP00391,CRS0044,2026-02-19,Completed,5.0,6.3
EMP00392,CRS0007,2025-09-18,In Progress,,10.9
EMP00392,CRS0055,2025-04-13,Dropped,,22.8
EMP00392,CRS0080,2024-03-08,In Progress,,34.0
EMP00392,CRS0133,2025-05-15,Completed,2.1,28.4
EMP00392,CRS0043,2025-09-14,Completed,2.9,18.0
EMP00393,CRS0069,2025-04-04,In Progress,,7.0
EMP00393,CRS0026,2025-08-13,Completed,3.0,8.4
EMP00393,CRS0101,2024-09-04,Completed,2.8,21.5
EMP00393,CRS0060,2024-06-15,Completed,4.3,11.6
EMP00393,CRS0126,2024-12-13,Completed,2.3,13.8
EMP00394,CRS0019,2024-04-13,Completed,2.4,13.7
EMP00394,CRS0107,2026-12-01,Completed,3.5,8.3
EMP00395,CRS0088,2024-12-13,Dropped,,36.6
EMP00395,CRS0087,2025-04-16,Completed,2.7,21.2
EMP00395,CRS0070,2024-05-26,Completed,5.0,32.7
EMP00395,CRS0098,2025-05-11,In Progress,,26.0
EMP00396,CRS0091,2024-10-14,Dropped,,34.3
EMP00396,CRS0106,2024-04-17,Completed,2.4,20.9
EMP00396,CRS0109,2026-03-23,Completed,3.8,36.5
EMP00396,CRS0008,2025-12-28,Completed,4.6,38.7
EMP00396,CRS0003,2026-04-18,In Progress,,16.8
EMP00396,CRS0060,2026-06-27,Completed,4.4,4.1
EMP00397,CRS0006,2026-02-03,Completed,4.8,15.7
EMP00397,CRS0050,2024-04-09,Completed,4.4,32.0
EMP00397,CRS0067,2026-05-07,In Progress,,25.9
EMP00397,CRS0008,2025-01-01,In Progress,,38.5
EMP00397,CRS0022,2025-10-11,In Progress,,8.6
EMP00398,CRS0086,2025-05-05,Completed,4.2,18.3
EMP00398,CRS0032,2026-08-27,In Progress,,39.3
EMP00398,CRS0079,2025-03-16,In Progress,,38.8
EMP00398,CRS0047,2024-07-24,Completed,3.5,38.8
EMP00398,CRS0091,2026-02-21,In Progress,,35.7
EMP00398,CRS0066,2025-08-19,Dropped,,9.8
EMP00399,CRS0082,2026-04-18,In Progress,,33.0
EMP00399,CRS0048,2026-09-20,Completed,2.5,12.6
EMP00399,CRS0060,2024-01-03,Completed,2.3,38.3
EMP00399,CRS0081,2024-03-22,Completed,3.4,38.7
EMP00400,CRS0073,2026-05-18,Completed,2.8,40.0
EMP00400,CRS0087,2024-11-23,Completed,4.1,34.4
EMP00400,CRS0115,2024-06-23,In Progress,,34.2
EMP00400,CRS0104,2026-04-21,Completed,2.4,39.9
EMP00400,CRS0020,2025-12-12,Completed,2.5,22.3
EMP00400,CRS0062,2026-09-04,In Progress,,27.0
EMP00401,CRS0013,2026-08-23,In Progress,,16.4
EMP00401,CRS0036,2026-03-24,Completed,4.5,15.0
EMP00401,CRS0107,2026-08-02,In Progress,,4.5
EMP00402,CRS0072,2025-07-09,Dropped,,6.5
EMP00402,CRS0019,2024-10-28,Completed,4.1,5.1
EMP00402,CRS0001,2025-05-06,Completed,2.2,23.9
EMP00402,CRS0125,2025-04-24,In Progress,,13.5
EMP00402,CRS0031,2026-11-25,In Progress,,27.5
EMP00402,CRS0030,2026-11-16,Completed,4.1,11.2
EMP00403,CRS0127,2024-06-08,Completed,3.7,6.6
EMP00403,CRS0118,2026-12-25,Completed,4.8,8.0
EMP00403,CRS0002,2024-07-16,Completed,2.1,38.8
EMP00403,CRS0015,2026-07-14,Completed,3.8,25.4
EMP00404,CRS0038,2026-04-27,Completed,4.7,34.1
EMP00404,CRS0139,2025-05-13,Completed,5.0,19.5
EMP00405,CRS0035,2024-08-02,Completed,4.3,24.6
EMP00405,CRS0028,2024-09-21,In Progress,,20.5
EMP00405,CRS0001,2026-07-25,Completed,4.2,36.9
EMP00405,CRS0004,2024-01-16,In Progress,,24.0
EMP00405,CRS0049,2026-01-19,In Progress,,32.2
EMP00405,CRS0121,2024-05-17,Dropped,,35.8
EMP00406,CRS0040,2024-10-14,Completed,4.6,37.5
EMP00406,CRS0112,2026-05-26,Completed,4.6,32.3
EMP00406,CRS0126,2025-07-12,Completed,2.9,7.1
EMP00406,CRS0078,2026-09-06,In Progress,,5.4
EMP00407,CRS0027,2025-06-25,Completed,4.8,3.5
EMP00407,CRS0115,2024-07-20,Completed,2.4,9.1
EMP00407,CRS0070,2024-03-28,Dropped,,10.6
EMP00407,CRS0128,2025-06-06,In Progress,,27.2
EMP00407,CRS0123,2025-04-08,Dropped,,16.1
EMP00407,CRS0090,2025-05-25,Completed,4.7,30.8
EMP00408,CRS0098,2026-03-09,Completed,3.3,15.0
EMP00408,CRS0059,2024-06-23,Completed,4.2,16.0
EMP00409,CRS0052,2024-04-05,Completed,4.8,17.5
EMP00409,CRS0124,2024-03-18,Completed,2.7,39.7
EMP00409,CRS0007,2024-09-08,Dropped,,28.5
EMP00409,CRS0016,2024-08-22,Completed,4.7,33.7
EMP00409,CRS0092,2024-01-08,Completed,3.0,24.0
EMP00409,CRS0054,2026-12-23,In Progress,,29.3
EMP00410,CRS0002,2026-04-09,In Progress,,13.9
EMP00410,CRS0140,2026-08-01,Dropped,,3.3
EMP00411,CRS0051,2024-09-09,Completed,3.6,32.8
EMP00411,CRS0049,2024-06-21,Completed,3.9,38.8
EMP00411,CRS0060,2025-08-08,Completed,3.6,37.0
EMP00411,CRS0032,2026-11-12,Completed,3.8,32.4
EMP00412,CRS0123,2026-11-13,Completed,3.2,2.6
EMP00412,CRS0108,2025-12-27,Completed,4.5,15.5
EMP00413,CRS0025,2024-08-20,In Progress,,22.5
EMP00413,CRS0095,2024-06-07,In Progress,,18.5
EMP00413,CRS0126,2025-04-21,In Progress,,25.9
EMP00414,CRS0110,2026-04-21,In Progress,,7.0
EMP00414,CRS0134,2026-08-20,In Progress,,3.4
EMP00414,CRS0136,2026-11-17,Dropped,,19.8
EMP00414,CRS0093,2024-12-12,In Progress,,27.8
EMP00414,CRS0053,2025-10-27,Completed,2.5,24.6
EMP00414,CRS0068,2025-02-22,In Progress,,38.6
EMP00415,CRS0033,2026-11-17,Completed,3.3,35.3
EMP00415,CRS0085,2026-08-08,Completed,4.0,3.4
EMP00416,CRS0127,2026-11-18,In Progress,,33.5
EMP00416,CRS0107,2026-10-03,Completed,2.4,24.2
EMP00416,CRS0121,2026-06-06,In Progress,,2.0
EMP00416,CRS0024,2024-02-11,Completed,4.6,16.5
EMP00417,CRS0103,2026-10-09,Completed,4.0,17.8
EMP00417,CRS0062,2024-09-19,Completed,4.8,13.0
EMP00417,CRS0114,2025-07-25,Completed,4.4,12.9
EMP00417,CRS0076,2024-08-02,In Progress,,16.0
EMP00418,CRS0126,2025-04-13,Completed,2.4,32.7
EMP00418,CRS0056,2026-03-12,In Progress,,10.4
EMP00418,CRS0009,2025-04-24,In Progress,,27.0
EMP00418,CRS0014,2026-04-10,In Progress,,9.1
EMP00418,CRS0039,2026-04-20,Dropped,,19.2
EMP00418,CRS0024,2025-01-26,Dropped,,18.2
EMP00419,CRS0032,2025-12-24,Completed,2.9,21.7
EMP00419,CRS0009,2026-03-14,Completed,3.3,39.1
EMP00420,CRS0078,2025-02-16,Completed,3.8,25.9
EMP00420,CRS0115,2026-11-01,Dropped,,32.2
EMP00420,CRS0051,2025-12-22,Completed,3.5,36.9
EMP00420,CRS0121,2026-02-01,In Progress,,26.3
EMP00421,CRS0090,2025-08-26,Completed,4.9,33.7
EMP00421,CRS0126,2025-09-02,Completed,4.9,10.9
EMP00421,CRS0064,2026-06-05,In Progress,,31.9
EMP00421,CRS0070,2025-07-12,Completed,3.7,27.0
EMP00422,CRS0049,2025-02-19,Completed,4.7,30.1
EMP00422,CRS0114,2025-05-08,Completed,4.3,21.1
EMP00423,CRS0091,2024-12-11,Completed,2.6,3.5
EMP00423,CRS0012,2026-11-19,Completed,2.7,21.4
EMP00423,CRS0104,2025-10-21,In Progress,,16.8
EMP00423,CRS0131,2024-06-09,Completed,4.8,13.3
EMP00424,CRS0104,2024-09-15,In Progress,,16.8
EMP00424,CRS0085,2025-05-14,Completed,3.6,3.7
EMP00424,CRS0046,2025-10-26,Completed,3.1,2.0
EMP00424,CRS0029,2025-08-14,Completed,3.4,11.9
EMP00424,CRS0048,2026-12-03,In Progress,,24.1
EMP00424,CRS0027,2025-01-25,Completed,2.6,6.4
EMP00425,CRS0104,2026-02-21,Completed,3.2,21.1
EMP00425,CRS0081,2025-02-11,Completed,3.9,3.6
EMP00425,CRS0090,2024-09-14,Completed,2.7,10.2
EMP00426,CRS0001,2024-10-11,Completed,2.0,34.8
EMP00426,CRS0026,2026-01-04,In Progress,,20.3
EMP00426,CRS0058,2024-03-28,Dropped,,35.6
EMP00426,CRS0132,2026-02-12,Completed,3.1,19.7
EMP00426,CRS0081,2024-10-10,Completed,3.2,36.7
EMP00427,CRS0030,2026-10-08,Completed,3.7,27.5
EMP00427,CRS0049,2026-08-03,In Progress,,23.9
EMP00427,CRS0103,2025-01-18,Completed,4.4,20.7
EMP00427,CRS0096,2026-04-23,Completed,2.9,38.0
EMP00427,CRS0010,2026-12-26,Completed,4.5,38.4
EMP00427,CRS0092,2024-08-23,In Progress,,39.6
EMP00428,CRS0109,2024-02-25,Completed,3.8,9.9
EMP00428,CRS0022,2024-01-19,Completed,3.7,8.2
EMP00429,CRS0011,2025-08-12,In Progress,,4.8
EMP00429,CRS0014,2025-05-18,Completed,3.0,7.9
EMP00429,CRS0055,2024-07-26,Completed,3.2,4.6
EMP00429,CRS0123,2024-11-08,Dropped,,7.0
EMP00430,CRS0100,2025-11-03,Dropped,,18.3
EMP00430,CRS0095,2026-02-18,Completed,2.4,18.4
EMP00431,CRS0032,2024-11-20,In Progress,,29.0
EMP00431,CRS0034,2024-01-06,In Progress,,37.2
EMP00432,CRS0092,2025-11-11,Completed,4.4,10.4
EMP00432,CRS0131,2026-10-28,Completed,3.7,28.1
EMP00432,CRS0127,2026-12-13,In Progress,,34.1
EMP00432,CRS0035,2026-01-10,Completed,3.7,17.4
EMP00433,CRS0008,2025-01-17,Completed,4.3,34.0
EMP00433,CRS0089,2026-09-25,Completed,4.4,31.5
EMP00433,CRS0042,2025-01-18,Completed,2.8,32.3
EMP00433,CRS0023,2025-02-09,In Progress,,28.3
EMP00434,CRS0061,2025-01-27,Completed,3.0,12.7
EMP00434,CRS0070,2026-06-27,Completed,3.8,32.8
EMP00435,CRS0009,2026-11-18,Completed,3.8,10.4
EMP00435,CRS0106,2026-01-16,Dropped,,15.2
EMP00435,CRS0034,2025-03-22,Completed,3.8,12.4
EMP00435,CRS0117,2025-11-15,Completed,2.0,25.6
EMP00435,CRS0068,2024-11-25,Dropped,,8.8
EMP00435,CRS0088,2025-10-03,Completed,2.9,17.4
EMP00436,CRS0089,2024-08-10,Completed,3.6,25.9
EMP00436,CRS0050,2026-06-19,In Progress,,16.3
EMP00436,CRS0012,2026-07-05,Dropped,,7.1
EMP00436,CRS0025,2024-07-13,Completed,3.3,16.7
EMP00436,CRS0101,2024-04-10,Completed,4.2,17.2
EMP00436,CRS0074,2025-09-20,Completed,2.4,32.7
EMP00437,CRS0124,2026-05-02,Completed,4.5,30.3
EMP00437,CRS0012,2025-03-07,Completed,4.7,33.2
EMP00437,CRS0032,2025-03-07,Completed,4.8,14.2
EMP00437,CRS0102,2024-01-17,Completed,3.0,30.2
EMP00437,CRS0095,2025-10-13,Completed,4.5,33.8
EMP00438,CRS0116,2024-01-21,Completed,4.9,4.1
EMP00438,CRS0047,2024-02-07,Completed,4.2,10.7
EMP00439,CRS0132,2026-04-10,Completed,3.2,14.5
EMP00439,CRS0070,2024-12-23,In Progress,,11.2
EMP00440,CRS0002,2026-05-09,In Progress,,37.0
EMP00440,CRS0022,2024-05-23,In Progress,,10.6
EMP00441,CRS0072,2025-09-08,In Progress,,22.5
EMP00441,CRS0008,2026-11-15,Completed,4.7,34.6
EMP00442,CRS0140,2026-03-08,Dropped,,18.2
EMP00442,CRS0039,2026-12-17,Completed,3.5,37.7
EMP00442,CRS0078,2024-11-19,Completed,2.3,2.6
EMP00442,CRS0012,2025-06-15,Completed,4.6,8.2
EMP00442,CRS0025,2024-11-11,Completed,3.8,32.6
EMP00443,CRS0130,2024-07-07,In Progress,,35.1
EMP00443,CRS0122,2026-09-05,In Progress,,13.4
EMP00443,CRS0116,2026-03-11,Completed,4.3,20.8
EMP00443,CRS0073,2025-04-11,Completed,4.2,6.9
EMP00444,CRS0018,2024-09-01,Dropped,,27.8
EMP00444,CRS0120,2025-04-18,Completed,5.0,11.6
EMP00445,CRS0048,2025-12-02,Completed,3.4,16.4
EMP00445,CRS0131,2025-06-23,Completed,3.6,38.9
EMP00445,CRS0121,2024-12-22,In Progress,,21.0
EMP00445,CRS0041,2024-11-27,Completed,3.9,13.9
EMP00445,CRS0002,2025-09-12,In Progress,,29.2
EMP00445,CRS0068,2026-03-13,Completed,2.3,31.5
EMP00446,CRS0025,2024-05-26,In Progress,,29.1
EMP00446,CRS0009,2026-02-01,Dropped,,10.4
EMP00446,CRS0124,2025-06-05,In Progress,,5.1
EMP00447,CRS0098,2026-10-28,Dropped,,10.1
EMP00447,CRS0079,2025-04-08,Completed,4.4,28.0
EMP00447,CRS0091,2026-08-06,In Progress,,35.7
EMP00447,CRS0119,2024-01-25,Completed,4.5,19.8
EMP00447,CRS0080,2024-05-10,Completed,2.6,26.1
EMP00447,CRS0070,2026-12-12,Completed,3.5,30.1
EMP00448,CRS0106,2025-01-23,In Progress,,20.1
EMP00448,CRS0018,2024-02-12,Dropped,,32.7
EMP00448,CRS0136,2024-08-14,Completed,2.5,25.1
EMP00448,CRS0135,2024-08-10,Dropped,,10.3
EMP00448,CRS0130,2024-02-06,Completed,2.1,37.0
EMP00448,CRS0024,2025-09-02,Completed,2.7,24.9
EMP00449,CRS0004,2026-09-07,Dropped,,29.8
EMP00449,CRS0075,2025-08-16,In Progress,,23.1
EMP00449,CRS0116,2024-08-01,In Progress,,20.9
EMP00449,CRS0053,2025-07-01,Completed,3.2,34.7
EMP00449,CRS0031,2026-03-06,Completed,4.9,16.3
EMP00450,CRS0040,2026-03-16,In Progress,,21.1
EMP00450,CRS0031,2025-05-23,Completed,2.8,18.7
EMP00450,CRS0047,2024-01-10,In Progress,,24.8
EMP00450,CRS0138,2026-07-19,In Progress,,15.7
EMP00450,CRS0033,2025-11-13,Completed,4.3,36.2
EMP00450,CRS0055,2024-02-06,Completed,2.8,15.4
EMP00451,CRS0065,2026-05-19,Dropped,,21.8
EMP00451,CRS0068,2024-09-22,In Progress,,23.4
EMP00451,CRS0053,2024-03-09,Completed,4.6,18.5
EMP00452,CRS0031,2026-02-16,In Progress,,19.8
EMP00452,CRS0008,2026-12-24,In Progress,,2.7
EMP00452,CRS0100,2025-11-17,Dropped,,32.0
EMP00453,CRS0022,2025-12-27,In Progress,,24.0
EMP00453,CRS0106,2025-03-03,Completed,3.9,16.1
EMP00454,CRS0064,2025-03-16,Completed,4.1,14.8
EMP00454,CRS0128,2025-06-19,Completed,3.3,20.7
EMP00454,CRS0051,2024-05-03,Completed,4.4,18.2
EMP00454,CRS0027,2025-04-25,Completed,5.0,4.8
EMP00454,CRS0054,2026-11-18,In Progress,,23.1
EMP00454,CRS0105,2025-03-07,In Progress,,8.8
EMP00455,CRS0004,2024-02-08,Completed,4.6,3.3
EMP00455,CRS0126,2024-05-10,Completed,3.0,22.0
EMP00455,CRS0104,2025-10-06,Completed,2.6,38.9
EMP00456,CRS0067,2025-02-26,Completed,4.6,21.9
EMP00456,CRS0004,2025-08-23,Dropped,,31.5
EMP00457,CRS0005,2026-10-13,Completed,4.8,16.5
EMP00457,CRS0080,2024-10-22,Completed,2.7,19.2
EMP00457,CRS0023,2024-08-06,Completed,2.1,8.9
EMP00457,CRS0088,2025-09-26,Completed,2.7,8.6
EMP00457,CRS0124,2025-06-20,Completed,3.7,39.3
EMP00457,CRS0058,2026-06-12,Dropped,,5.9
EMP00458,CRS0051,2026-02-27,Completed,4.0,13.7
EMP00458,CRS0041,2024-11-26,Dropped,,27.7
EMP00458,CRS0126,2026-07-17,Completed,4.5,17.7
EMP00458,CRS0120,2026-11-18,Completed,3.5,28.1
EMP00458,CRS0002,2026-06-22,Completed,2.2,37.3
EMP00459,CRS0122,2026-05-27,In Progress,,33.1
EMP00459,CRS0052,2025-05-09,Completed,4.1,9.4
EMP00459,CRS0089,2025-04-05,In Progress,,3.9
EMP00459,CRS0129,2025-10-13,Completed,4.5,27.0
EMP00459,CRS0097,2026-06-17,In Progress,,32.3
EMP00459,CRS0123,2025-10-21,Completed,4.2,16.6
EMP00460,CRS0114,2024-05-28,In Progress,,32.7
EMP00460,CRS0021,2024-12-21,Completed,2.8,14.1
EMP00460,CRS0090,2025-08-06,Completed,2.1,15.9
EMP00460,CRS0091,2026-12-17,Completed,2.0,29.5
EMP00461,CRS0102,2026-01-25,Completed,4.4,15.3
EMP00461,CRS0081,2025-04-18,Dropped,,21.9
EMP00461,CRS0059,2025-10-07,Completed,4.2,16.1
EMP00461,CRS0067,2026-07-10,Completed,3.8,11.4
EMP00461,CRS0086,2026-05-26,Dropped,,21.9
EMP00461,CRS0007,2025-04-02,In Progress,,20.0
EMP00462,CRS0023,2024-06-04,Completed,4.4,28.8
EMP00462,CRS0091,2025-09-08,Completed,4.2,7.4
EMP00462,CRS0001,2026-07-07,In Progress,,19.2
EMP00462,CRS0099,2025-11-14,Completed,2.9,17.0
EMP00463,CRS0101,2025-04-27,Completed,4.6,7.2
EMP00463,CRS0111,2025-02-11,In Progress,,25.5
EMP00463,CRS0010,2026-05-27,Completed,4.3,28.9
EMP00463,CRS0064,2024-01-06,In Progress,,4.0
EMP00464,CRS0112,2024-07-10,In Progress,,24.7
EMP00464,CRS0012,2025-08-19,Dropped,,12.0
EMP00464,CRS0124,2024-01-14,Completed,2.6,9.5
EMP00464,CRS0137,2025-11-12,Completed,2.8,35.8
EMP00464,CRS0029,2024-06-01,Completed,4.8,22.1
EMP00465,CRS0047,2025-09-16,In Progress,,3.1
EMP00465,CRS0105,2024-11-28,Completed,4.3,4.3
EMP00465,CRS0009,2024-03-20,Dropped,,22.6
EMP00465,CRS0048,2024-04-19,Completed,4.6,17.2
EMP00466,CRS0033,2026-09-10,Completed,2.8,24.7
EMP00466,CRS0049,2026-04-08,Dropped,,5.9
EMP00467,CRS0106,2024-08-19,Dropped,,21.2
EMP00467,CRS0129,2025-11-12,Completed,2.1,32.5
EMP00467,CRS0115,2024-08-02,Completed,2.1,18.2
EMP00467,CRS0003,2026-11-21,Dropped,,22.1
EMP00467,CRS0086,2024-01-08,Completed,3.6,12.2
EMP00468,CRS0133,2026-11-01,Completed,4.6,27.1
EMP00468,CRS0090,2026-03-16,In Progress,,35.4
EMP00468,CRS0119,2024-08-18,Completed,2.2,2.4
EMP00468,CRS0055,2026-07-26,In Progress,,21.2
EMP00469,CRS0063,2026-09-27,In Progress,,14.4
EMP00469,CRS0022,2024-09-18,Completed,2.8,12.2
EMP00469,CRS0110,2026-10-07,In Progress,,36.2
EMP00469,CRS0127,2024-08-21,Completed,5.0,38.9
EMP00470,CRS0112,2026-06-06,Completed,3.9,4.1
EMP00470,CRS0002,2024-10-20,Completed,4.7,3.4
EMP00470,CRS0088,2024-04-01,In Progress,,17.3
EMP00470,CRS0040,2024-04-12,Dropped,,33.3
EMP00471,CRS0091,2025-05-26,Completed,3.9,6.5
EMP00471,CRS0068,2024-11-15,In Progress,,4.3
EMP00471,CRS0001,2026-10-12,Completed,2.5,6.5
EMP00471,CRS0063,2024-01-10,Completed,3.7,37.0
EMP00471,CRS0008,2024-12-02,Completed,2.2,38.0
EMP00472,CRS0133,2024-10-08,In Progress,,31.7
EMP00472,CRS0033,2025-05-17,Dropped,,4.1
EMP00472,CRS0015,2025-08-25,Completed,3.3,36.8
EMP00472,CRS0078,2024-10-26,In Progress,,24.8
EMP00472,CRS0136,2026-06-21,Completed,4.2,12.3
EMP00473,CRS0061,2025-03-28,In Progress,,22.4
EMP00473,CRS0135,2024-07-09,In Progress,,31.1
EMP00473,CRS0027,2024-09-11,In Progress,,24.3
EMP00473,CRS0096,2026-07-25,Completed,3.1,26.6
EMP00474,CRS0135,2025-12-24,Dropped,,6.7
EMP00474,CRS0021,2025-05-24,In Progress,,25.6
EMP00474,CRS0087,2025-01-27,Completed,3.2,27.7
EMP00474,CRS0011,2026-05-19,In Progress,,13.2
EMP00474,CRS0063,2025-12-01,In Progress,,35.6
EMP00474,CRS0014,2025-12-10,Completed,2.4,11.7
EMP00475,CRS0061,2025-06-26,Completed,4.8,17.7
EMP00475,CRS0086,2024-06-28,Completed,4.1,31.4
EMP00476,CRS0131,2024-08-15,In Progress,,7.1
EMP00476,CRS0020,2025-11-16,In Progress,,13.4
EMP00476,CRS0016,2026-03-12,Dropped,,12.3
EMP00476,CRS0130,2026-08-05,Completed,4.1,6.8
EMP00477,CRS0064,2025-06-20,Completed,2.2,12.8
EMP00477,CRS0124,2025-10-23,Dropped,,22.8
EMP00477,CRS0121,2025-12-28,In Progress,,19.6
EMP00477,CRS0010,2024-04-22,In Progress,,18.6
EMP00478,CRS0088,2024-08-14,Completed,2.7,36.3
EMP00478,CRS0108,2025-05-04,Completed,3.9,32.1
EMP00478,CRS0126,2024-08-05,In Progress,,36.6
EMP00478,CRS0031,2024-02-10,In Progress,,17.1
EMP00478,CRS0040,2026-11-07,In Progress,,38.0
EMP00478,CRS0085,2024-01-11,Completed,3.5,37.3
EMP00479,CRS0094,2025-07-26,Completed,3.9,14.8
EMP00479,CRS0087,2026-04-07,Completed,2.4,39.7
EMP00479,CRS0062,2026-07-14,Completed,4.9,27.0
EMP00479,CRS0075,2025-01-10,Completed,3.7,31.7
EMP00480,CRS0024,2025-11-16,Completed,3.4,16.1
EMP00480,CRS0008,2026-10-15,Completed,4.3,5.6
EMP00480,CRS0129,2024-10-22,Completed,2.7,23.1
EMP00480,CRS0107,2026-11-14,Dropped,,35.1
EMP00480,CRS0014,2026-09-18,Completed,3.7,38.6
EMP00480,CRS0076,2024-06-12,Completed,4.0,39.2
EMP00481,CRS0051,2024-10-23,Completed,2.5,12.8
EMP00481,CRS0021,2024-10-14,Completed,4.0,11.0
EMP00481,CRS0024,2024-11-22,Completed,3.8,9.0
EMP00481,CRS0028,2026-08-17,In Progress,,22.6
EMP00481,CRS0095,2026-09-20,Completed,4.0,38.2
EMP00481,CRS0053,2025-09-04,Completed,2.9,38.2
EMP00482,CRS0116,2026-01-18,In Progress,,32.6
EMP00482,CRS0111,2025-03-24,Completed,3.5,5.5
EMP00482,CRS0104,2025-05-05,In Progress,,18.5
EMP00482,CRS0064,2025-01-09,In Progress,,17.7
EMP00482,CRS0070,2024-08-20,Completed,3.7,31.1
EMP00483,CRS0105,2025-05-20,Completed,4.1,20.0
EMP00483,CRS0062,2026-02-10,Completed,2.9,22.0
EMP00483,CRS0114,2026-04-26,Dropped,,11.8
EMP00483,CRS0084,2025-06-26,Completed,4.1,11.5
EMP00483,CRS0133,2026-05-01,Completed,2.9,7.5
EMP00484,CRS0097,2025-07-22,In Progress,,24.4
EMP00484,CRS0003,2024-11-18,Dropped,,21.7
EMP00484,CRS0069,2024-04-22,Completed,2.4,31.7
EMP00485,CRS0069,2024-04-16,Completed,4.7,10.6
EMP00485,CRS0099,2024-07-22,In Progress,,31.4
EMP00485,CRS0126,2025-08-10,In Progress,,9.7
EMP00486,CRS0084,2025-11-26,In Progress,,14.5
EMP00486,CRS0127,2025-11-13,Dropped,,14.4
EMP00486,CRS0129,2025-08-17,In Progress,,27.3
EMP00486,CRS0063,2025-06-03,Completed,4.0,4.1
EMP00486,CRS0014,2025-11-24,In Progress,,7.0
EMP00486,CRS0068,2026-05-07,Completed,3.3,26.3
EMP00487,CRS0058,2024-05-26,Completed,2.8,18.5
EMP00487,CRS0043,2024-11-17,Completed,2.1,13.1
EMP00487,CRS0120,2025-03-02,Completed,2.8,29.2
EMP00487,CRS0010,2026-09-12,Completed,2.2,23.8
EMP00487,CRS0095,2025-07-12,In Progress,,27.0
EMP00488,CRS0061,2026-02-21,Completed,4.6,14.1
EMP00488,CRS0058,2024-12-19,Completed,2.6,9.1
EMP00489,CRS0122,2024-05-05,In Progress,,28.3
EMP00489,CRS0109,2024-12-26,Completed,3.6,2.1
EMP00489,CRS0106,2025-01-02,Completed,4.9,30.0
EMP00489,CRS0053,2025-06-15,Completed,2.4,5.1
EMP00489,CRS0048,2025-10-27,Dropped,,26.9
EMP00489,CRS0126,2026-01-11,In Progress,,15.8
EMP00490,CRS0122,2024-05-07,Completed,3.9,5.6
EMP00490,CRS0005,2024-05-28,Completed,4.9,33.2
EMP00490,CRS0047,2026-12-12,Completed,3.5,29.8
EMP00491,CRS0057,2024-02-13,Completed,2.0,30.5
EMP00491,CRS0011,2024-08-04,Completed,3.4,14.9
EMP00492,CRS0115,2025-04-26,Completed,2.2,6.8
EMP00492,CRS0062,2025-01-06,Completed,3.2,17.6
EMP00492,CRS0040,2025-06-17,Completed,3.2,36.4
EMP00492,CRS0012,2025-06-11,Completed,4.3,11.5
EMP00493,CRS0108,2025-11-16,In Progress,,27.6
EMP00493,CRS0117,2026-06-04,In Progress,,7.5
EMP00493,CRS0036,2026-11-14,Completed,4.7,15.5
EMP00494,CRS0125,2024-02-23,Dropped,,31.4
EMP00494,CRS0011,2026-10-07,Completed,4.5,19.2
EMP00494,CRS0110,2025-04-19,In Progress,,38.9
EMP00494,CRS0001,2024-01-21,In Progress,,30.9
EMP00494,CRS0082,2025-12-19,In Progress,,12.4
EMP00494,CRS0119,2025-06-16,In Progress,,38.8
EMP00495,CRS0114,2024-01-05,Completed,4.6,28.8
EMP00495,CRS0076,2026-09-26,Completed,3.2,12.1
EMP00496,CRS0085,2026-02-11,In Progress,,13.6
EMP00496,CRS0029,2024-06-04,In Progress,,22.7
EMP00496,CRS0007,2025-12-08,Completed,2.7,12.8
EMP00496,CRS0037,2024-06-16,Completed,3.2,31.0
EMP00497,CRS0078,2024-07-25,Completed,4.5,36.2
EMP00497,CRS0050,2025-01-21,Dropped,,10.9
EMP00497,CRS0120,2026-05-15,Completed,2.3,19.6
EMP00497,CRS0014,2026-10-06,Completed,4.5,15.0
EMP00498,CRS0058,2026-08-12,Completed,3.6,19.3
EMP00498,CRS0055,2026-04-23,Completed,3.8,20.8
EMP00498,CRS0121,2026-02-02,In Progress,,11.1
EMP00498,CRS0024,2026-02-25,In Progress,,29.4
EMP00498,CRS0115,2026-11-03,Completed,4.3,9.2
EMP00498,CRS0139,2025-11-16,Completed,2.6,35.8
EMP00499,CRS0133,2025-12-23,In Progress,,3.6
EMP00499,CRS0066,2025-03-24,In Progress,,13.2
EMP00500,CRS0052,2025-06-01,In Progress,,34.4
EMP00500,CRS0095,2025-09-21,Completed,3.2,35.0
EMP00500,CRS0120,2024-08-04,Completed,2.4,37.8
EMP00500,CRS0006,2024-11-22,Completed,4.5,17.6
EMP00501,CRS0017,2026-04-14,In Progress,,3.0
EMP00501,CRS0032,2024-10-09,In Progress,,24.3
EMP00501,CRS0112,2026-02-21,In Progress,,2.1
EMP00501,CRS0132,2024-08-23,Completed,2.1,9.5
EMP00501,CRS0006,2026-11-23,Completed,2.5,2.9
EMP00502,CRS0119,2025-09-05,Completed,3.8,7.1
EMP00502,CRS0120,2026-06-14,In Progress,,5.8
EMP00502,CRS0126,2025-05-14,Completed,4.3,24.8
EMP00502,CRS0127,2025-10-12,Completed,3.5,9.7
EMP00502,CRS0013,2026-03-05,Completed,4.4,28.1
EMP00502,CRS0022,2024-04-12,Completed,4.6,36.3
EMP00503,CRS0062,2025-08-24,Completed,2.1,15.6
EMP00503,CRS0118,2026-08-07,Completed,4.4,21.9
EMP00503,CRS0073,2024-08-24,Completed,2.4,7.0
EMP00503,CRS0136,2025-08-15,Completed,3.5,37.9
EMP00503,CRS0045,2026-11-22,Completed,3.1,39.4
EMP00504,CRS0079,2024-03-12,Completed,3.8,24.4
EMP00504,CRS0056,2024-01-23,Completed,2.1,5.0
EMP00504,CRS0138,2024-03-13,Completed,2.8,26.3
EMP00504,CRS0061,2024-10-14,In Progress,,6.3
EMP00505,CRS0049,2026-04-02,Completed,2.7,23.1
EMP00505,CRS0054,2026-12-26,Completed,3.2,7.0
EMP00505,CRS0095,2025-03-14,Completed,2.7,14.5
EMP00505,CRS0062,2026-11-09,In Progress,,4.0
EMP00505,CRS0010,2025-08-17,In Progress,,38.3
EMP00505,CRS0055,2026-11-19,Completed,2.6,8.0
EMP00506,CRS0075,2024-03-19,Completed,3.7,8.3
EMP00506,CRS0095,2025-06-01,Completed,3.3,19.5
EMP00506,CRS0032,2025-11-24,In Progress,,23.6
EMP00507,CRS0096,2025-10-03,In Progress,,20.8
EMP00507,CRS0015,2026-05-07,Completed,2.6,36.8
EMP00507,CRS0081,2026-12-03,Completed,3.0,15.3
EMP00507,CRS0084,2026-03-15,Completed,3.0,15.4
EMP00507,CRS0124,2026-04-13,Completed,3.9,21.6
EMP00508,CRS0096,2025-08-01,Completed,3.7,17.5
EMP00508,CRS0116,2025-01-13,In Progress,,22.4
EMP00508,CRS0091,2026-11-09,Completed,2.8,31.4
EMP00508,CRS0107,2024-01-10,Completed,2.3,31.9
EMP00508,CRS0048,2025-05-20,Completed,3.5,30.4
EMP00508,CRS0066,2024-01-04,Completed,2.8,24.2
EMP00509,CRS0019,2026-10-08,Dropped,,31.0
EMP00509,CRS0130,2026-05-26,Completed,4.9,14.2
EMP00509,CRS0140,2025-12-16,Completed,3.9,5.8
EMP00509,CRS0107,2025-01-21,Completed,2.6,19.4
EMP00509,CRS0030,2026-03-13,Completed,4.9,17.7
EMP00509,CRS0055,2025-05-14,Completed,4.5,14.7
EMP00510,CRS0001,2025-07-20,In Progress,,15.0
EMP00510,CRS0046,2026-04-19,In Progress,,8.4
EMP00510,CRS0032,2025-04-22,Completed,3.5,34.7
EMP00511,CRS0059,2025-05-16,Dropped,,32.5
EMP00511,CRS0071,2024-07-02,In Progress,,29.4
EMP00511,CRS0099,2026-09-28,In Progress,,11.5
EMP00511,CRS0016,2026-06-04,Dropped,,4.0
EMP00512,CRS0049,2024-03-06,Completed,4.2,30.1
EMP00512,CRS0087,2024-07-17,Completed,2.3,14.8
EMP00512,CRS0035,2026-02-17,Completed,3.8,18.6
EMP00512,CRS0020,2025-02-07,In Progress,,36.5
EMP00512,CRS0067,2026-01-05,Completed,2.6,16.9
EMP00513,CRS0088,2026-08-18,Completed,3.8,27.3
EMP00513,CRS0018,2026-05-19,Completed,2.2,14.5
EMP00513,CRS0085,2024-11-22,Completed,2.3,24.2
EMP00513,CRS0111,2026-05-17,Completed,2.8,23.7
EMP00513,CRS0082,2024-04-27,Completed,2.3,2.3
EMP00513,CRS0030,2026-10-07,Completed,3.1,28.7
EMP00514,CRS0031,2026-01-04,Completed,2.4,8.2
EMP00514,CRS0073,2026-09-21,Completed,4.7,7.8
EMP00514,CRS0044,2026-09-17,Completed,2.9,25.5
EMP00514,CRS0106,2024-12-18,Completed,3.1,13.3
EMP00514,CRS0083,2024-04-22,Completed,2.6,32.4
EMP00514,CRS0040,2026-02-14,Completed,4.7,14.4
EMP00515,CRS0070,2026-11-01,In Progress,,29.3
EMP00515,CRS0032,2024-09-11,In Progress,,5.7
EMP00515,CRS0081,2025-07-27,In Progress,,10.3
EMP00515,CRS0049,2024-05-06,In Progress,,31.2
EMP00516,CRS0065,2024-11-08,Dropped,,20.1
EMP00516,CRS0004,2024-06-08,Dropped,,8.0
EMP00516,CRS0033,2025-03-08,Dropped,,38.8
EMP00516,CRS0038,2025-08-13,Completed,3.3,3.5
EMP00516,CRS0102,2026-04-21,Completed,4.3,25.5
EMP00516,CRS0045,2026-10-25,Dropped,,37.5
EMP00517,CRS0127,2025-08-28,Dropped,,28.6
EMP00517,CRS0110,2024-05-27,Completed,2.1,26.7
EMP00517,CRS0102,2024-12-02,In Progress,,2.8
EMP00517,CRS0121,2024-01-23,In Progress,,16.1
EMP00517,CRS0078,2026-12-28,In Progress,,32.5
EMP00517,CRS0014,2025-03-12,Completed,4.8,12.8
EMP00518,CRS0047,2026-09-19,In Progress,,18.6
EMP00518,CRS0111,2025-07-25,In Progress,,24.6
EMP00518,CRS0089,2026-04-19,In Progress,,30.6
EMP00518,CRS0075,2026-02-26,Completed,4.1,10.3
EMP00519,CRS0044,2026-07-17,In Progress,,19.5
EMP00519,CRS0131,2024-05-06,Completed,4.7,30.0
EMP00519,CRS0049,2025-11-08,In Progress,,10.8
EMP00519,CRS0098,2024-02-27,Completed,3.8,16.0
EMP00519,CRS0050,2024-11-03,Completed,3.3,24.0
EMP00519,CRS0043,2025-12-15,In Progress,,14.1
EMP00520,CRS0089,2026-01-16,In Progress,,39.4
EMP00520,CRS0002,2025-10-10,Completed,2.0,23.2
EMP00521,CRS0103,2024-04-18,Completed,4.9,6.8
EMP00521,CRS0051,2026-06-03,Dropped,,32.9
EMP00521,CRS0089,2026-06-09,Completed,4.5,23.0
EMP00521,CRS0117,2025-10-11,In Progress,,8.2
EMP00521,CRS0097,2024-12-02,Completed,2.6,34.2
EMP00521,CRS0130,2025-05-04,In Progress,,25.3
EMP00522,CRS0106,2026-04-28,Completed,3.5,15.0
EMP00522,CRS0054,2025-06-24,In Progress,,18.3
EMP00522,CRS0091,2024-05-03,Completed,4.8,14.7
EMP00522,CRS0029,2024-03-08,Completed,3.5,37.0
EMP00522,CRS0026,2026-08-28,Completed,3.3,28.7
EMP00522,CRS0007,2026-04-27,Dropped,,3.5
EMP00523,CRS0056,2026-10-21,Completed,2.2,4.4
EMP00523,CRS0140,2025-05-22,In Progress,,30.5
EMP00523,CRS0029,2024-02-03,Completed,4.0,30.5
EMP00524,CRS0113,2024-02-03,Completed,4.6,35.9
EMP00524,CRS0082,2024-01-18,Completed,4.5,9.8
EMP00524,CRS0109,2025-12-25,Completed,2.5,11.1
EMP00525,CRS0067,2025-05-18,Completed,4.4,11.3
EMP00525,CRS0007,2026-01-02,Dropped,,29.2
EMP00525,CRS0061,2026-05-01,Completed,3.5,13.6
EMP00525,CRS0137,2025-07-03,Completed,3.3,7.1
EMP00526,CRS0121,2026-10-16,In Progress,,12.7
EMP00526,CRS0137,2024-11-05,In Progress,,34.5
EMP00526,CRS0115,2026-05-22,Dropped,,12.6
EMP00526,CRS0050,2025-03-04,Completed,2.6,9.8
EMP00526,CRS0048,2024-05-27,Completed,3.1,35.1
EMP00527,CRS0001,2026-08-19,Completed,2.7,15.9
EMP00527,CRS0017,2024-11-22,Completed,2.1,19.9
EMP00527,CRS0004,2025-12-15,Completed,2.7,38.5
EMP00527,CRS0075,2024-12-17,Completed,2.3,16.4
EMP00527,CRS0029,2026-10-18,In Progress,,24.8
EMP00528,CRS0117,2024-09-16,Dropped,,34.9
EMP00528,CRS0126,2026-09-03,Completed,2.2,32.0
EMP00528,CRS0109,2026-11-26,Completed,3.7,25.4
EMP00528,CRS0122,2024-05-12,Completed,2.8,20.1
EMP00528,CRS0113,2026-07-17,Completed,2.8,15.0
EMP00529,CRS0117,2024-08-19,Completed,3.6,36.2
EMP00529,CRS0058,2026-11-02,In Progress,,31.6
EMP00530,CRS0028,2026-04-19,In Progress,,21.4
EMP00530,CRS0090,2024-11-13,Completed,5.0,26.2
EMP00530,CRS0125,2025-05-20,In Progress,,3.3
EMP00531,CRS0061,2025-04-17,Completed,3.7,11.6
EMP00531,CRS0047,2024-01-24,Completed,3.3,19.3
EMP00531,CRS0115,2024-08-18,Completed,3.9,31.2
EMP00532,CRS0048,2025-04-22,In Progress,,15.2
EMP00532,CRS0015,2024-08-25,Completed,2.8,30.9
EMP00532,CRS0089,2026-11-14,Dropped,,21.6
EMP00532,CRS0092,2026-09-26,Completed,4.1,21.1
EMP00533,CRS0043,2024-05-01,In Progress,,27.8
EMP00533,CRS0035,2025-02-04,In Progress,,25.5
EMP00533,CRS0028,2024-12-15,In Progress,,13.2
EMP00533,CRS0009,2025-02-01,Completed,3.5,28.3
EMP00533,CRS0010,2026-07-14,Dropped,,39.5
EMP00533,CRS0117,2025-03-14,Completed,3.6,11.8
EMP00534,CRS0075,2025-02-04,Completed,2.8,22.8
EMP00534,CRS0077,2026-08-15,In Progress,,39.2
EMP00534,CRS0128,2024-06-15,In Progress,,10.8
EMP00535,CRS0074,2024-05-27,Completed,4.3,19.6
EMP00535,CRS0076,2026-08-22,Completed,3.3,22.1
EMP00536,CRS0016,2024-08-15,In Progress,,10.6
EMP00536,CRS0055,2026-10-05,Completed,4.6,21.0
EMP00536,CRS0015,2025-01-10,Completed,4.5,8.1
EMP00536,CRS0067,2026-04-02,In Progress,,6.6
EMP00537,CRS0131,2024-04-03,In Progress,,13.0
EMP00537,CRS0110,2026-07-27,In Progress,,37.0
EMP00538,CRS0025,2025-01-01,Completed,3.8,36.1
EMP00538,CRS0131,2025-04-24,Completed,2.7,30.8
EMP00538,CRS0032,2025-11-16,In Progress,,15.5
EMP00538,CRS0043,2026-06-07,Completed,4.9,32.2
EMP00539,CRS0036,2026-02-04,Completed,4.5,11.8
EMP00539,CRS0081,2024-01-13,Completed,4.8,3.0
EMP00539,CRS0024,2026-10-07,Completed,2.3,30.0
EMP00539,CRS0040,2024-02-22,Completed,2.1,35.1
EMP00539,CRS0053,2025-11-08,Completed,2.5,34.9
EMP00540,CRS0052,2025-02-22,In Progress,,6.6
EMP00540,CRS0068,2026-05-09,Completed,4.3,23.7
EMP00540,CRS0035,2026-02-18,In Progress,,17.7
EMP00540,CRS0081,2025-06-18,Completed,4.5,14.0
EMP00541,CRS0103,2024-09-04,In Progress,,25.7
EMP00541,CRS0136,2026-05-02,Completed,3.8,33.0
EMP00541,CRS0033,2026-06-19,Completed,2.6,9.4
EMP00542,CRS0090,2026-11-11,In Progress,,38.1
EMP00542,CRS0131,2026-01-11,In Progress,,8.5
EMP00542,CRS0015,2025-12-22,Completed,4.4,14.0
EMP00543,CRS0023,2025-12-23,Dropped,,15.6
EMP00543,CRS0116,2025-10-13,Completed,3.5,11.6
EMP00543,CRS0055,2025-05-26,Completed,3.8,3.3
EMP00543,CRS0093,2026-09-05,Completed,3.3,16.7
EMP00543,CRS0067,2026-11-15,Completed,3.6,6.8
EMP00543,CRS0076,2025-10-08,Completed,3.1,9.9
EMP00544,CRS0091,2025-03-28,Completed,4.7,11.7
EMP00544,CRS0075,2024-10-14,Completed,4.4,15.5
EMP00544,CRS0098,2026-04-05,Completed,4.3,4.3
EMP00544,CRS0006,2025-01-15,In Progress,,30.2
EMP00544,CRS0026,2026-02-23,Completed,3.2,7.2
EMP00544,CRS0036,2024-04-05,Completed,2.6,28.1
EMP00545,CRS0016,2026-05-09,In Progress,,24.7
EMP00545,CRS0060,2026-06-05,Dropped,,19.5
EMP00545,CRS0077,2024-08-19,In Progress,,11.2
EMP00545,CRS0064,2026-05-11,Dropped,,23.7
EMP00546,CRS0091,2025-12-28,Completed,4.2,29.6
EMP00546,CRS0117,2024-08-24,Completed,4.2,27.0
EMP00546,CRS0130,2026-05-01,Completed,2.7,34.3
EMP00546,CRS0030,2026-03-16,Completed,3.8,9.9
EMP00547,CRS0027,2024-05-24,In Progress,,12.5
EMP00547,CRS0119,2025-02-03,Dropped,,14.8
EMP00547,CRS0105,2024-01-12,Completed,3.1,21.2
EMP00547,CRS0070,2024-09-23,Completed,2.4,35.0
EMP00547,CRS0008,2025-11-21,Completed,2.1,31.4
EMP00548,CRS0092,2025-05-06,Completed,4.8,18.0
EMP00548,CRS0044,2024-04-27,Completed,2.6,28.6
EMP00548,CRS0135,2024-12-15,Completed,4.6,9.4
EMP00548,CRS0035,2026-10-06,Completed,2.6,17.9
EMP00549,CRS0089,2025-03-03,Completed,2.4,2.1
EMP00549,CRS0031,2026-09-13,Completed,4.7,25.8
EMP00550,CRS0098,2024-01-12,Dropped,,20.1
EMP00550,CRS0088,2024-09-15,Completed,3.7,23.3
EMP00550,CRS0056,2025-01-16,Completed,4.0,23.6
EMP00550,CRS0128,2024-02-05,Completed,4.5,19.7
EMP00550,CRS0018,2025-02-24,Completed,5.0,35.8
EMP00550,CRS0093,2024-11-23,Completed,3.0,36.0
EMP00551,CRS0096,2025-03-06,Completed,2.1,25.1
EMP00551,CRS0007,2024-02-17,Completed,4.0,20.1
EMP00551,CRS0135,2024-04-20,Completed,4.3,12.6
EMP00551,CRS0039,2026-07-25,Dropped,,28.6
EMP00551,CRS0106,2025-10-25,Completed,2.7,4.9
EMP00552,CRS0133,2024-01-27,Completed,3.9,9.5
EMP00552,CRS0119,2024-07-28,Dropped,,22.0
EMP00552,CRS0090,2025-06-01,Completed,3.8,37.7
EMP00552,CRS0030,2024-01-02,Completed,4.4,12.6
EMP00552,CRS0118,2026-06-17,Completed,3.9,18.1
EMP00552,CRS0093,2025-11-18,In Progress,,20.4
EMP00553,CRS0002,2025-03-08,Completed,2.9,33.5
EMP00553,CRS0087,2024-08-06,Completed,3.9,27.7
EMP00553,CRS0025,2024-05-25,Completed,4.9,6.0
EMP00553,CRS0078,2024-11-18,In Progress,,3.5
EMP00554,CRS0083,2026-04-10,Completed,3.5,16.7
EMP00554,CRS0012,2025-02-14,Completed,2.6,23.8
EMP00554,CRS0067,2026-07-15,In Progress,,37.0
EMP00554,CRS0103,2026-09-22,Completed,2.1,23.1
EMP00555,CRS0131,2024-07-21,Completed,2.2,30.6
EMP00555,CRS0093,2026-03-14,In Progress,,18.6
EMP00555,CRS0137,2024-11-19,Completed,2.3,19.0
EMP00555,CRS0081,2025-08-02,Completed,3.8,14.0
EMP00555,CRS0115,2024-07-24,Completed,2.5,23.8
EMP00556,CRS0092,2025-09-01,Dropped,,39.5
EMP00556,CRS0134,2026-10-07,Completed,2.0,3.5
EMP00556,CRS0038,2025-06-13,Completed,2.2,21.3
EMP00556,CRS0067,2025-12-19,In Progress,,8.8
EMP00557,CRS0013,2025-02-05,Completed,2.6,15.0
EMP00557,CRS0057,2024-03-28,Completed,4.7,39.6
EMP00557,CRS0041,2025-11-17,Completed,2.1,31.7
EMP00558,CRS0090,2024-10-18,Completed,4.3,16.5
EMP00558,CRS0030,2025-08-26,In Progress,,34.5
EMP00558,CRS0095,2026-04-01,Completed,3.2,25.0
EMP00558,CRS0060,2024-11-13,Completed,4.7,4.8
EMP00558,CRS0037,2025-07-24,Completed,2.6,24.4
EMP00558,CRS0079,2026-10-28,Dropped,,12.1
EMP00559,CRS0113,2024-05-26,Completed,3.5,37.7
EMP00559,CRS0008,2024-05-24,Completed,4.6,3.2
EMP00559,CRS0128,2025-05-07,Completed,4.2,27.1
EMP00559,CRS0012,2026-07-08,Completed,3.3,27.1
EMP00559,CRS0110,2024-06-16,Completed,4.1,18.6
EMP00560,CRS0078,2024-09-05,In Progress,,18.6
EMP00560,CRS0002,2024-05-06,Completed,3.6,21.0
EMP00560,CRS0084,2024-05-04,Completed,3.1,10.9
EMP00560,CRS0066,2026-08-06,In Progress,,25.0
EMP00560,CRS0096,2024-02-21,Completed,4.1,28.1
EMP00561,CRS0035,2024-02-11,Completed,3.8,32.4
EMP00561,CRS0053,2024-04-28,Completed,2.1,19.5
EMP00561,CRS0057,2024-05-23,Dropped,,27.1
EMP00562,CRS0131,2026-05-04,Completed,4.4,4.7
EMP00562,CRS0067,2026-07-13,In Progress,,19.7
EMP00562,CRS0090,2024-10-03,Completed,2.9,22.8
EMP00562,CRS0108,2026-05-12,In Progress,,17.3
EMP00563,CRS0103,2025-08-13,In Progress,,16.6
EMP00563,CRS0126,2026-12-11,Completed,3.1,2.3
EMP00563,CRS0116,2025-05-11,In Progress,,7.3
EMP00563,CRS0096,2024-08-12,In Progress,,37.2
EMP00563,CRS0122,2025-09-05,Completed,3.7,22.4
EMP00564,CRS0129,2024-07-03,In Progress,,7.4
EMP00564,CRS0125,2026-01-14,In Progress,,23.1
EMP00564,CRS0037,2026-08-26,In Progress,,8.5
EMP00564,CRS0120,2025-11-09,In Progress,,26.5
EMP00564,CRS0093,2025-07-28,Completed,3.1,20.2
EMP00564,CRS0077,2024-04-06,Dropped,,9.7
EMP00565,CRS0066,2026-04-08,Completed,2.3,28.5
EMP00565,CRS0064,2024-02-26,In Progress,,36.1
EMP00566,CRS0068,2025-03-23,Completed,3.0,20.9
EMP00566,CRS0006,2025-02-09,Completed,2.5,16.9
EMP00566,CRS0103,2025-08-23,Completed,3.8,37.6
EMP00566,CRS0091,2024-08-19,Dropped,,10.0
EMP00566,CRS0065,2026-08-23,In Progress,,9.6
EMP00566,CRS0129,2025-06-13,Dropped,,27.0
EMP00567,CRS0111,2025-11-09,In Progress,,30.3
EMP00567,CRS0064,2025-11-13,Completed,4.0,37.1
EMP00567,CRS0053,2026-10-24,Dropped,,28.3
EMP00567,CRS0139,2026-07-05,Completed,2.3,33.2
EMP00567,CRS0091,2026-08-14,Completed,3.3,24.9
EMP00568,CRS0051,2024-08-19,Completed,3.3,34.7
EMP00568,CRS0101,2026-01-03,Completed,3.3,23.5
EMP00568,CRS0138,2026-08-27,In Progress,,2.1
EMP00569,CRS0015,2024-01-07,In Progress,,30.2
EMP00569,CRS0081,2024-02-25,Completed,4.0,8.0
EMP00570,CRS0020,2025-12-09,In Progress,,16.5
EMP00570,CRS0011,2025-06-14,Completed,2.5,3.4
EMP00570,CRS0071,2024-11-12,Completed,3.9,11.0
EMP00570,CRS0091,2024-07-05,Completed,2.5,9.2
EMP00571,CRS0062,2025-10-25,Completed,2.2,20.8
EMP00571,CRS0138,2024-01-05,Completed,2.9,27.6
EMP00571,CRS0024,2024-06-02,In Progress,,22.1
EMP00571,CRS0071,2026-10-07,Completed,3.1,30.9
EMP00572,CRS0048,2026-10-26,In Progress,,26.3
EMP00572,CRS0132,2025-04-03,Completed,2.4,12.3
EMP00572,CRS0014,2024-11-18,Completed,3.9,19.8
EMP00573,CRS0061,2025-08-21,Dropped,,6.9
EMP00573,CRS0085,2025-08-13,Completed,3.5,15.5
EMP00573,CRS0062,2024-06-11,Completed,2.4,15.6
EMP00574,CRS0028,2025-11-08,Completed,3.2,18.3
EMP00574,CRS0074,2024-10-09,Completed,4.4,23.9
EMP00574,CRS0120,2024-06-02,Completed,4.1,33.6
EMP00574,CRS0025,2025-04-21,Dropped,,5.7
EMP00575,CRS0013,2026-11-11,Completed,4.6,22.5
EMP00575,CRS0112,2025-04-07,Completed,4.7,32.9
EMP00575,CRS0041,2024-03-20,In Progress,,33.6
EMP00576,CRS0012,2025-06-15,Completed,2.7,28.5
EMP00576,CRS0057,2025-03-03,In Progress,,5.3
EMP00576,CRS0116,2026-03-06,In Progress,,5.4
EMP00576,CRS0029,2026-12-22,Completed,4.8,16.9
EMP00576,CRS0038,2025-05-07,Completed,2.3,2.1
EMP00576,CRS0114,2025-05-07,Completed,4.6,16.9
EMP00577,CRS0108,2026-01-21,Completed,4.1,39.3
EMP00577,CRS0024,2025-07-23,Completed,3.9,8.3
EMP00577,CRS0065,2024-11-17,Completed,3.0,19.5
EMP00578,CRS0140,2025-04-02,Completed,2.7,22.5
EMP00578,CRS0082,2026-07-07,Completed,3.8,36.2
EMP00578,CRS0124,2025-11-16,Completed,2.4,21.6
EMP00578,CRS0028,2025-07-12,Dropped,,35.6
EMP00578,CRS0015,2026-05-15,Completed,2.4,8.3
EMP00579,CRS0062,2024-12-10,Completed,3.3,10.2
EMP00579,CRS0075,2026-07-28,In Progress,,15.4
EMP00580,CRS0073,2025-02-27,Completed,3.4,20.8
EMP00580,CRS0017,2026-08-13,Dropped,,15.9
EMP00580,CRS0086,2026-06-19,Completed,3.2,28.7
EMP00580,CRS0076,2026-04-23,Completed,4.4,2.5
EMP00580,CRS0106,2026-07-24,Completed,4.2,7.8
EMP00580,CRS0052,2024-10-06,Completed,2.8,7.3
EMP00581,CRS0033,2025-10-21,In Progress,,14.9
EMP00581,CRS0084,2024-04-16,Completed,4.2,19.2
EMP00581,CRS0024,2024-07-10,Completed,2.1,4.7
EMP00582,CRS0015,2024-03-19,Completed,2.2,32.0
EMP00582,CRS0048,2024-06-21,Completed,2.4,25.6
EMP00582,CRS0121,2026-04-20,In Progress,,13.8
EMP00583,CRS0043,2025-10-13,Completed,5.0,27.3
EMP00583,CRS0095,2024-08-26,In Progress,,23.2
EMP00583,CRS0009,2025-04-20,Completed,3.9,24.5
EMP00584,CRS0140,2025-08-13,Completed,2.6,40.0
EMP00584,CRS0120,2025-09-05,Completed,3.9,3.9
EMP00585,CRS0078,2025-11-27,Completed,2.9,23.4
EMP00585,CRS0103,2024-09-14,Completed,4.9,26.1
EMP00585,CRS0111,2026-01-17,Completed,4.6,30.2
EMP00585,CRS0101,2026-07-06,Completed,3.7,14.7
EMP00586,CRS0123,2025-08-24,In Progress,,31.6
EMP00586,CRS0048,2026-05-23,In Progress,,20.5
EMP00586,CRS0097,2026-12-20,In Progress,,17.7
EMP00586,CRS0098,2024-12-22,In Progress,,20.0
EMP00586,CRS0038,2026-04-09,Completed,2.5,31.7
EMP00586,CRS0054,2025-07-04,Completed,4.6,39.2
EMP00587,CRS0091,2026-12-13,Dropped,,13.3
EMP00587,CRS0026,2026-07-06,Completed,2.1,16.4
EMP00588,CRS0099,2024-11-26,Completed,5.0,35.8
EMP00588,CRS0134,2026-06-03,In Progress,,27.7
EMP00588,CRS0121,2025-02-08,Completed,3.3,28.9
EMP00588,CRS0044,2026-09-08,In Progress,,12.4
EMP00588,CRS0070,2024-09-08,In Progress,,10.9
EMP00588,CRS0065,2024-05-16,Completed,2.4,24.0
EMP00589,CRS0018,2024-11-06,Completed,3.8,32.7
EMP00589,CRS0035,2024-02-17,Completed,4.4,4.9
EMP00589,CRS0053,2024-11-05,In Progress,,8.9
EMP00589,CRS0127,2024-04-08,Completed,2.3,7.8
EMP00589,CRS0064,2026-04-22,In Progress,,17.0
EMP00590,CRS0075,2024-03-08,Completed,2.5,8.4
EMP00590,CRS0002,2024-01-27,Completed,3.8,18.2
EMP00591,CRS0047,2024-11-25,Completed,4.7,38.0
EMP00591,CRS0090,2026-12-23,Completed,3.9,17.2
EMP00592,CRS0002,2026-02-15,In Progress,,26.3
EMP00592,CRS0027,2024-03-10,Completed,3.0,38.5
EMP00593,CRS0136,2025-02-12,In Progress,,21.4
EMP00593,CRS0062,2026-08-10,Dropped,,13.9
EMP00593,CRS0066,2026-01-23,Completed,2.3,19.7
EMP00593,CRS0056,2024-08-05,In Progress,,19.2
EMP00594,CRS0048,2026-01-28,In Progress,,29.8
EMP00594,CRS0009,2024-05-21,In Progress,,37.5
EMP00594,CRS0066,2024-04-06,In Progress,,26.4
EMP00594,CRS0014,2025-10-28,Completed,4.0,2.5
EMP00594,CRS0012,2026-02-18,In Progress,,8.8
EMP00594,CRS0061,2024-12-15,Completed,4.0,30.7
EMP00595,CRS0042,2025-12-10,Completed,2.3,19.8
EMP00595,CRS0093,2024-07-16,Completed,4.9,30.3
EMP00595,CRS0038,2024-07-15,In Progress,,5.9
EMP00595,CRS0011,2025-12-18,Completed,2.3,18.5
EMP00595,CRS0023,2024-06-04,Completed,2.4,24.7
EMP00596,CRS0049,2024-01-06,In Progress,,18.4
EMP00596,CRS0130,2025-11-26,Completed,3.8,13.4
EMP00596,CRS0102,2026-01-10,Dropped,,14.8
EMP00596,CRS0066,2024-02-20,Dropped,,2.5
EMP00597,CRS0072,2026-06-06,Completed,3.0,22.0
EMP00597,CRS0020,2024-04-26,Completed,3.2,20.6
EMP00597,CRS0016,2025-01-24,Completed,2.8,19.2
EMP00597,CRS0088,2024-11-15,Completed,4.0,10.6
EMP00597,CRS0008,2025-09-08,Completed,4.0,33.6
EMP00597,CRS0115,2025-03-15,Completed,4.2,2.3
EMP00598,CRS0117,2024-10-01,Dropped,,7.2
EMP00598,CRS0114,2024-01-12,Completed,4.1,36.5
EMP00598,CRS0063,2024-05-01,Completed,4.3,4.4
EMP00599,CRS0051,2025-01-06,In Progress,,24.7
EMP00599,CRS0099,2026-08-21,Completed,3.2,4.4
EMP00599,CRS0137,2025-02-24,In Progress,,12.4
EMP00599,CRS0008,2026-06-26,Completed,2.1,16.9
EMP00599,CRS0019,2026-09-13,In Progress,,23.5
EMP00600,CRS0023,2026-10-01,In Progress,,19.0
EMP00600,CRS0042,2024-09-22,Completed,2.9,28.0
EMP00600,CRS0066,2024-05-27,Completed,3.7,36.7
EMP00601,CRS0105,2025-03-09,Completed,4.7,24.2
EMP00601,CRS0128,2024-10-05,Completed,4.2,5.7
EMP00601,CRS0103,2025-06-03,In Progress,,19.1
EMP00601,CRS0119,2025-01-05,Dropped,,20.4
EMP00602,CRS0053,2024-05-15,In Progress,,15.3
EMP00602,CRS0002,2024-06-28,Completed,2.5,19.5
EMP00602,CRS0065,2025-11-19,Completed,2.4,25.5
EMP00603,CRS0137,2026-09-16,Completed,3.4,11.0
EMP00603,CRS0069,2026-04-07,Completed,3.4,8.5
EMP00603,CRS0135,2026-11-01,Completed,3.0,20.0
EMP00604,CRS0066,2026-10-26,Completed,3.2,18.1
EMP00604,CRS0008,2025-05-05,Completed,4.3,12.9
EMP00604,CRS0063,2026-04-11,In Progress,,11.4
EMP00605,CRS0089,2024-08-08,In Progress,,17.4
EMP00605,CRS0034,2024-05-01,Completed,4.9,10.6
EMP00605,CRS0062,2024-02-14,Dropped,,26.0
EMP00605,CRS0020,2024-05-23,Completed,2.7,31.6
EMP00605,CRS0107,2025-12-07,In Progress,,5.5
EMP00606,CRS0088,2025-03-07,Completed,4.4,22.1
EMP00606,CRS0046,2025-06-12,Completed,3.4,12.8
EMP00606,CRS0107,2026-05-07,In Progress,,6.5
EMP00606,CRS0055,2024-02-15,Completed,2.9,7.6
EMP00607,CRS0068,2026-09-18,Completed,2.5,32.9
EMP00607,CRS0076,2026-05-13,In Progress,,8.8
EMP00607,CRS0086,2024-10-04,Completed,2.3,15.9
EMP00607,CRS0123,2025-11-20,Completed,4.7,12.4
EMP00608,CRS0065,2025-03-09,Completed,3.8,21.0
EMP00608,CRS0100,2026-10-17,Completed,2.6,10.1
EMP00608,CRS0074,2026-10-26,In Progress,,16.2
EMP00609,CRS0093,2025-02-09,In Progress,,4.3
EMP00609,CRS0062,2026-04-28,Completed,4.8,4.9
EMP00610,CRS0123,2024-05-11,Completed,3.4,35.8
EMP00610,CRS0046,2024-12-17,In Progress,,39.9
EMP00610,CRS0061,2024-12-16,Completed,2.8,39.2
EMP00610,CRS0013,2024-05-07,Completed,4.0,39.2
EMP00611,CRS0019,2026-10-13,Completed,2.0,18.0
EMP00611,CRS0069,2026-11-14,Completed,2.1,32.7
EMP00612,CRS0115,2024-09-16,In Progress,,7.6
EMP00612,CRS0080,2025-01-14,Completed,4.1,3.4
EMP00612,CRS0027,2025-10-01,Completed,4.3,18.6
EMP00613,CRS0028,2024-07-02,Completed,2.4,39.7
EMP00613,CRS0043,2025-03-18,Completed,2.8,4.0
EMP00614,CRS0139,2025-02-09,Dropped,,4.3
EMP00614,CRS0107,2025-03-12,In Progress,,25.4
EMP00614,CRS0131,2025-10-20,Completed,3.4,17.0
EMP00614,CRS0059,2025-09-09,In Progress,,30.6
EMP00614,CRS0035,2025-02-09,Completed,4.8,26.6
EMP00614,CRS0029,2025-01-21,In Progress,,7.2
EMP00615,CRS0058,2025-10-12,Dropped,,4.6
EMP00615,CRS0126,2026-10-23,Completed,4.1,34.0
EMP00615,CRS0044,2025-11-16,In Progress,,12.4
EMP00615,CRS0064,2025-12-25,In Progress,,10.1
EMP00615,CRS0137,2025-06-16,Completed,2.5,10.7
EMP00616,CRS0121,2024-01-12,Completed,3.4,29.4
EMP00616,CRS0137,2026-02-11,Completed,3.8,29.7
EMP00616,CRS0054,2026-01-08,Completed,2.8,34.2
EMP00616,CRS0100,2024-09-12,Completed,4.4,30.2
EMP00616,CRS0114,2026-11-13,In Progress,,26.0
EMP00617,CRS0004,2025-01-16,In Progress,,36.5
EMP00617,CRS0108,2024-02-17,Completed,2.2,8.5
EMP00617,CRS0055,2025-05-27,Completed,3.2,27.2
EMP00617,CRS0092,2026-01-26,In Progress,,36.8
EMP00617,CRS0079,2024-09-12,Completed,2.8,24.1
EMP00618,CRS0060,2025-12-19,Completed,2.8,11.3
EMP00618,CRS0083,2025-11-12,Completed,4.5,29.5
EMP00618,CRS0104,2024-08-28,In Progress,,14.3
EMP00618,CRS0096,2025-12-24,Completed,4.4,32.4
EMP00618,CRS0062,2025-12-18,Completed,2.2,8.5
EMP00618,CRS0087,2026-11-02,In Progress,,17.9
EMP00619,CRS0126,2025-10-25,In Progress,,34.4
EMP00619,CRS0084,2026-07-11,Completed,2.5,12.4
EMP00620,CRS0054,2026-10-02,Completed,4.6,38.1
EMP00620,CRS0102,2025-05-02,Completed,4.5,27.3
EMP00620,CRS0128,2024-06-19,Completed,2.2,12.0
EMP00621,CRS0033,2025-04-27,Completed,3.7,14.2
EMP00621,CRS0073,2026-04-22,In Progress,,14.9
EMP00622,CRS0124,2026-03-01,Completed,2.9,29.5
EMP00622,CRS0097,2025-04-07,Completed,3.5,7.3
EMP00622,CRS0064,2026-08-17,Completed,3.2,4.6
EMP00622,CRS0086,2026-07-12,Completed,3.3,21.8
EMP00622,CRS0042,2024-11-07,Dropped,,35.9
EMP00622,CRS0073,2024-12-20,In Progress,,3.6
EMP00623,CRS0124,2024-04-07,In Progress,,32.6
EMP00623,CRS0022,2026-04-02,Dropped,,30.0
EMP00624,CRS0096,2024-11-06,Completed,4.0,34.9
EMP00624,CRS0075,2024-02-08,In Progress,,26.0
EMP00624,CRS0073,2024-11-03,Completed,3.7,3.8
EMP00624,CRS0023,2026-12-14,Completed,2.7,17.8
EMP00624,CRS0136,2024-07-11,Completed,3.4,19.6
EMP00624,CRS0078,2025-06-12,In Progress,,19.3
EMP00625,CRS0085,2026-06-26,In Progress,,21.2
EMP00625,CRS0015,2025-12-24,In Progress,,11.5
EMP00625,CRS0054,2026-04-19,Completed,4.7,7.3
EMP00625,CRS0065,2026-10-24,Completed,2.6,33.3
EMP00626,CRS0050,2024-06-22,In Progress,,35.4
EMP00626,CRS0064,2026-09-11,In Progress,,4.7
EMP00626,CRS0049,2024-07-09,Completed,4.4,19.7
EMP00627,CRS0111,2025-08-10,In Progress,,18.1
EMP00627,CRS0036,2024-12-27,In Progress,,14.2
EMP00628,CRS0079,2025-05-18,Completed,4.8,36.4
EMP00628,CRS0130,2025-11-05,Dropped,,29.9
EMP00628,CRS0123,2025-04-02,Completed,4.6,35.9
EMP00628,CRS0112,2025-08-06,Completed,2.8,18.6
EMP00629,CRS0043,2025-09-20,In Progress,,31.4
EMP00629,CRS0009,2025-09-06,Completed,3.4,6.2
EMP00629,CRS0041,2026-02-19,Completed,3.6,31.1
EMP00629,CRS0059,2026-05-27,In Progress,,33.4
EMP00630,CRS0092,2025-05-14,Completed,4.4,27.0
EMP00630,CRS0022,2026-01-01,Completed,3.0,11.1
EMP00630,CRS0099,2024-12-17,Completed,4.9,8.5
EMP00630,CRS0086,2025-01-26,Completed,3.6,14.5
EMP00630,CRS0018,2026-11-12,Completed,3.8,31.0
EMP00630,CRS0071,2026-05-13,In Progress,,6.7
EMP00631,CRS0012,2024-12-05,In Progress,,38.2
EMP00631,CRS0059,2024-12-10,Dropped,,28.5
EMP00631,CRS0109,2026-01-27,In Progress,,19.5
EMP00631,CRS0126,2025-01-22,Completed,2.7,28.6
EMP00631,CRS0037,2025-01-24,Completed,3.2,10.4
EMP00632,CRS0033,2025-11-06,Completed,4.5,20.5
EMP00632,CRS0023,2026-04-28,In Progress,,29.0
EMP00632,CRS0099,2026-09-11,Completed,3.7,17.2
EMP00632,CRS0069,2026-01-14,Dropped,,38.5
EMP00632,CRS0090,2026-02-12,Dropped,,16.9
EMP00633,CRS0120,2024-07-14,In Progress,,27.7
EMP00633,CRS0029,2024-10-08,Completed,3.7,13.5
EMP00633,CRS0084,2025-11-01,Completed,4.2,16.7
EMP00633,CRS0094,2026-07-04,Completed,4.6,13.9
EMP00634,CRS0057,2024-05-12,Completed,3.2,9.1
EMP00634,CRS0054,2025-07-20,Dropped,,21.4
EMP00635,CRS0018,2026-05-18,Dropped,,19.1
EMP00635,CRS0033,2025-10-16,In Progress,,28.6
EMP00635,CRS0021,2026-11-20,Completed,3.6,23.7
EMP00635,CRS0038,2024-10-14,Dropped,,30.1
EMP00635,CRS0110,2024-08-21,Dropped,,4.2
EMP00636,CRS0067,2024-06-27,Completed,4.6,39.6
EMP00636,CRS0053,2024-01-04,Completed,2.2,11.5
EMP00637,CRS0124,2025-07-07,Completed,4.2,2.4
EMP00637,CRS0073,2024-10-27,Dropped,,30.6
EMP00637,CRS0104,2026-11-01,Completed,3.3,19.7
EMP00638,CRS0093,2024-07-07,In Progress,,8.6
EMP00638,CRS0089,2025-08-15,Completed,3.4,26.4
EMP00638,CRS0058,2026-09-10,Completed,3.9,13.0
EMP00638,CRS0100,2025-01-27,In Progress,,2.1
EMP00638,CRS0002,2026-03-16,Dropped,,3.3
EMP00638,CRS0108,2026-03-23,Completed,2.7,6.8
EMP00639,CRS0078,2025-07-03,In Progress,,10.7
EMP00639,CRS0098,2024-04-27,Completed,3.5,30.6
EMP00639,CRS0053,2025-11-23,Dropped,,2.1
EMP00639,CRS0084,2026-07-05,In Progress,,14.5
EMP00639,CRS0033,2024-11-22,In Progress,,23.4
EMP00640,CRS0027,2024-08-16,In Progress,,8.2
EMP00640,CRS0025,2024-11-13,In Progress,,3.1
EMP00641,CRS0099,2025-06-19,Completed,2.2,11.4
EMP00641,CRS0101,2026-08-20,Completed,3.0,9.3
EMP00641,CRS0059,2025-01-27,Completed,2.5,27.2
EMP00641,CRS0078,2026-04-22,Completed,3.1,15.1
EMP00641,CRS0123,2024-12-09,In Progress,,27.1
EMP00642,CRS0033,2024-12-08,Completed,2.3,26.0
EMP00642,CRS0115,2024-08-26,Completed,3.2,19.3
EMP00642,CRS0085,2025-03-10,Completed,4.1,31.4
EMP00642,CRS0107,2026-10-03,In Progress,,25.7
EMP00643,CRS0092,2024-06-04,Dropped,,36.5
EMP00643,CRS0041,2025-10-03,Completed,3.4,20.9
EMP00643,CRS0130,2025-08-14,Completed,4.2,17.5
EMP00643,CRS0061,2024-03-23,In Progress,,7.2
EMP00643,CRS0129,2024-10-21,Dropped,,30.5
EMP00643,CRS0044,2026-01-28,Completed,2.8,37.3
EMP00644,CRS0079,2026-06-15,Completed,4.6,32.9
EMP00644,CRS0068,2025-02-24,Completed,4.4,17.6
EMP00644,CRS0076,2026-07-11,In Progress,,36.9
EMP00645,CRS0005,2026-04-05,Completed,4.2,30.3
EMP00645,CRS0009,2026-12-26,Dropped,,23.4
EMP00645,CRS0024,2026-04-13,In Progress,,38.5
EMP00645,CRS0095,2026-05-03,In Progress,,37.1
EMP00646,CRS0118,2024-07-02,Completed,3.7,14.4
EMP00646,CRS0008,2024-08-05,In Progress,,20.7
EMP00646,CRS0107,2024-11-23,Completed,2.4,36.3
EMP00647,CRS0026,2025-08-14,Completed,4.7,25.5
EMP00647,CRS0018,2024-04-21,Dropped,,18.8
EMP00647,CRS0041,2024-07-12,Completed,2.9,11.5
EMP00648,CRS0124,2025-04-19,Completed,4.6,20.6
EMP00648,CRS0001,2025-08-07,Completed,3.4,14.1
EMP00648,CRS0118,2026-01-19,Completed,2.2,11.5
EMP00648,CRS0026,2025-07-18,Dropped,,39.8
EMP00648,CRS0089,2024-12-22,In Progress,,20.8
EMP00649,CRS0091,2024-01-28,Dropped,,18.3
EMP00649,CRS0133,2026-03-14,Completed,2.6,5.6
EMP00650,CRS0033,2026-06-17,In Progress,,28.1
EMP00650,CRS0081,2025-07-04,Completed,2.0,5.4
EMP00650,CRS0070,2025-12-01,In Progress,,25.1
EMP00650,CRS0127,2024-01-15,Completed,2.2,24.0
EMP00650,CRS0131,2025-08-25,Completed,3.5,14.2
EMP00651,CRS0080,2026-11-02,Completed,3.2,23.8
EMP00651,CRS0128,2026-09-11,Completed,2.8,10.0
EMP00651,CRS0073,2024-09-08,Dropped,,16.4
EMP00652,CRS0028,2026-05-21,Completed,2.4,27.1
EMP00652,CRS0052,2026-02-04,In Progress,,8.7
EMP00652,CRS0004,2024-06-20,Completed,4.7,26.9
EMP00653,CRS0004,2026-10-24,Completed,2.5,23.5
EMP00653,CRS0076,2026-04-25,In Progress,,3.4
EMP00653,CRS0043,2026-12-15,In Progress,,11.4
EMP00653,CRS0073,2025-07-02,In Progress,,39.5
EMP00654,CRS0043,2024-11-07,In Progress,,33.6
EMP00654,CRS0135,2024-09-15,Completed,4.5,19.9
EMP00654,CRS0082,2024-09-04,Completed,4.0,26.8
EMP00654,CRS0019,2026-11-07,Completed,3.2,8.1
EMP00654,CRS0052,2026-01-06,Completed,4.6,33.1
EMP00655,CRS0098,2024-09-11,Completed,3.0,13.7
EMP00655,CRS0063,2024-08-17,Completed,2.7,35.0
EMP00655,CRS0131,2025-08-16,Completed,3.0,33.5
EMP00655,CRS0043,2026-09-18,Completed,2.4,28.8
EMP00655,CRS0002,2024-03-17,Completed,4.3,35.2
EMP00656,CRS0082,2026-01-07,Completed,4.3,9.1
EMP00656,CRS0113,2025-02-20,Completed,3.1,20.6
EMP00656,CRS0070,2026-08-22,In Progress,,8.5
EMP00656,CRS0009,2025-08-03,Dropped,,16.4
EMP00656,CRS0092,2025-08-09,Completed,3.2,23.9
EMP00657,CRS0025,2026-05-26,Completed,4.3,15.5
EMP00657,CRS0080,2026-03-28,Completed,4.4,33.3
EMP00657,CRS0081,2026-10-02,Completed,4.2,26.9
EMP00657,CRS0059,2025-02-25,In Progress,,33.0
EMP00658,CRS0029,2024-04-18,In Progress,,20.1
EMP00658,CRS0081,2025-07-10,In Progress,,4.8
EMP00659,CRS0127,2026-01-20,In Progress,,34.2
EMP00659,CRS0010,2024-10-08,Completed,3.5,10.0
EMP00659,CRS0095,2025-06-17,Completed,3.0,4.3
EMP00659,CRS0016,2026-05-24,Dropped,,4.0
EMP00659,CRS0106,2024-12-08,In Progress,,15.1
EMP00660,CRS0139,2025-06-15,Completed,4.9,15.7
EMP00660,CRS0039,2025-12-16,Completed,2.2,34.8
EMP00660,CRS0063,2026-03-13,In Progress,,37.7
EMP00661,CRS0138,2024-05-22,In Progress,,9.7
EMP00661,CRS0140,2025-02-13,In Progress,,36.5
EMP00661,CRS0002,2024-12-23,Completed,3.6,27.5
EMP00662,CRS0097,2026-08-01,Dropped,,39.9
EMP00662,CRS0119,2025-08-18,Completed,3.7,26.8
EMP00662,CRS0065,2026-03-14,In Progress,,30.6
EMP00662,CRS0124,2024-10-05,Completed,3.7,35.0
EMP00662,CRS0107,2026-03-23,Completed,3.7,12.7
EMP00662,CRS0047,2025-03-12,Completed,3.5,28.5
EMP00663,CRS0065,2026-10-06,Completed,3.0,12.6
EMP00663,CRS0025,2024-02-09,Completed,4.7,35.7
EMP00663,CRS0129,2024-06-13,In Progress,,3.9
EMP00664,CRS0008,2026-05-28,Completed,3.3,9.2
EMP00664,CRS0052,2026-07-12,Completed,2.9,19.0
EMP00664,CRS0041,2026-12-14,Completed,3.3,32.1
EMP00665,CRS0024,2024-09-14,In Progress,,32.2
EMP00665,CRS0050,2025-07-10,Completed,3.6,36.5
EMP00665,CRS0038,2025-07-02,Dropped,,10.0
EMP00666,CRS0138,2026-11-10,Completed,2.5,24.7
EMP00666,CRS0045,2025-04-03,Completed,4.8,27.2
EMP00666,CRS0054,2025-07-02,Completed,2.7,34.4
EMP00666,CRS0006,2024-09-25,Completed,2.5,17.0
EMP00666,CRS0044,2025-05-20,Completed,4.8,28.6
EMP00666,CRS0093,2026-08-10,Completed,4.5,12.8
EMP00667,CRS0021,2024-02-02,In Progress,,27.8
EMP00667,CRS0024,2025-07-08,In Progress,,28.2
EMP00667,CRS0111,2024-09-09,In Progress,,18.4
EMP00667,CRS0062,2024-09-21,Completed,3.0,4.8
EMP00667,CRS0066,2025-03-06,Completed,3.8,37.2
EMP00667,CRS0057,2024-11-01,In Progress,,15.4
EMP00668,CRS0080,2026-01-24,In Progress,,31.4
EMP00668,CRS0135,2025-01-10,In Progress,,4.3
EMP00668,CRS0110,2025-10-22,Completed,2.1,5.9
EMP00668,CRS0021,2024-12-13,Completed,3.5,26.1
EMP00668,CRS0010,2025-05-03,In Progress,,7.1
EMP00668,CRS0098,2026-08-18,Dropped,,17.8
EMP00669,CRS0074,2026-05-05,Completed,2.2,8.8
EMP00669,CRS0082,2026-04-12,In Progress,,31.4
EMP00669,CRS0121,2025-02-26,Completed,2.8,33.7
EMP00669,CRS0057,2024-10-17,Completed,4.8,28.1
EMP00669,CRS0038,2024-06-21,Completed,2.5,27.1
EMP00669,CRS0020,2025-07-15,Dropped,,3.2
EMP00670,CRS0065,2024-08-25,Completed,4.8,27.0
EMP00670,CRS0139,2025-05-24,Completed,3.4,30.9
EMP00671,CRS0044,2024-03-17,Completed,4.3,8.8
EMP00671,CRS0043,2024-06-26,Dropped,,36.2
EMP00672,CRS0013,2026-01-04,Completed,4.5,35.2
EMP00672,CRS0131,2026-07-06,Dropped,,8.0
EMP00672,CRS0091,2024-08-24,Completed,2.1,14.4
EMP00673,CRS0035,2024-12-25,Completed,3.8,11.1
EMP00673,CRS0072,2025-05-20,Completed,2.1,30.7
EMP00673,CRS0017,2026-04-17,Completed,2.5,39.0
EMP00674,CRS0076,2026-10-09,Completed,3.1,10.0
EMP00674,CRS0013,2026-09-01,Completed,4.2,30.8
EMP00674,CRS0060,2026-05-27,Completed,5.0,21.9
EMP00674,CRS0124,2024-10-21,Completed,3.7,26.9
EMP00675,CRS0132,2024-05-22,In Progress,,14.6
EMP00675,CRS0082,2026-01-27,Completed,3.5,6.0
EMP00676,CRS0031,2025-05-10,Completed,2.3,25.3
EMP00676,CRS0033,2024-12-03,Completed,3.7,10.8
EMP00676,CRS0055,2026-01-01,Completed,3.5,11.6
EMP00676,CRS0120,2026-09-23,Completed,2.8,17.0
EMP00677,CRS0136,2025-10-13,In Progress,,20.2
EMP00677,CRS0102,2024-07-13,Completed,4.8,18.8
EMP00677,CRS0085,2025-05-04,In Progress,,31.2
EMP00677,CRS0125,2024-07-17,Completed,3.7,22.6
EMP00678,CRS0054,2025-01-10,In Progress,,24.3
EMP00678,CRS0129,2025-01-05,Completed,2.7,15.9
EMP00678,CRS0040,2025-06-05,Completed,4.3,14.5
EMP00678,CRS0092,2026-05-18,In Progress,,18.4
EMP00678,CRS0034,2026-02-14,Dropped,,10.2
EMP00678,CRS0137,2025-03-09,Completed,3.4,4.6
EMP00679,CRS0018,2026-04-25,In Progress,,8.0
EMP00679,CRS0064,2025-04-20,Completed,2.0,38.3
EMP00679,CRS0087,2025-01-17,Completed,4.2,35.5
EMP00679,CRS0063,2024-03-20,In Progress,,39.3
EMP00679,CRS0125,2024-05-23,In Progress,,33.8
EMP00679,CRS0099,2025-10-26,In Progress,,5.5
EMP00680,CRS0126,2025-01-09,In Progress,,26.9
EMP00680,CRS0078,2024-10-14,In Progress,,38.2
EMP00680,CRS0117,2025-06-19,Completed,2.2,13.8
EMP00680,CRS0085,2024-01-22,Completed,3.4,25.2
EMP00680,CRS0070,2025-04-13,Completed,4.1,2.8
EMP00680,CRS0052,2024-09-28,Completed,4.5,24.1
EMP00681,CRS0076,2025-07-20,In Progress,,20.9
EMP00681,CRS0029,2026-03-26,Completed,4.7,3.2
EMP00682,CRS0129,2026-07-19,Completed,3.4,4.6
EMP00682,CRS0130,2024-04-14,Completed,3.2,21.2
EMP00683,CRS0079,2026-12-14,Completed,3.6,14.6
EMP00683,CRS0018,2025-06-26,Completed,4.7,37.8
EMP00683,CRS0031,2026-03-27,Completed,2.5,33.6
EMP00684,CRS0031,2026-11-19,Dropped,,8.3
EMP00684,CRS0043,2026-05-04,Completed,4.6,3.0
EMP00684,CRS0126,2026-06-12,In Progress,,15.2
EMP00684,CRS0137,2025-04-15,Completed,4.1,4.3
EMP00684,CRS0131,2026-06-12,In Progress,,9.7
EMP00684,CRS0094,2024-07-25,Completed,4.9,2.8
EMP00685,CRS0066,2025-06-14,Completed,4.2,3.4
EMP00685,CRS0025,2024-01-24,Completed,2.7,34.7
EMP00685,CRS0070,2026-08-06,Completed,4.9,3.5
EMP00685,CRS0079,2026-09-17,Completed,3.6,8.1
EMP00685,CRS0001,2025-03-15,In Progress,,14.5
EMP00685,CRS0002,2025-10-23,Dropped,,30.2
EMP00686,CRS0039,2025-05-15,In Progress,,17.5
EMP00686,CRS0096,2025-09-23,In Progress,,15.9
EMP00686,CRS0030,2026-04-22,Dropped,,27.3
EMP00686,CRS0123,2026-06-07,Completed,2.2,4.3
EMP00686,CRS0050,2024-06-21,Dropped,,30.3
EMP00687,CRS0015,2024-08-10,Completed,3.2,31.2
EMP00687,CRS0111,2025-01-06,Dropped,,28.6
EMP00687,CRS0127,2025-02-07,Completed,4.9,4.2
EMP00687,CRS0118,2025-08-15,Dropped,,17.5
EMP00687,CRS0031,2025-02-05,Completed,3.4,40.0
EMP00687,CRS0083,2026-12-23,In Progress,,23.9
EMP00688,CRS0027,2024-12-15,Completed,4.6,30.9
EMP00688,CRS0113,2026-05-07,Completed,4.2,36.8
EMP00688,CRS0111,2026-07-15,Completed,3.9,20.5
EMP00688,CRS0055,2025-01-05,Completed,4.8,8.4
EMP00688,CRS0084,2024-07-21,In Progress,,13.9
EMP00689,CRS0018,2024-06-14,Completed,3.3,35.7
EMP00689,CRS0082,2026-03-21,Completed,2.8,32.7
EMP00689,CRS0131,2025-12-04,Completed,2.6,25.6
EMP00690,CRS0090,2024-12-20,Dropped,,11.0
EMP00690,CRS0009,2024-03-05,In Progress,,19.9
EMP00690,CRS0048,2026-07-13,In Progress,,27.5
EMP00690,CRS0101,2026-01-11,Completed,3.2,14.3
EMP00691,CRS0046,2025-10-09,Completed,4.0,28.3
EMP00691,CRS0072,2026-12-14,Completed,2.7,8.3
EMP00691,CRS0041,2026-01-12,Dropped,,19.7
EMP00692,CRS0018,2025-09-25,Completed,2.3,16.4
EMP00692,CRS0062,2025-05-12,Dropped,,26.8
EMP00692,CRS0133,2025-02-01,Completed,3.1,17.5
EMP00692,CRS0009,2025-08-01,Completed,5.0,15.2
EMP00692,CRS0086,2025-01-18,Completed,4.9,25.7
EMP00692,CRS0116,2025-02-05,Completed,3.5,32.3
EMP00693,CRS0088,2025-09-13,In Progress,,37.4
EMP00693,CRS0140,2025-01-02,Completed,4.6,11.4
EMP00693,CRS0112,2024-06-03,Completed,2.6,27.3
EMP00694,CRS0115,2025-04-03,In Progress,,11.5
EMP00694,CRS0093,2024-05-25,In Progress,,8.6
EMP00694,CRS0020,2025-09-21,In Progress,,32.7
EMP00694,CRS0052,2025-12-06,Completed,2.2,39.8
EMP00694,CRS0122,2024-07-09,Completed,4.8,17.8
EMP00695,CRS0020,2026-05-25,Completed,4.4,6.8
EMP00695,CRS0082,2024-02-09,Completed,4.2,21.4
EMP00695,CRS0039,2025-02-20,Completed,2.3,24.1
EMP00695,CRS0111,2026-10-22,Completed,2.8,31.4
EMP00695,CRS0086,2025-09-22,Completed,3.3,32.1
EMP00696,CRS0035,2024-01-24,Completed,3.5,37.2
EMP00696,CRS0103,2026-10-20,Completed,4.6,14.3
EMP00697,CRS0085,2024-05-23,Completed,2.4,2.6
EMP00697,CRS0131,2024-09-27,In Progress,,14.9
EMP00698,CRS0013,2026-09-24,Completed,4.8,10.4
EMP00698,CRS0087,2026-10-02,In Progress,,18.4
EMP00699,CRS0028,2025-01-05,Completed,4.1,23.6
EMP00699,CRS0061,2025-07-15,Dropped,,4.9
EMP00699,CRS0018,2024-09-04,In Progress,,31.5
EMP00700,CRS0089,2025-10-17,Completed,2.5,19.4
EMP00700,CRS0135,2025-10-23,In Progress,,31.8
EMP00700,CRS0049,2024-07-01,In Progress,,24.8
EMP00701,CRS0039,2026-06-16,In Progress,,16.0
EMP00701,CRS0001,2025-07-12,In Progress,,35.1
EMP00701,CRS0063,2024-04-01,Completed,4.6,21.5
EMP00701,CRS0058,2024-05-08,Completed,3.7,15.1
EMP00701,CRS0021,2025-05-21,Dropped,,23.7
EMP00701,CRS0067,2025-03-24,Completed,2.8,3.5
EMP00702,CRS0083,2026-09-16,Completed,2.4,12.3
EMP00702,CRS0049,2024-04-22,Completed,2.3,9.1
EMP00702,CRS0034,2025-08-09,In Progress,,15.8
EMP00702,CRS0033,2024-12-11,Completed,3.2,21.2
EMP00702,CRS0058,2024-05-02,In Progress,,9.6
EMP00702,CRS0006,2025-03-22,Completed,3.1,26.1
EMP00703,CRS0132,2025-06-13,Completed,2.5,18.5
EMP00703,CRS0136,2026-07-26,Completed,2.5,27.2
EMP00703,CRS0091,2024-04-14,Completed,3.4,28.2
EMP00703,CRS0140,2025-04-09,Completed,2.2,8.6
EMP00703,CRS0131,2026-06-11,Completed,2.6,30.1
EMP00704,CRS0009,2024-07-05,Completed,3.4,5.1
EMP00704,CRS0042,2024-12-13,Completed,3.1,36.7
EMP00704,CRS0035,2025-08-08,In Progress,,23.7
EMP00704,CRS0132,2025-02-27,In Progress,,27.3
EMP00704,CRS0005,2024-12-07,Completed,4.1,25.6
EMP00705,CRS0062,2025-10-21,Completed,4.0,18.2
EMP00705,CRS0032,2026-05-16,Completed,3.3,26.3
EMP00705,CRS0136,2026-02-03,Completed,3.9,30.5
EMP00706,CRS0076,2025-09-06,Completed,3.5,11.4
EMP00706,CRS0001,2025-08-23,Completed,4.4,26.4
EMP00707,CRS0089,2026-03-05,Completed,2.6,10.6
EMP00707,CRS0057,2025-08-25,Completed,3.1,31.0
EMP00707,CRS0049,2026-06-02,Completed,3.4,15.8
EMP00707,CRS0073,2026-06-06,Completed,2.3,32.6
EMP00707,CRS0037,2025-07-02,Completed,4.8,12.7
EMP00708,CRS0097,2026-08-18,Completed,4.5,29.0
EMP00708,CRS0049,2024-01-25,In Progress,,35.2
EMP00708,CRS0136,2025-06-23,In Progress,,27.4
EMP00709,CRS0064,2026-04-22,Completed,3.1,28.7
EMP00709,CRS0095,2026-11-02,Completed,3.6,11.2
EMP00709,CRS0129,2025-02-28,Completed,4.9,14.1
EMP00709,CRS0080,2026-05-14,Completed,4.0,26.5
EMP00709,CRS0115,2025-09-22,In Progress,,18.9
EMP00709,CRS0122,2026-09-26,In Progress,,21.8
EMP00710,CRS0056,2026-03-23,Completed,2.9,26.2
EMP00710,CRS0107,2026-06-24,Dropped,,6.4
EMP00710,CRS0021,2026-01-03,Completed,2.7,26.0
EMP00710,CRS0058,2026-07-05,Completed,3.4,20.8
EMP00710,CRS0084,2026-07-27,Completed,2.6,36.8
EMP00711,CRS0075,2026-03-26,In Progress,,23.1
EMP00711,CRS0127,2024-09-23,In Progress,,7.1
EMP00711,CRS0119,2026-05-06,Completed,2.1,3.1
EMP00711,CRS0022,2024-07-06,Completed,3.2,17.8
EMP00712,CRS0022,2024-10-23,Completed,4.6,31.2
EMP00712,CRS0083,2026-01-22,Completed,2.3,28.5
EMP00712,CRS0126,2025-09-23,Completed,2.0,12.1
EMP00712,CRS0088,2024-08-28,Completed,2.6,8.0
EMP00713,CRS0101,2024-06-04,Completed,4.4,9.5
EMP00713,CRS0109,2025-02-06,Completed,3.8,7.9
EMP00713,CRS0090,2025-04-25,In Progress,,34.9
EMP00713,CRS0033,2025-08-12,Dropped,,14.4
EMP00714,CRS0124,2024-07-26,Dropped,,31.9
EMP00714,CRS0128,2025-06-02,In Progress,,14.7
EMP00714,CRS0114,2026-10-15,Completed,2.2,13.4
EMP00714,CRS0055,2025-02-21,Completed,2.8,19.9
EMP00714,CRS0065,2026-01-26,In Progress,,25.9
EMP00715,CRS0022,2025-11-09,Completed,4.1,17.7
EMP00715,CRS0010,2026-02-15,Completed,4.4,36.1
EMP00715,CRS0124,2024-06-13,Completed,4.8,13.0
EMP00715,CRS0068,2026-01-07,Completed,4.0,11.3
EMP00715,CRS0101,2026-06-23,Completed,4.3,16.7
EMP00716,CRS0093,2024-06-24,Completed,4.2,16.4
EMP00716,CRS0084,2026-01-22,Completed,4.9,30.9
EMP00716,CRS0137,2026-05-26,Completed,3.6,10.5
EMP00717,CRS0099,2026-12-21,In Progress,,5.4
EMP00717,CRS0069,2025-11-08,In Progress,,9.8
EMP00717,CRS0107,2025-06-13,Completed,3.7,8.7
EMP00717,CRS0019,2026-01-19,In Progress,,11.7
EMP00717,CRS0047,2025-07-07,Completed,3.9,33.8
EMP00718,CRS0016,2024-06-22,Completed,2.4,37.2
EMP00718,CRS0101,2025-12-26,Completed,2.8,18.9
EMP00719,CRS0077,2024-12-24,Completed,2.6,26.9
EMP00719,CRS0129,2024-10-14,Completed,3.9,27.5
EMP00720,CRS0041,2025-12-02,Completed,3.6,18.7
EMP00720,CRS0124,2026-01-16,Completed,2.9,24.5
EMP00720,CRS0042,2026-07-20,Completed,2.5,24.3
EMP00720,CRS0082,2025-05-23,In Progress,,37.4
EMP00721,CRS0047,2024-07-17,Completed,4.1,6.0
EMP00721,CRS0123,2024-03-03,Completed,3.4,11.9
EMP00721,CRS0003,2025-02-12,Completed,4.3,34.1
EMP00721,CRS0013,2026-02-17,Completed,2.3,7.1
EMP00721,CRS0033,2024-12-19,Completed,4.1,26.6
EMP00721,CRS0064,2025-11-12,Completed,3.2,5.2
EMP00722,CRS0041,2026-08-22,Completed,2.4,22.8
EMP00722,CRS0040,2024-11-05,Completed,5.0,18.6
EMP00722,CRS0057,2026-03-20,In Progress,,22.8
EMP00722,CRS0095,2025-03-18,Dropped,,32.3
EMP00723,CRS0135,2025-08-06,Completed,4.7,26.7
EMP00723,CRS0128,2025-05-14,Completed,4.0,34.3
EMP00723,CRS0027,2026-03-17,Completed,3.1,3.3
EMP00723,CRS0096,2024-09-12,Completed,4.3,37.1
EMP00723,CRS0050,2026-01-18,In Progress,,3.9
EMP00724,CRS0081,2024-11-01,In Progress,,14.9
EMP00724,CRS0104,2026-09-22,Completed,2.0,2.1
EMP00724,CRS0080,2025-05-09,In Progress,,20.5
EMP00724,CRS0090,2026-12-18,Completed,2.2,10.1
EMP00724,CRS0007,2025-11-10,Dropped,,16.3
EMP00725,CRS0085,2026-10-14,In Progress,,18.8
EMP00725,CRS0063,2025-10-28,Dropped,,9.5
EMP00725,CRS0057,2025-03-17,Completed,4.4,37.4
EMP00725,CRS0060,2024-04-16,Completed,4.8,15.1
EMP00725,CRS0077,2024-05-11,Completed,3.6,26.3
EMP00726,CRS0083,2026-01-09,Completed,2.9,14.1
EMP00726,CRS0043,2025-11-19,Completed,4.3,3.0
EMP00727,CRS0042,2024-10-18,Completed,4.9,17.6
EMP00727,CRS0020,2026-02-20,In Progress,,37.6
EMP00727,CRS0070,2026-04-13,Completed,3.3,13.3
EMP00727,CRS0091,2026-09-12,Completed,2.6,18.8
EMP00727,CRS0125,2026-11-22,Completed,4.4,21.2
EMP00728,CRS0093,2025-05-26,Completed,3.9,22.3
EMP00728,CRS0116,2024-07-08,In Progress,,37.4
EMP00728,CRS0030,2025-08-09,In Progress,,14.2
EMP00728,CRS0063,2026-03-03,Completed,3.5,11.0
EMP00729,CRS0057,2024-10-03,Completed,3.3,16.6
EMP00729,CRS0130,2026-08-11,Dropped,,30.7
EMP00729,CRS0071,2024-03-24,Completed,3.8,27.4
EMP00730,CRS0011,2026-02-15,Completed,2.0,12.9
EMP00730,CRS0008,2024-06-24,Completed,3.0,15.8
EMP00730,CRS0016,2024-05-14,Completed,3.7,12.5
EMP00731,CRS0121,2024-07-11,Completed,2.7,37.6
EMP00731,CRS0027,2026-06-20,Completed,3.1,32.1
EMP00731,CRS0035,2026-11-18,Dropped,,13.9
EMP00732,CRS0102,2025-01-17,Completed,4.2,6.6
EMP00732,CRS0041,2026-08-17,Completed,3.5,25.9
EMP00733,CRS0038,2026-11-27,Completed,4.8,19.3
EMP00733,CRS0122,2025-07-01,Completed,2.7,18.6
EMP00733,CRS0049,2026-06-11,Completed,4.0,39.8
EMP00733,CRS0120,2024-11-21,Dropped,,32.1
EMP00733,CRS0109,2025-12-05,Completed,5.0,27.1
EMP00733,CRS0064,2026-12-01,Completed,2.5,25.2
EMP00734,CRS0005,2024-07-12,Completed,4.1,28.2
EMP00734,CRS0114,2025-04-01,Completed,3.6,15.1
EMP00735,CRS0078,2024-10-18,Completed,2.2,18.8
EMP00735,CRS0021,2025-03-09,In Progress,,38.4
EMP00735,CRS0090,2024-12-19,In Progress,,14.0
EMP00735,CRS0109,2025-11-02,In Progress,,34.2
EMP00736,CRS0129,2024-06-07,In Progress,,28.2
EMP00736,CRS0078,2026-08-05,In Progress,,14.9
EMP00736,CRS0002,2025-01-25,Completed,2.7,25.5
EMP00736,CRS0127,2024-04-28,Completed,4.1,2.9
EMP00736,CRS0085,2024-03-18,Completed,3.8,19.0
EMP00736,CRS0081,2025-01-27,Completed,3.2,11.2
EMP00737,CRS0124,2024-02-10,Completed,3.7,32.9
EMP00737,CRS0134,2024-05-03,Dropped,,29.6
EMP00737,CRS0086,2025-12-07,Completed,2.3,11.2
EMP00738,CRS0010,2025-09-04,Completed,4.1,21.1
EMP00738,CRS0136,2025-06-22,Completed,2.5,22.4
EMP00738,CRS0096,2025-06-19,Completed,4.8,20.0
EMP00738,CRS0056,2025-05-04,Completed,4.4,29.9
EMP00738,CRS0009,2026-11-22,In Progress,,14.1
EMP00738,CRS0105,2026-03-12,In Progress,,20.3
EMP00739,CRS0076,2026-11-20,Completed,4.1,32.5
EMP00739,CRS0011,2024-11-18,In Progress,,22.8
EMP00740,CRS0084,2025-08-21,Completed,3.5,13.1
EMP00740,CRS0136,2024-01-26,Completed,3.6,7.8
EMP00740,CRS0115,2026-05-19,Completed,3.1,32.0
EMP00740,CRS0039,2026-02-14,Completed,3.2,2.5
EMP00741,CRS0023,2024-04-21,Completed,3.9,38.8
EMP00741,CRS0088,2026-06-02,Completed,4.1,18.7
EMP00742,CRS0011,2026-10-05,Completed,2.9,38.1
EMP00742,CRS0080,2026-10-22,Completed,3.4,17.4
EMP00743,CRS0099,2025-11-12,Completed,2.9,11.2
EMP00743,CRS0080,2026-09-02,In Progress,,34.4
EMP00744,CRS0101,2025-06-11,Completed,3.5,35.1
EMP00744,CRS0055,2024-08-02,In Progress,,36.8
EMP00744,CRS0056,2025-11-22,Completed,2.7,15.3
EMP00745,CRS0067,2024-12-02,Completed,2.7,25.1
EMP00745,CRS0070,2026-09-01,Completed,2.6,36.5
EMP00745,CRS0105,2026-09-26,Completed,4.9,36.3
EMP00746,CRS0127,2025-01-19,Completed,3.7,6.2
EMP00746,CRS0043,2025-01-19,Completed,4.8,10.0
EMP00746,CRS0081,2025-09-18,Completed,2.3,17.1
EMP00746,CRS0027,2026-09-10,Completed,4.7,10.7
EMP00746,CRS0078,2024-06-02,Completed,2.3,8.9
EMP00747,CRS0098,2024-06-15,Completed,4.8,16.6
EMP00747,CRS0065,2025-02-05,Completed,2.5,15.3
EMP00748,CRS0104,2026-06-16,In Progress,,8.1
EMP00748,CRS0129,2025-08-09,In Progress,,26.3
EMP00748,CRS0116,2026-09-20,Completed,3.7,26.0
EMP00748,CRS0102,2024-11-08,In Progress,,6.5
EMP00748,CRS0045,2025-01-09,Completed,3.0,20.8
EMP00749,CRS0098,2025-02-14,In Progress,,31.3
EMP00749,CRS0022,2024-06-06,Completed,4.5,12.0
EMP00749,CRS0068,2026-09-24,Completed,2.9,15.1
EMP00750,CRS0107,2024-04-24,Completed,4.0,33.9
EMP00750,CRS0074,2025-10-17,In Progress,,23.2
EMP00750,CRS0095,2024-09-26,Completed,3.3,2.8
EMP00751,CRS0114,2025-03-27,Dropped,,30.0
EMP00751,CRS0064,2025-05-22,Completed,3.3,28.8
EMP00751,CRS0101,2025-05-01,In Progress,,13.8
EMP00752,CRS0112,2025-07-03,Completed,2.8,14.4
EMP00752,CRS0032,2026-03-27,Completed,2.4,37.9
EMP00752,CRS0049,2026-06-12,Completed,3.6,37.7
EMP00753,CRS0003,2025-03-28,Completed,2.4,38.8
EMP00753,CRS0091,2026-09-21,Completed,2.0,17.3
EMP00754,CRS0131,2024-08-06,Completed,3.6,8.5
EMP00754,CRS0071,2025-01-23,Completed,2.5,9.1
EMP00755,CRS0055,2024-03-14,Dropped,,29.9
EMP00755,CRS0126,2025-03-15,Completed,3.4,11.3
EMP00755,CRS0136,2025-10-11,Completed,4.2,18.7
EMP00756,CRS0131,2026-03-19,Completed,3.4,13.2
EMP00756,CRS0032,2024-04-14,Completed,3.8,9.4
EMP00756,CRS0075,2026-07-14,Completed,3.9,20.8
EMP00756,CRS0099,2024-11-11,Completed,4.1,24.9
EMP00756,CRS0138,2026-09-07,Completed,3.9,36.1
EMP00756,CRS0115,2024-07-04,In Progress,,3.2
EMP00757,CRS0028,2024-09-22,Completed,3.0,13.5
EMP00757,CRS0124,2025-11-24,Completed,2.6,5.9
EMP00757,CRS0116,2025-09-27,Completed,2.0,17.1
EMP00758,CRS0041,2026-04-17,Completed,3.6,35.0
EMP00758,CRS0064,2026-06-07,Completed,4.1,36.7
EMP00759,CRS0029,2026-08-18,Completed,4.7,36.0
EMP00759,CRS0091,2024-05-26,Dropped,,15.7
EMP00760,CRS0082,2026-07-28,Completed,3.1,18.2
EMP00760,CRS0022,2025-07-02,Completed,4.1,15.4
EMP00761,CRS0106,2026-03-05,Completed,4.9,23.0
EMP00761,CRS0045,2024-11-26,Dropped,,38.4
EMP00761,CRS0037,2025-11-04,Completed,4.1,35.0
EMP00762,CRS0087,2024-06-28,Completed,2.2,13.0
EMP00762,CRS0012,2026-01-13,Completed,3.8,24.1
EMP00762,CRS0107,2024-10-20,Completed,3.8,21.9
EMP00763,CRS0091,2024-07-18,Completed,3.1,39.3
EMP00763,CRS0048,2026-03-04,Completed,3.2,37.3
EMP00763,CRS0109,2024-01-17,Completed,3.3,10.6
EMP00763,CRS0136,2025-04-19,In Progress,,19.2
EMP00763,CRS0102,2024-01-02,Completed,3.9,24.9
EMP00764,CRS0101,2025-08-10,Completed,3.9,39.4
EMP00764,CRS0046,2026-09-23,Completed,3.0,26.8
EMP00764,CRS0102,2024-03-15,Completed,3.6,8.5
EMP00764,CRS0011,2024-03-20,Completed,2.4,14.5
EMP00765,CRS0045,2025-05-02,In Progress,,8.6
EMP00765,CRS0035,2024-09-22,Completed,3.8,34.4
EMP00765,CRS0117,2025-06-10,Dropped,,35.9
EMP00766,CRS0022,2025-09-02,Completed,2.9,24.8
EMP00766,CRS0130,2026-03-24,Completed,4.4,33.6
EMP00766,CRS0138,2024-07-14,Dropped,,30.6
EMP00767,CRS0134,2026-04-18,Completed,2.8,36.9
EMP00767,CRS0062,2025-12-15,Completed,2.1,35.2
EMP00767,CRS0123,2024-12-07,Dropped,,25.4
EMP00767,CRS0090,2024-04-25,Completed,4.4,5.6
EMP00767,CRS0093,2025-04-07,Completed,3.8,21.0
EMP00767,CRS0094,2025-10-14,Completed,4.4,16.2
EMP00768,CRS0005,2026-04-07,Completed,2.1,35.7
EMP00768,CRS0030,2024-03-26,Completed,2.0,37.6
EMP00768,CRS0013,2026-04-03,Dropped,,4.1
EMP00768,CRS0022,2024-07-13,Dropped,,30.2
EMP00769,CRS0060,2024-04-04,Completed,2.2,22.9
EMP00769,CRS0030,2024-10-26,Completed,3.4,28.3
EMP00769,CRS0098,2025-01-11,Completed,2.9,37.0
EMP00770,CRS0093,2024-06-14,Completed,3.8,29.0
EMP00770,CRS0008,2024-11-12,In Progress,,32.3
EMP00771,CRS0107,2024-06-06,Completed,2.3,32.4
EMP00771,CRS0058,2024-12-06,Completed,2.7,37.9
EMP00771,CRS0094,2025-08-04,In Progress,,39.0
EMP00772,CRS0102,2026-03-07,Completed,3.3,8.4
EMP00772,CRS0107,2024-11-10,Completed,3.3,18.9
EMP00773,CRS0012,2026-10-20,Completed,2.4,20.8
EMP00773,CRS0095,2026-06-06,In Progress,,20.7
EMP00773,CRS0121,2026-10-23,Completed,2.4,22.0
EMP00773,CRS0022,2026-12-04,Dropped,,37.1
EMP00773,CRS0128,2024-08-04,Completed,4.2,34.8
EMP00773,CRS0087,2025-03-24,Completed,4.9,5.6
EMP00774,CRS0030,2025-08-07,Completed,3.1,13.6
EMP00774,CRS0041,2024-12-16,Completed,4.0,9.7
EMP00774,CRS0075,2025-02-19,In Progress,,35.6
EMP00774,CRS0129,2025-07-20,In Progress,,2.0
EMP00775,CRS0080,2025-01-04,Completed,4.2,2.2
EMP00775,CRS0082,2025-02-15,Completed,4.4,37.5
EMP00775,CRS0014,2024-02-04,Completed,2.3,26.7
EMP00775,CRS0139,2026-04-28,In Progress,,19.2
EMP00776,CRS0134,2025-08-19,Completed,2.1,11.3
EMP00776,CRS0023,2024-01-03,Completed,4.9,18.0
EMP00777,CRS0017,2026-03-28,In Progress,,35.2
EMP00777,CRS0082,2024-05-25,Completed,2.4,35.1
EMP00777,CRS0075,2026-12-27,In Progress,,13.5
EMP00777,CRS0034,2025-06-10,Completed,2.4,35.4
EMP00777,CRS0103,2024-05-25,In Progress,,37.8
EMP00777,CRS0015,2024-11-14,Completed,2.4,38.2
EMP00778,CRS0033,2024-04-17,Dropped,,11.9
EMP00778,CRS0019,2025-02-21,In Progress,,37.8
EMP00778,CRS0021,2024-05-23,In Progress,,25.3
EMP00778,CRS0109,2025-05-14,Completed,3.0,4.5
EMP00779,CRS0084,2025-10-26,Dropped,,30.6
EMP00779,CRS0049,2026-05-04,Completed,3.3,31.6
EMP00779,CRS0060,2026-02-08,Completed,4.6,20.1
EMP00779,CRS0026,2024-11-04,Completed,2.9,18.2
EMP00780,CRS0128,2026-07-19,Completed,4.1,26.3
EMP00780,CRS0140,2025-12-13,In Progress,,30.5
EMP00781,CRS0029,2026-06-21,Completed,2.0,6.0
EMP00781,CRS0135,2025-08-10,In Progress,,12.6
EMP00782,CRS0062,2026-08-08,Dropped,,33.5
EMP00782,CRS0061,2026-07-17,Completed,3.8,3.3
EMP00782,CRS0069,2025-04-03,In Progress,,7.9
EMP00782,CRS0058,2025-06-02,In Progress,,34.0
EMP00782,CRS0096,2025-01-03,Completed,2.0,23.4
EMP00783,CRS0133,2025-11-01,Completed,3.7,28.5
EMP00783,CRS0084,2026-01-11,In Progress,,15.6
EMP00784,CRS0009,2024-07-13,Completed,3.6,19.0
EMP00784,CRS0090,2026-10-21,Completed,3.2,9.8
EMP00784,CRS0124,2025-11-04,In Progress,,12.9
EMP00784,CRS0040,2026-12-24,Completed,3.0,12.2
EMP00785,CRS0046,2026-11-02,Dropped,,39.9
EMP00785,CRS0125,2024-03-22,Completed,4.4,5.4
EMP00785,CRS0132,2026-06-20,In Progress,,19.5
EMP00785,CRS0007,2024-04-08,Completed,3.7,31.6
EMP00785,CRS0131,2025-08-16,Dropped,,9.0
EMP00786,CRS0089,2025-02-14,Completed,3.0,30.8
EMP00786,CRS0001,2025-02-07,Completed,3.4,6.4
EMP00786,CRS0055,2025-04-05,Completed,2.5,26.8
EMP00787,CRS0081,2024-02-22,In Progress,,34.8
EMP00787,CRS0126,2024-10-09,In Progress,,29.5
EMP00787,CRS0060,2025-05-04,Completed,3.3,11.1
EMP00788,CRS0131,2025-10-05,Completed,2.2,34.7
EMP00788,CRS0117,2025-04-28,In Progress,,34.2
EMP00788,CRS0017,2024-10-12,Dropped,,32.7
EMP00788,CRS0074,2025-08-20,Completed,4.5,28.0
EMP00789,CRS0058,2026-12-21,Completed,3.0,7.7
EMP00789,CRS0102,2024-03-19,Completed,4.9,31.8
EMP00789,CRS0076,2026-11-03,Completed,2.7,5.9
EMP00789,CRS0047,2025-06-07,Completed,2.6,6.1
EMP00789,CRS0126,2025-07-19,Completed,4.3,3.7
EMP00789,CRS0054,2025-12-24,Completed,3.6,31.5
EMP00790,CRS0044,2024-01-18,Completed,4.2,8.9
EMP00790,CRS0055,2026-08-02,Completed,2.7,30.6
EMP00791,CRS0078,2026-08-17,Dropped,,39.0
EMP00791,CRS0054,2024-07-27,Completed,3.9,6.7
EMP00791,CRS0027,2024-07-21,Dropped,,23.0
EMP00791,CRS0064,2026-04-15,Completed,2.0,39.8
EMP00791,CRS0123,2025-09-10,Completed,2.3,10.8
EMP00791,CRS0004,2024-09-01,Completed,3.8,23.2
EMP00792,CRS0114,2026-02-04,In Progress,,32.6
EMP00792,CRS0072,2025-10-09,Completed,2.6,4.3
EMP00792,CRS0113,2025-01-15,Completed,2.9,15.9
EMP00793,CRS0004,2026-12-04,Completed,4.6,36.9
EMP00793,CRS0083,2024-11-18,In Progress,,31.6
EMP00793,CRS0060,2026-04-17,In Progress,,23.5
EMP00793,CRS0092,2024-12-18,Dropped,,4.2
EMP00793,CRS0130,2024-06-17,Completed,3.4,39.1
EMP00794,CRS0091,2024-04-24,Completed,2.9,14.2
EMP00794,CRS0057,2025-11-16,Completed,4.3,16.5
EMP00794,CRS0119,2024-04-03,Completed,4.7,28.5
EMP00794,CRS0018,2025-12-03,Completed,4.4,4.6
EMP00794,CRS0096,2026-06-11,Dropped,,39.6
EMP00795,CRS0007,2026-01-08,Completed,2.3,9.2
EMP00795,CRS0063,2024-04-16,Completed,3.9,39.0
EMP00795,CRS0126,2024-09-19,Completed,4.0,3.0
EMP00796,CRS0014,2024-01-16,Dropped,,16.1
EMP00796,CRS0004,2025-08-23,Completed,2.3,8.9
EMP00796,CRS0074,2025-04-05,Completed,2.9,23.2
EMP00797,CRS0083,2026-01-11,In Progress,,23.9
EMP00797,CRS0016,2025-10-21,In Progress,,10.3
EMP00797,CRS0109,2024-12-24,Completed,2.1,19.1
EMP00797,CRS0085,2026-10-01,Completed,3.0,22.9
EMP00798,CRS0081,2026-10-25,Dropped,,22.4
EMP00798,CRS0083,2025-09-28,In Progress,,38.8
EMP00798,CRS0003,2025-05-11,In Progress,,37.5
EMP00799,CRS0084,2025-01-21,Completed,2.6,38.8
EMP00799,CRS0115,2025-12-22,Completed,2.3,36.0
EMP00799,CRS0138,2024-10-26,Completed,3.5,39.5
EMP00799,CRS0021,2025-06-20,Completed,2.4,17.0
EMP00799,CRS0068,2024-01-03,In Progress,,27.8
EMP00800,CRS0066,2026-09-02,In Progress,,15.3
EMP00800,CRS0021,2025-05-14,Completed,3.4,23.7
EMP00800,CRS0078,2024-01-02,Completed,3.6,2.2
EMP00801,CRS0010,2025-09-26,Completed,3.1,25.7
EMP00801,CRS0006,2025-06-06,Completed,4.2,22.3
EMP00801,CRS0075,2026-10-20,Completed,2.1,39.8
EMP00801,CRS0106,2025-08-14,Completed,2.8,18.1
EMP00802,CRS0022,2026-02-03,Completed,4.1,24.9
EMP00802,CRS0050,2026-02-26,Dropped,,6.3
EMP00803,CRS0091,2024-02-11,Completed,3.0,2.9
EMP00803,CRS0046,2024-08-09,Dropped,,18.7
EMP00803,CRS0096,2025-12-22,Completed,3.3,12.4
EMP00803,CRS0016,2024-11-02,Completed,2.6,31.3
EMP00803,CRS0031,2024-12-08,In Progress,,35.9
EMP00804,CRS0118,2025-02-14,Completed,2.5,13.7
EMP00804,CRS0103,2026-07-10,Completed,4.8,12.6
EMP00805,CRS0130,2026-02-28,Completed,4.0,10.7
EMP00805,CRS0047,2025-11-05,Completed,4.4,11.2
EMP00805,CRS0065,2025-12-20,Completed,4.2,27.9
EMP00805,CRS0079,2026-08-24,In Progress,,8.0
EMP00806,CRS0024,2025-01-01,Dropped,,23.9
EMP00806,CRS0069,2026-05-13,Completed,2.9,14.9
EMP00806,CRS0077,2026-12-10,Completed,4.9,24.0
EMP00806,CRS0136,2026-01-21,Completed,4.5,21.1
EMP00807,CRS0063,2024-08-17,In Progress,,19.9
EMP00807,CRS0123,2025-02-19,Completed,2.7,34.5
EMP00807,CRS0102,2024-09-19,Completed,3.6,6.7
EMP00807,CRS0108,2025-07-23,Completed,3.3,32.7
EMP00807,CRS0066,2026-10-03,Dropped,,30.6
EMP00808,CRS0031,2024-02-15,Completed,3.7,26.6
EMP00808,CRS0049,2024-09-26,Completed,3.7,34.1
EMP00808,CRS0094,2026-02-01,Completed,4.3,19.0
EMP00808,CRS0042,2024-12-19,Completed,4.5,18.6
EMP00808,CRS0098,2025-08-02,In Progress,,33.3
EMP00808,CRS0065,2025-08-16,In Progress,,34.5
EMP00809,CRS0070,2024-03-12,Completed,3.4,34.2
EMP00809,CRS0009,2026-02-12,Dropped,,30.5
EMP00810,CRS0073,2025-11-07,Completed,4.4,7.0
EMP00810,CRS0066,2026-09-09,Completed,4.8,12.2
EMP00810,CRS0010,2026-08-13,Completed,4.2,29.0
EMP00810,CRS0138,2026-07-07,Dropped,,37.7
EMP00811,CRS0087,2026-06-07,Completed,4.7,14.7
EMP00811,CRS0070,2024-08-24,In Progress,,28.1
EMP00811,CRS0048,2024-08-13,Completed,3.6,28.9
EMP00812,CRS0084,2025-07-01,In Progress,,26.5
EMP00812,CRS0130,2026-01-26,Completed,4.8,32.8
EMP00812,CRS0128,2025-05-18,Completed,4.3,18.5
EMP00812,CRS0016,2025-04-23,Completed,4.7,24.8
EMP00812,CRS0070,2025-02-14,Completed,2.2,20.3
EMP00812,CRS0041,2025-11-17,Completed,3.4,35.1
EMP00813,CRS0036,2026-02-13,Completed,2.9,39.8
EMP00813,CRS0072,2024-11-16,Completed,4.0,24.1
EMP00813,CRS0126,2024-06-02,In Progress,,15.0
EMP00813,CRS0028,2026-08-17,Completed,3.8,15.2
EMP00814,CRS0123,2024-09-03,Completed,2.2,27.5
EMP00814,CRS0131,2026-10-01,Completed,4.3,30.5
EMP00815,CRS0054,2026-03-25,Completed,4.5,18.4
EMP00815,CRS0123,2024-09-01,In Progress,,25.7
EMP00815,CRS0077,2025-10-20,Completed,3.1,23.9
EMP00816,CRS0031,2024-04-03,Completed,2.9,36.2
EMP00816,CRS0045,2026-08-20,Dropped,,22.6
EMP00817,CRS0068,2024-02-21,Dropped,,24.4
EMP00817,CRS0112,2026-12-02,Completed,4.4,33.4
EMP00818,CRS0099,2024-09-22,Completed,4.8,13.0
EMP00818,CRS0111,2026-12-10,Completed,3.4,35.5
EMP00818,CRS0065,2025-07-08,In Progress,,22.1
EMP00818,CRS0040,2026-11-25,Completed,3.4,13.6
EMP00819,CRS0014,2024-11-26,In Progress,,20.0
EMP00819,CRS0063,2024-07-06,Completed,3.4,9.8
EMP00819,CRS0003,2024-03-14,Completed,4.8,14.5
EMP00819,CRS0046,2026-11-10,Completed,3.8,12.6
EMP00820,CRS0063,2026-09-19,Completed,2.7,21.4
EMP00820,CRS0120,2024-03-28,In Progress,,34.7
EMP00820,CRS0037,2025-08-09,Completed,3.3,8.3
EMP00820,CRS0102,2024-01-10,Completed,3.6,36.9
EMP00820,CRS0119,2024-10-13,Completed,3.1,35.1
EMP00820,CRS0125,2025-06-06,In Progress,,38.4
EMP00821,CRS0026,2025-01-09,Completed,3.5,7.3
EMP00821,CRS0082,2024-10-03,Completed,4.7,19.5
EMP00821,CRS0125,2026-04-15,Completed,4.3,12.6
EMP00821,CRS0057,2025-09-04,Completed,4.8,18.0
EMP00822,CRS0102,2024-11-03,Completed,3.7,16.1
EMP00822,CRS0057,2025-06-13,Completed,2.3,14.3
EMP00822,CRS0092,2024-08-02,Completed,2.7,35.3
EMP00822,CRS0082,2026-02-22,In Progress,,29.5
EMP00823,CRS0071,2024-01-06,Completed,2.1,21.0
EMP00823,CRS0049,2026-08-07,Dropped,,28.8
EMP00823,CRS0024,2026-11-02,Completed,2.7,24.6
EMP00823,CRS0116,2026-05-19,Completed,4.7,2.2
EMP00823,CRS0093,2026-10-28,Completed,2.5,33.4
EMP00824,CRS0041,2024-09-13,Dropped,,17.8
EMP00824,CRS0067,2025-01-06,Completed,4.5,24.6
EMP00824,CRS0004,2024-05-08,Dropped,,13.9
EMP00825,CRS0139,2024-01-10,Completed,4.5,29.0
EMP00825,CRS0011,2024-02-23,Completed,2.2,14.0
EMP00825,CRS0071,2026-07-02,Completed,4.8,25.2
EMP00825,CRS0121,2025-10-25,In Progress,,7.7
EMP00826,CRS0071,2025-09-27,Completed,3.3,34.2
EMP00826,CRS0127,2025-08-12,In Progress,,16.3
EMP00826,CRS0125,2025-05-25,Completed,2.8,8.8
EMP00827,CRS0100,2025-02-25,In Progress,,28.3
EMP00827,CRS0068,2025-02-24,In Progress,,20.7
EMP00828,CRS0041,2024-10-16,Completed,3.1,23.1
EMP00828,CRS0128,2025-08-02,In Progress,,34.8
EMP00828,CRS0028,2025-06-02,Completed,3.2,30.0
EMP00828,CRS0030,2025-05-24,Completed,4.2,5.5
EMP00828,CRS0077,2024-12-13,Completed,4.9,11.9
EMP00828,CRS0025,2024-12-12,Completed,3.9,22.1
EMP00829,CRS0017,2026-09-22,In Progress,,10.6
EMP00829,CRS0085,2026-05-20,Completed,4.3,8.7
EMP00830,CRS0012,2025-03-28,Completed,3.7,21.2
EMP00830,CRS0076,2025-11-18,Dropped,,2.2
EMP00830,CRS0037,2026-02-09,Completed,4.0,3.7
EMP00830,CRS0066,2026-04-20,Completed,3.1,20.0
EMP00830,CRS0017,2025-07-24,In Progress,,31.9
EMP00831,CRS0013,2025-01-01,Completed,4.6,31.8
EMP00831,CRS0081,2024-12-27,In Progress,,18.4
EMP00832,CRS0090,2024-09-10,Dropped,,23.0
EMP00832,CRS0029,2025-02-17,Dropped,,15.8
EMP00832,CRS0138,2024-07-14,Completed,4.8,20.3
EMP00832,CRS0002,2024-03-18,Completed,4.1,25.0
EMP00832,CRS0115,2024-05-07,In Progress,,13.4
EMP00833,CRS0039,2025-10-16,Completed,3.4,8.7
EMP00833,CRS0029,2025-05-26,Completed,2.6,38.2
EMP00834,CRS0135,2026-05-26,Completed,4.3,15.1
EMP00834,CRS0027,2025-10-24,Completed,3.4,35.4
EMP00835,CRS0139,2024-09-07,In Progress,,32.3
EMP00835,CRS0008,2026-01-05,Completed,4.2,34.7
EMP00835,CRS0024,2024-07-28,Completed,4.5,3.5
EMP00835,CRS0046,2025-12-08,Completed,4.2,29.9
EMP00835,CRS0043,2025-10-12,Completed,2.7,16.1
EMP00835,CRS0088,2025-02-13,In Progress,,25.7
EMP00836,CRS0097,2025-09-28,Dropped,,17.4
EMP00836,CRS0020,2024-03-25,Completed,4.6,9.3
EMP00836,CRS0112,2025-04-05,Completed,4.9,16.3
EMP00836,CRS0106,2024-06-28,In Progress,,25.5
EMP00836,CRS0039,2024-07-20,Completed,2.1,22.9
EMP00837,CRS0005,2026-08-04,In Progress,,36.4
EMP00837,CRS0113,2024-11-10,In Progress,,22.4
EMP00837,CRS0119,2024-11-01,In Progress,,30.7
EMP00837,CRS0053,2025-04-28,Completed,3.0,13.1
EMP00838,CRS0060,2026-07-01,Completed,4.4,33.8
EMP00838,CRS0007,2026-08-02,In Progress,,25.2
EMP00838,CRS0002,2024-08-12,Completed,3.7,34.3
EMP00838,CRS0071,2026-01-21,Completed,2.0,12.7
EMP00838,CRS0111,2026-04-02,In Progress,,14.0
EMP00838,CRS0016,2026-10-01,Completed,2.0,20.6
EMP00839,CRS0117,2024-06-21,Completed,5.0,2.2
EMP00839,CRS0109,2024-10-18,In Progress,,36.1
EMP00839,CRS0068,2025-06-10,Dropped,,14.5
EMP00840,CRS0054,2026-03-17,Completed,2.9,16.5
EMP00840,CRS0139,2025-04-06,Completed,2.0,8.2
EMP00840,CRS0131,2025-02-11,Completed,4.1,38.6
EMP00840,CRS0001,2024-04-11,In Progress,,36.1
EMP00840,CRS0073,2025-09-17,Completed,3.4,5.5
EMP00841,CRS0089,2026-02-17,Dropped,,25.6
EMP00841,CRS0004,2026-02-27,Completed,2.3,2.9
EMP00841,CRS0093,2024-08-09,Completed,2.4,38.8
EMP00841,CRS0032,2025-02-11,Completed,2.1,12.4
EMP00841,CRS0054,2024-03-16,Completed,3.8,33.8
EMP00842,CRS0038,2026-03-22,Completed,4.5,9.7
EMP00842,CRS0098,2025-01-12,Completed,4.6,24.9
EMP00842,CRS0068,2024-03-10,Completed,3.2,3.7
EMP00842,CRS0115,2024-08-07,In Progress,,34.2
EMP00842,CRS0058,2026-06-18,Completed,2.9,5.3
EMP00843,CRS0057,2025-04-14,Completed,2.9,9.2
EMP00843,CRS0111,2025-12-11,Completed,4.1,5.2
EMP00844,CRS0072,2024-05-13,In Progress,,24.2
EMP00844,CRS0096,2024-09-15,In Progress,,32.0
EMP00844,CRS0108,2024-04-22,Completed,3.7,35.3
EMP00844,CRS0031,2024-05-05,In Progress,,6.9
EMP00844,CRS0095,2024-12-17,In Progress,,10.0
EMP00844,CRS0009,2026-07-01,Completed,4.3,5.9
EMP00845,CRS0084,2025-04-25,Completed,2.8,2.9
EMP00845,CRS0007,2025-07-17,In Progress,,36.8
EMP00845,CRS0040,2024-07-02,Completed,2.1,21.0
EMP00846,CRS0119,2025-04-14,In Progress,,25.0
EMP00846,CRS0081,2025-04-17,Completed,3.1,38.9
EMP00846,CRS0123,2024-04-07,Completed,3.7,22.0
EMP00847,CRS0118,2024-05-15,Completed,4.4,24.1
EMP00847,CRS0008,2024-09-23,Completed,3.9,19.7
EMP00848,CRS0036,2026-11-06,In Progress,,17.3
EMP00848,CRS0027,2026-10-13,Completed,4.0,35.4
EMP00848,CRS0001,2025-09-22,Completed,3.1,35.6
EMP00848,CRS0130,2024-08-19,Dropped,,4.4
EMP00848,CRS0106,2024-09-22,Completed,4.2,8.2
EMP00849,CRS0097,2026-03-06,Completed,4.3,27.7
EMP00849,CRS0083,2025-10-15,Completed,2.3,25.2
EMP00849,CRS0129,2026-04-09,Completed,2.4,23.2
EMP00849,CRS0006,2025-12-09,Completed,2.0,22.8
EMP00850,CRS0136,2024-05-14,In Progress,,22.3
EMP00850,CRS0117,2025-12-15,Dropped,,14.1
EMP00850,CRS0012,2025-01-06,Dropped,,26.1
EMP00850,CRS0070,2026-01-14,Completed,2.2,39.8
EMP00851,CRS0107,2026-08-24,Completed,2.9,26.3
EMP00851,CRS0077,2026-03-21,Completed,4.5,10.0
EMP00851,CRS0015,2024-08-04,In Progress,,28.8
EMP00851,CRS0082,2026-08-01,Completed,4.2,35.2
EMP00851,CRS0122,2025-08-18,Completed,4.7,14.7
EMP00852,CRS0061,2024-08-22,Completed,2.2,33.1
EMP00852,CRS0113,2026-10-09,Completed,4.9,12.3
EMP00853,CRS0064,2024-12-26,Dropped,,8.0
EMP00853,CRS0051,2025-07-05,Completed,3.9,25.4
EMP00853,CRS0029,2025-09-09,Completed,2.9,2.5
EMP00853,CRS0128,2024-02-11,In Progress,,17.2
EMP00854,CRS0115,2026-06-27,Completed,3.8,20.5
EMP00854,CRS0076,2025-11-28,Completed,3.9,14.0
EMP00854,CRS0105,2025-07-15,Completed,2.8,23.4
EMP00854,CRS0099,2025-03-05,Completed,2.5,25.1
EMP00854,CRS0036,2026-05-02,Dropped,,18.0
EMP00855,CRS0007,2024-09-14,Completed,2.5,29.3
EMP00855,CRS0026,2024-10-05,In Progress,,22.0
EMP00855,CRS0081,2026-10-17,In Progress,,33.7
EMP00855,CRS0067,2025-07-21,Completed,2.5,26.6
EMP00855,CRS0027,2025-02-02,Completed,3.3,23.4
EMP00856,CRS0093,2025-04-16,Completed,3.9,4.0
EMP00856,CRS0103,2025-10-06,In Progress,,5.0
EMP00856,CRS0096,2024-11-13,Completed,3.4,25.8
EMP00857,CRS0014,2025-11-27,Completed,3.3,34.7
EMP00857,CRS0020,2026-01-19,Completed,4.4,4.9
EMP00858,CRS0002,2026-10-28,Completed,3.3,15.5
EMP00858,CRS0013,2026-04-02,Completed,3.0,13.8
EMP00859,CRS0025,2025-03-21,In Progress,,35.0
EMP00859,CRS0122,2025-11-23,In Progress,,20.7
EMP00860,CRS0002,2026-11-18,In Progress,,7.0
EMP00860,CRS0081,2024-01-16,Completed,4.8,19.4
EMP00860,CRS0047,2024-07-13,In Progress,,9.5
EMP00861,CRS0103,2024-02-27,Completed,3.6,27.4
EMP00861,CRS0028,2024-11-05,Completed,2.6,36.7
EMP00861,CRS0012,2024-03-15,Completed,4.9,17.5
EMP00861,CRS0115,2025-04-10,Dropped,,36.5
EMP00862,CRS0079,2025-08-22,Completed,3.0,9.3
EMP00862,CRS0106,2025-01-06,In Progress,,5.0
EMP00862,CRS0087,2024-12-27,Completed,4.1,35.3
EMP00862,CRS0036,2026-12-16,Dropped,,38.2
EMP00862,CRS0111,2025-06-19,Completed,3.8,36.2
EMP00862,CRS0092,2025-12-03,Dropped,,9.1
EMP00863,CRS0083,2024-07-09,In Progress,,3.9
EMP00863,CRS0042,2026-04-21,In Progress,,2.8
EMP00863,CRS0136,2025-08-23,Dropped,,7.1
EMP00863,CRS0043,2024-12-05,Completed,3.9,12.9
EMP00864,CRS0080,2026-01-10,In Progress,,29.8
EMP00864,CRS0089,2025-03-09,Dropped,,36.1
EMP00864,CRS0117,2026-08-05,Completed,4.3,29.3
EMP00864,CRS0135,2026-04-22,In Progress,,32.0
EMP00864,CRS0110,2024-07-15,In Progress,,5.9
EMP00864,CRS0128,2024-01-20,Completed,4.4,35.1
EMP00865,CRS0114,2024-09-05,Completed,3.9,7.0
EMP00865,CRS0075,2025-01-28,Completed,3.5,38.5
EMP00865,CRS0045,2026-02-01,In Progress,,12.8
EMP00865,CRS0131,2026-02-12,Completed,3.1,23.4
EMP00865,CRS0043,2026-05-08,In Progress,,33.5
EMP00865,CRS0064,2025-02-21,Completed,5.0,35.9
EMP00866,CRS0058,2026-08-23,Dropped,,12.5
EMP00866,CRS0074,2026-04-03,Completed,4.3,17.7
EMP00866,CRS0053,2025-10-21,Dropped,,11.1
EMP00867,CRS0062,2025-06-20,In Progress,,26.9
EMP00867,CRS0083,2026-02-05,Completed,3.4,39.9
EMP00867,CRS0116,2024-03-13,Completed,2.2,5.8
EMP00867,CRS0139,2026-02-11,Completed,2.5,38.9
EMP00868,CRS0068,2025-01-16,In Progress,,26.2
EMP00868,CRS0127,2026-06-21,Completed,4.6,18.9
EMP00868,CRS0130,2024-07-22,In Progress,,26.3
EMP00868,CRS0056,2025-12-22,Completed,3.3,8.8
EMP00869,CRS0034,2026-09-02,Completed,2.0,31.2
EMP00869,CRS0110,2026-12-28,Completed,3.5,20.3
EMP00869,CRS0086,2025-08-22,Completed,3.3,37.1
EMP00870,CRS0042,2025-06-09,Completed,4.4,32.8
EMP00870,CRS0049,2026-11-08,Completed,4.6,32.6
EMP00870,CRS0112,2025-12-19,Dropped,,36.8
EMP00870,CRS0050,2026-10-01,Completed,2.5,32.7
EMP00871,CRS0108,2024-08-10,Completed,3.8,23.9
EMP00871,CRS0091,2025-02-12,Completed,4.4,33.6
EMP00872,CRS0058,2024-02-26,Dropped,,18.9
EMP00872,CRS0050,2025-06-13,In Progress,,26.4
EMP00872,CRS0053,2025-12-04,In Progress,,25.4
EMP00872,CRS0019,2026-01-05,In Progress,,16.4
EMP00873,CRS0006,2026-10-12,Completed,3.6,13.7
EMP00873,CRS0012,2026-08-02,In Progress,,33.2
EMP00874,CRS0090,2026-01-28,Completed,4.8,10.6
EMP00874,CRS0031,2026-01-11,Completed,3.3,5.6
EMP00875,CRS0127,2026-03-23,Completed,3.7,26.1
EMP00875,CRS0099,2025-11-27,In Progress,,38.3
EMP00875,CRS0054,2024-07-17,In Progress,,31.4
EMP00876,CRS0122,2026-08-05,Completed,2.8,32.1
EMP00876,CRS0082,2025-08-20,In Progress,,3.0
EMP00876,CRS0050,2025-05-21,Completed,2.3,34.7
EMP00876,CRS0023,2026-12-19,Completed,4.4,32.4
EMP00876,CRS0020,2026-11-13,Completed,2.8,38.8
EMP00876,CRS0090,2025-01-19,Completed,2.8,9.7
EMP00877,CRS0127,2024-11-21,In Progress,,19.1
EMP00877,CRS0115,2024-06-22,Completed,3.0,26.6
EMP00877,CRS0020,2026-02-26,Completed,3.6,15.3
EMP00878,CRS0050,2024-01-16,In Progress,,18.5
EMP00878,CRS0023,2026-06-14,Completed,2.3,12.6
EMP00879,CRS0020,2026-06-02,In Progress,,38.8
EMP00879,CRS0105,2024-02-01,In Progress,,10.9
EMP00879,CRS0104,2025-06-15,Dropped,,16.9
EMP00879,CRS0118,2026-07-12,Completed,2.9,16.1
EMP00879,CRS0097,2026-03-19,In Progress,,35.5
EMP00880,CRS0123,2026-03-08,Completed,3.6,25.3
EMP00880,CRS0078,2025-12-06,Completed,3.8,13.3
EMP00880,CRS0022,2025-02-27,Completed,4.1,26.2
EMP00880,CRS0016,2025-04-27,Completed,4.5,10.4
EMP00880,CRS0087,2024-05-06,In Progress,,2.5
EMP00881,CRS0001,2026-07-04,Completed,2.2,23.9
EMP00881,CRS0126,2024-07-13,Completed,2.2,6.2
EMP00881,CRS0136,2025-01-11,Completed,3.8,10.4
EMP00881,CRS0018,2026-10-21,Completed,2.8,6.5
EMP00881,CRS0107,2026-07-22,In Progress,,19.8
EMP00881,CRS0039,2025-08-02,Completed,3.8,39.2
EMP00882,CRS0100,2026-04-01,In Progress,,7.7
EMP00882,CRS0013,2025-12-16,Completed,4.3,22.6
EMP00882,CRS0119,2026-03-09,Completed,3.7,21.3
EMP00882,CRS0070,2026-07-17,In Progress,,19.3
EMP00882,CRS0108,2025-03-15,In Progress,,22.4
EMP00882,CRS0018,2024-12-08,Dropped,,37.0
EMP00883,CRS0010,2025-10-12,Completed,3.0,20.5
EMP00883,CRS0113,2024-07-15,Completed,4.4,9.4
EMP00884,CRS0023,2024-05-01,Completed,4.3,21.8
EMP00884,CRS0017,2025-07-10,Completed,4.7,8.9
EMP00884,CRS0084,2024-11-08,Dropped,,26.4
EMP00885,CRS0021,2024-11-04,In Progress,,8.4
EMP00885,CRS0108,2025-09-03,Completed,3.7,26.3
EMP00885,CRS0084,2026-10-03,In Progress,,6.5
EMP00885,CRS0015,2024-07-26,Completed,3.5,4.8
EMP00885,CRS0072,2025-10-02,Completed,2.1,12.5
EMP00886,CRS0111,2024-06-04,Completed,3.0,32.6
EMP00886,CRS0079,2024-08-18,Completed,2.7,11.7
EMP00886,CRS0073,2026-02-20,Completed,2.3,34.9
EMP00886,CRS0068,2026-10-02,Dropped,,8.1
EMP00887,CRS0129,2025-09-03,Dropped,,3.9
EMP00887,CRS0110,2025-02-14,In Progress,,33.6
EMP00888,CRS0100,2025-03-01,In Progress,,33.7
EMP00888,CRS0025,2024-06-24,Completed,4.6,3.9
EMP00888,CRS0027,2025-11-01,Completed,4.9,23.1
EMP00888,CRS0123,2026-10-23,Completed,3.9,20.4
EMP00888,CRS0120,2024-01-08,Completed,3.5,12.8
EMP00889,CRS0051,2025-02-15,Completed,4.2,21.8
EMP00889,CRS0022,2024-11-10,Completed,3.7,18.5
EMP00890,CRS0078,2024-03-12,Completed,4.5,34.8
EMP00890,CRS0120,2024-07-08,Completed,3.7,5.1
EMP00890,CRS0108,2024-08-25,Completed,4.8,33.7
EMP00890,CRS0068,2025-10-10,Completed,4.3,4.1
EMP00890,CRS0026,2026-03-08,In Progress,,8.3
EMP00890,CRS0070,2025-04-23,Completed,4.2,30.2
EMP00891,CRS0066,2025-11-28,Completed,3.9,6.5
EMP00891,CRS0138,2024-11-12,Completed,3.2,12.5
EMP00891,CRS0047,2026-09-25,In Progress,,5.9
EMP00891,CRS0024,2024-03-07,In Progress,,39.3
EMP00892,CRS0093,2025-03-22,Completed,3.4,36.1
EMP00892,CRS0004,2025-04-09,Dropped,,10.4
EMP00892,CRS0130,2024-10-12,In Progress,,5.6
EMP00892,CRS0056,2026-07-11,In Progress,,20.3
EMP00892,CRS0127,2024-08-07,Dropped,,8.3
EMP00893,CRS0096,2025-12-17,Completed,2.8,28.2
EMP00893,CRS0005,2024-10-10,Completed,4.7,31.7
EMP00893,CRS0004,2026-07-06,Completed,4.6,22.6
EMP00894,CRS0089,2024-07-25,Completed,4.6,30.5
EMP00894,CRS0134,2025-12-07,Completed,3.9,35.0
EMP00894,CRS0113,2026-03-27,Completed,3.6,16.0
EMP00894,CRS0047,2024-12-22,In Progress,,17.9
EMP00895,CRS0105,2024-03-21,Completed,2.1,5.2
EMP00895,CRS0118,2024-05-25,Dropped,,30.4
EMP00896,CRS0074,2026-09-17,Completed,3.0,16.4
EMP00896,CRS0114,2026-08-03,In Progress,,18.0
EMP00897,CRS0113,2025-04-17,Completed,2.1,32.7
EMP00897,CRS0138,2024-03-23,Completed,4.8,22.9
EMP00897,CRS0121,2026-10-13,Completed,4.3,10.5
EMP00898,CRS0116,2025-06-04,In Progress,,16.8
EMP00898,CRS0094,2024-03-01,Completed,3.0,16.6
EMP00898,CRS0050,2025-07-27,Completed,4.6,9.8
EMP00898,CRS0125,2026-10-22,Completed,2.8,39.3
EMP00899,CRS0032,2024-12-14,Completed,4.0,37.8
EMP00899,CRS0054,2026-05-11,Completed,4.4,9.7
EMP00899,CRS0133,2026-04-17,Completed,4.9,27.0
EMP00899,CRS0015,2024-07-05,In Progress,,25.4
EMP00899,CRS0115,2026-07-01,Dropped,,21.6
EMP00900,CRS0048,2024-01-08,In Progress,,32.2
EMP00900,CRS0125,2025-10-11,Completed,2.6,2.5
EMP00900,CRS0130,2025-03-11,In Progress,,26.7
EMP00900,CRS0096,2025-02-05,Completed,4.1,16.6
EMP00901,CRS0082,2024-11-18,Completed,3.7,32.2
EMP00901,CRS0044,2026-07-25,In Progress,,30.9
EMP00901,CRS0136,2024-08-04,Completed,2.2,35.6
EMP00902,CRS0045,2026-11-11,Completed,4.9,21.4
EMP00902,CRS0053,2025-05-26,Dropped,,27.2
EMP00902,CRS0103,2025-03-25,In Progress,,10.0
EMP00902,CRS0007,2026-12-16,Completed,2.6,18.4
EMP00903,CRS0107,2025-04-17,In Progress,,21.2
EMP00903,CRS0055,2024-10-16,In Progress,,28.5
EMP00903,CRS0058,2025-09-23,Completed,3.5,38.4
EMP00903,CRS0019,2026-02-18,In Progress,,8.7
EMP00903,CRS0020,2026-12-16,In Progress,,3.3
EMP00904,CRS0119,2026-12-15,Completed,2.5,16.7
EMP00904,CRS0043,2026-04-04,Completed,2.0,4.2
EMP00904,CRS0024,2024-05-06,Completed,3.5,6.3
EMP00904,CRS0059,2025-06-17,In Progress,,35.0
EMP00905,CRS0024,2025-06-05,Completed,2.1,11.9
EMP00905,CRS0021,2025-02-18,In Progress,,8.4
EMP00905,CRS0137,2026-06-08,In Progress,,5.9
EMP00905,CRS0082,2024-08-20,Completed,2.1,39.0
EMP00905,CRS0043,2025-02-08,In Progress,,8.9
EMP00905,CRS0007,2026-11-01,Completed,3.9,7.9
EMP00906,CRS0056,2026-11-18,Dropped,,8.7
EMP00906,CRS0115,2026-05-01,In Progress,,5.5
EMP00907,CRS0071,2025-01-15,Completed,2.2,28.8
EMP00907,CRS0100,2026-12-10,Completed,4.7,8.0
EMP00908,CRS0013,2025-04-08,In Progress,,35.7
EMP00908,CRS0002,2024-07-23,Dropped,,15.8
EMP00908,CRS0112,2024-05-27,Completed,2.4,39.0
EMP00908,CRS0053,2024-08-08,In Progress,,12.3
EMP00909,CRS0093,2024-04-08,In Progress,,38.0
EMP00909,CRS0020,2025-08-07,In Progress,,3.1
EMP00910,CRS0039,2024-11-27,Dropped,,20.2
EMP00910,CRS0076,2025-06-08,Completed,3.7,27.9
EMP00911,CRS0013,2025-08-09,Completed,4.9,38.3
EMP00911,CRS0057,2026-01-23,Completed,3.8,24.3
EMP00911,CRS0099,2025-03-22,Completed,4.4,13.3
EMP00912,CRS0125,2025-06-01,Completed,2.7,6.6
EMP00912,CRS0093,2024-10-09,Dropped,,31.7
EMP00912,CRS0012,2025-06-17,In Progress,,36.4
EMP00912,CRS0024,2025-07-28,In Progress,,29.6
EMP00912,CRS0080,2024-02-17,In Progress,,26.4
EMP00913,CRS0006,2025-02-20,Completed,2.0,16.3
EMP00913,CRS0036,2026-01-27,Completed,4.8,2.3
EMP00914,CRS0029,2024-07-27,Completed,4.9,24.0
EMP00914,CRS0125,2025-01-09,Dropped,,20.0
EMP00914,CRS0090,2026-03-22,Completed,4.7,26.6
EMP00914,CRS0009,2024-12-20,Completed,3.5,37.9
EMP00914,CRS0117,2026-12-28,In Progress,,15.1
EMP00914,CRS0088,2024-01-05,Completed,4.5,26.3
EMP00915,CRS0066,2026-06-08,Completed,2.1,10.6
EMP00915,CRS0125,2025-05-26,Completed,3.1,13.2
EMP00916,CRS0121,2024-05-12,Dropped,,14.8
EMP00916,CRS0030,2024-01-05,Completed,3.1,38.4
EMP00916,CRS0113,2026-10-12,Completed,4.7,39.2
EMP00917,CRS0121,2025-12-05,Dropped,,11.7
EMP00917,CRS0051,2024-10-01,Completed,2.6,25.9
EMP00917,CRS0081,2024-11-17,Completed,4.8,11.9
EMP00917,CRS0109,2025-01-05,Completed,4.1,27.3
EMP00918,CRS0108,2024-03-06,Completed,3.5,31.8
EMP00918,CRS0002,2024-11-22,Completed,3.0,36.5
EMP00918,CRS0113,2025-03-06,Completed,2.8,5.5
EMP00919,CRS0008,2025-10-02,Completed,2.1,16.8
EMP00919,CRS0089,2026-02-15,Completed,3.6,23.1
EMP00919,CRS0077,2026-12-13,Completed,2.6,30.7
EMP00919,CRS0018,2026-03-26,Completed,4.7,3.0
EMP00919,CRS0126,2025-02-05,Completed,4.0,39.1
EMP00919,CRS0095,2025-05-13,In Progress,,31.7
EMP00920,CRS0105,2025-01-18,Completed,4.4,16.5
EMP00920,CRS0123,2024-11-28,Completed,3.1,30.3
EMP00920,CRS0097,2024-10-19,Dropped,,37.8
EMP00920,CRS0067,2026-10-06,Completed,3.1,35.5
EMP00921,CRS0111,2024-09-22,Completed,4.3,6.1
EMP00921,CRS0031,2025-03-01,In Progress,,14.2
EMP00921,CRS0003,2026-09-25,Completed,4.8,27.6
EMP00921,CRS0037,2024-10-26,Completed,4.5,6.5
EMP00921,CRS0134,2025-03-17,In Progress,,3.3
EMP00921,CRS0089,2024-06-07,In Progress,,32.8
EMP00922,CRS0111,2024-01-08,Completed,2.0,27.5
EMP00922,CRS0126,2026-07-21,Completed,3.6,2.7
EMP00923,CRS0119,2025-02-19,In Progress,,14.5
EMP00923,CRS0103,2025-05-12,Completed,3.8,39.2
EMP00923,CRS0037,2025-10-04,Dropped,,12.5
EMP00923,CRS0017,2025-07-16,In Progress,,11.4
EMP00923,CRS0032,2026-11-11,Completed,3.9,11.3
EMP00924,CRS0106,2025-03-24,Completed,3.4,8.2
EMP00924,CRS0127,2024-05-08,Completed,2.5,20.1
EMP00924,CRS0109,2026-10-03,Completed,2.1,27.7
EMP00924,CRS0081,2025-06-22,Completed,5.0,14.4
EMP00925,CRS0068,2024-08-13,In Progress,,13.7
EMP00925,CRS0017,2026-09-15,Completed,4.6,7.7
EMP00926,CRS0022,2026-05-06,Completed,3.4,2.3
EMP00926,CRS0111,2024-08-09,In Progress,,18.3
EMP00926,CRS0009,2024-09-02,In Progress,,10.2
EMP00926,CRS0091,2025-04-10,Completed,4.9,22.0
EMP00926,CRS0023,2026-02-26,Completed,3.0,27.6
EMP00927,CRS0037,2025-03-01,In Progress,,12.9
EMP00927,CRS0106,2024-12-12,Completed,2.8,22.5
EMP00927,CRS0032,2025-07-28,Completed,2.8,38.6
EMP00927,CRS0017,2024-11-04,Completed,4.7,39.6
EMP00927,CRS0028,2025-10-06,In Progress,,21.5
EMP00928,CRS0104,2025-04-18,Completed,3.9,35.7
EMP00928,CRS0060,2025-08-17,Completed,2.4,22.8
EMP00928,CRS0122,2025-06-14,In Progress,,35.8
EMP00928,CRS0005,2026-05-03,Completed,3.6,3.8
EMP00928,CRS0004,2026-03-10,Completed,3.9,30.5
EMP00929,CRS0103,2025-01-26,Completed,3.4,12.0
EMP00929,CRS0048,2024-02-09,Completed,2.7,32.7
EMP00929,CRS0135,2024-08-05,Completed,4.1,21.6
EMP00929,CRS0044,2024-09-24,In Progress,,24.4
EMP00930,CRS0079,2026-09-26,Completed,2.7,31.5
EMP00930,CRS0087,2024-11-03,In Progress,,12.5
EMP00931,CRS0074,2026-07-18,In Progress,,9.5
EMP00931,CRS0126,2024-12-16,In Progress,,9.7
EMP00931,CRS0106,2025-12-25,Completed,4.7,8.1
EMP00931,CRS0066,2024-11-19,Completed,3.7,15.8
EMP00931,CRS0048,2024-03-03,Completed,4.1,22.3
EMP00932,CRS0102,2025-02-24,Completed,4.0,11.3
EMP00932,CRS0125,2024-09-16,Completed,3.6,17.3
EMP00932,CRS0017,2025-12-22,Completed,5.0,19.9
EMP00933,CRS0136,2025-08-18,Completed,2.1,24.3
EMP00933,CRS0131,2025-10-21,Completed,3.6,27.4
EMP00933,CRS0019,2026-10-08,Completed,3.9,14.5
EMP00933,CRS0001,2026-03-26,Dropped,,39.8
EMP00934,CRS0115,2025-04-27,Completed,3.7,11.5
EMP00934,CRS0133,2026-03-08,In Progress,,24.4
EMP00934,CRS0025,2024-08-06,Dropped,,31.5
EMP00935,CRS0131,2024-04-02,Completed,4.4,27.5
EMP00935,CRS0107,2026-01-03,In Progress,,16.8
EMP00935,CRS0026,2025-01-03,In Progress,,12.6
EMP00935,CRS0022,2026-01-09,Completed,5.0,34.3
EMP00936,CRS0113,2025-03-10,Dropped,,9.7
EMP00936,CRS0027,2024-04-27,Completed,2.9,14.5
EMP00936,CRS0041,2026-02-16,Completed,3.9,23.1
EMP00936,CRS0010,2024-08-15,Dropped,,32.5
EMP00937,CRS0007,2026-10-02,In Progress,,17.5
EMP00937,CRS0107,2026-07-19,Completed,4.3,13.1
EMP00937,CRS0049,2025-07-23,Completed,3.9,38.4
EMP00937,CRS0085,2025-07-25,Completed,2.7,30.2
EMP00937,CRS0017,2024-06-16,Completed,4.6,12.3
EMP00938,CRS0124,2025-09-08,In Progress,,12.5
EMP00938,CRS0127,2026-12-07,Completed,3.6,27.9
EMP00938,CRS0135,2024-04-25,Completed,2.9,35.3
EMP00938,CRS0093,2024-05-09,Completed,5.0,3.4
EMP00938,CRS0036,2025-08-21,Completed,2.5,33.6
EMP00939,CRS0040,2024-10-11,Dropped,,32.9
EMP00939,CRS0031,2026-02-13,In Progress,,24.3
EMP00940,CRS0001,2026-05-01,Completed,3.2,31.0
EMP00940,CRS0060,2026-01-10,Completed,4.4,39.7
EMP00941,CRS0126,2026-01-17,Completed,3.3,35.9
EMP00941,CRS0066,2024-01-17,In Progress,,14.1
EMP00941,CRS0024,2026-08-01,Completed,4.6,25.4
EMP00942,CRS0129,2025-10-10,Completed,2.1,27.7
EMP00942,CRS0053,2025-06-15,Completed,4.7,4.5
EMP00942,CRS0021,2025-04-21,Completed,3.0,13.4
EMP00942,CRS0061,2026-08-22,Completed,2.2,2.4
EMP00942,CRS0033,2025-07-02,In Progress,,2.1
EMP00943,CRS0081,2025-02-02,In Progress,,31.0
EMP00943,CRS0123,2025-07-27,Completed,2.0,3.1
EMP00943,CRS0054,2024-11-11,Completed,4.6,32.6
EMP00943,CRS0134,2024-12-06,Completed,2.2,16.4
EMP00944,CRS0075,2024-05-07,In Progress,,5.5
EMP00944,CRS0096,2025-10-15,Completed,4.1,35.4
EMP00944,CRS0097,2025-07-26,Completed,3.0,32.1
EMP00944,CRS0119,2024-07-01,Completed,3.7,12.2
EMP00945,CRS0050,2026-07-19,Completed,3.9,25.1
EMP00945,CRS0061,2026-11-04,Completed,4.2,22.8
EMP00945,CRS0135,2024-05-04,Completed,4.3,21.7
EMP00945,CRS0140,2024-05-17,Completed,2.1,17.9
EMP00946,CRS0067,2025-10-02,Completed,3.7,11.2
EMP00946,CRS0086,2026-10-07,In Progress,,8.0
EMP00946,CRS0027,2026-05-10,In Progress,,24.8
EMP00946,CRS0036,2024-04-09,Completed,4.8,28.1
EMP00946,CRS0100,2025-08-20,Dropped,,29.1
EMP00947,CRS0008,2025-03-08,Completed,4.6,30.7
EMP00947,CRS0011,2025-08-28,Completed,3.9,37.8
EMP00947,CRS0122,2026-11-12,Completed,2.6,28.5
EMP00947,CRS0048,2024-07-16,Completed,4.4,12.8
EMP00947,CRS0088,2026-06-26,Completed,4.9,39.9
EMP00947,CRS0103,2024-12-05,Completed,4.1,9.7
EMP00948,CRS0099,2025-10-04,Completed,3.3,13.9
EMP00948,CRS0123,2026-05-11,In Progress,,3.1
EMP00948,CRS0056,2026-10-23,Completed,2.1,8.2
EMP00948,CRS0120,2026-09-05,Completed,2.9,23.3
EMP00949,CRS0115,2025-09-17,In Progress,,16.7
EMP00949,CRS0104,2025-10-28,Completed,3.5,39.6
EMP00949,CRS0072,2024-10-03,Completed,4.3,21.7
EMP00949,CRS0031,2026-12-08,Dropped,,13.3
EMP00949,CRS0061,2026-05-20,Completed,2.1,29.5
EMP00950,CRS0073,2025-03-12,Completed,2.8,19.4
EMP00950,CRS0075,2026-07-03,Completed,3.0,7.7
EMP00951,CRS0086,2025-01-15,Completed,3.9,22.9
EMP00951,CRS0065,2026-02-09,Completed,2.3,25.3
EMP00952,CRS0002,2024-04-11,Dropped,,37.7
EMP00952,CRS0062,2024-11-01,Completed,4.8,25.2
EMP00952,CRS0115,2025-08-01,Completed,3.9,22.3
EMP00952,CRS0140,2024-02-07,In Progress,,19.8
EMP00952,CRS0044,2026-11-06,Completed,4.0,10.2
EMP00953,CRS0101,2024-02-25,In Progress,,32.8
EMP00953,CRS0116,2024-09-13,Dropped,,31.6
EMP00953,CRS0123,2026-07-03,Completed,3.2,18.7
EMP00953,CRS0078,2026-07-07,Completed,2.7,10.6
EMP00954,CRS0031,2025-05-01,Completed,4.1,25.4
EMP00954,CRS0062,2025-10-16,Completed,3.2,15.9
EMP00954,CRS0003,2025-05-26,Completed,4.3,10.5
EMP00954,CRS0051,2025-05-04,Completed,2.8,23.4
EMP00954,CRS0037,2024-09-21,Completed,4.0,16.5
EMP00954,CRS0105,2026-10-08,Completed,2.2,8.7
EMP00955,CRS0130,2026-03-27,Dropped,,32.0
EMP00955,CRS0042,2024-05-21,Completed,2.7,16.6
EMP00955,CRS0137,2026-01-02,Completed,3.6,25.5
EMP00955,CRS0003,2024-04-03,Dropped,,24.8
EMP00956,CRS0035,2025-11-15,In Progress,,6.7
EMP00956,CRS0077,2024-08-14,Completed,4.1,28.4
EMP00956,CRS0004,2024-08-15,Completed,4.9,5.5
EMP00956,CRS0070,2026-12-28,In Progress,,29.7
EMP00957,CRS0062,2024-01-03,Completed,4.5,13.8
EMP00957,CRS0058,2025-07-03,Completed,2.8,14.2
EMP00957,CRS0085,2024-10-27,Completed,4.5,27.4
EMP00958,CRS0014,2026-11-16,Completed,2.2,13.7
EMP00958,CRS0107,2026-07-12,In Progress,,27.4
EMP00958,CRS0073,2026-07-12,In Progress,,10.1
EMP00958,CRS0017,2025-07-24,In Progress,,36.1
EMP00959,CRS0033,2025-08-22,Completed,4.3,12.7
EMP00959,CRS0016,2024-10-27,Completed,2.8,27.6
EMP00960,CRS0045,2026-05-27,Dropped,,14.9
EMP00960,CRS0131,2025-03-27,Completed,3.9,38.6
EMP00960,CRS0030,2025-12-21,Dropped,,27.4
EMP00960,CRS0077,2024-09-10,Completed,4.1,21.4
EMP00960,CRS0054,2025-02-08,Dropped,,19.3
EMP00960,CRS0086,2024-08-22,In Progress,,11.8
EMP00961,CRS0023,2024-11-09,Completed,4.6,35.6
EMP00961,CRS0129,2025-07-23,Completed,3.0,37.5
EMP00961,CRS0082,2024-11-21,Completed,2.4,17.3
EMP00961,CRS0005,2026-06-25,Completed,2.3,25.7
EMP00962,CRS0117,2025-09-09,In Progress,,10.8
EMP00962,CRS0056,2025-05-27,Completed,2.7,31.0
EMP00962,CRS0113,2026-06-09,In Progress,,22.8
EMP00962,CRS0040,2024-12-25,In Progress,,4.3
EMP00962,CRS0085,2024-08-18,Completed,3.7,37.5
EMP00962,CRS0062,2026-04-19,Completed,2.0,34.4
EMP00963,CRS0010,2026-04-06,In Progress,,26.1
EMP00963,CRS0062,2025-03-01,In Progress,,8.0
EMP00964,CRS0094,2025-10-16,In Progress,,35.7
EMP00964,CRS0095,2025-09-23,Completed,4.4,29.9
EMP00964,CRS0089,2024-10-19,Completed,5.0,10.7
EMP00964,CRS0098,2024-10-22,In Progress,,9.9
EMP00965,CRS0021,2024-09-28,Completed,3.3,18.7
EMP00965,CRS0139,2024-12-28,Completed,4.5,14.9
EMP00965,CRS0130,2025-09-07,In Progress,,11.2
EMP00965,CRS0131,2026-07-27,Completed,4.6,23.3
EMP00966,CRS0134,2025-07-06,In Progress,,30.6
EMP00966,CRS0075,2025-11-15,In Progress,,27.8
EMP00966,CRS0104,2024-09-26,Completed,2.6,7.9
EMP00966,CRS0005,2025-01-26,Completed,3.3,21.8
EMP00967,CRS0009,2024-08-10,Completed,4.4,24.2
EMP00967,CRS0034,2025-09-09,Completed,2.1,17.2
EMP00967,CRS0125,2024-03-10,Completed,3.5,25.3
EMP00967,CRS0088,2025-01-22,Completed,2.8,36.1
EMP00967,CRS0033,2024-09-21,Completed,3.9,23.8
EMP00967,CRS0012,2024-01-25,Completed,4.0,6.6
EMP00968,CRS0102,2025-10-26,Completed,4.9,4.7
EMP00968,CRS0126,2024-11-25,Completed,4.8,35.9
EMP00968,CRS0047,2025-05-16,Dropped,,17.8
EMP00969,CRS0008,2024-08-11,In Progress,,10.4
EMP00969,CRS0126,2024-09-08,Completed,2.4,28.6
EMP00970,CRS0050,2025-02-21,In Progress,,4.9
EMP00970,CRS0003,2024-06-06,In Progress,,10.4
EMP00971,CRS0012,2025-04-02,In Progress,,29.0
EMP00971,CRS0016,2026-11-08,Completed,2.1,13.3
EMP00971,CRS0127,2025-07-27,Completed,3.5,10.1
EMP00971,CRS0076,2025-02-02,In Progress,,39.4
EMP00971,CRS0018,2025-11-08,Completed,4.4,4.3
EMP00971,CRS0099,2026-03-03,Completed,3.4,22.2
EMP00972,CRS0032,2026-11-09,Completed,2.5,25.1
EMP00972,CRS0140,2026-01-24,Completed,4.4,33.6
EMP00972,CRS0031,2025-07-09,Completed,2.3,4.3
EMP00972,CRS0011,2025-09-21,Completed,4.6,18.3
EMP00973,CRS0117,2024-07-21,In Progress,,32.6
EMP00973,CRS0094,2026-05-25,Completed,4.2,26.1
EMP00973,CRS0116,2024-10-25,Completed,3.8,5.2
EMP00973,CRS0006,2024-12-27,Completed,3.9,33.9
EMP00974,CRS0136,2025-06-27,Completed,4.3,22.4
EMP00974,CRS0073,2025-10-27,Completed,2.8,10.1
EMP00974,CRS0139,2024-01-01,Completed,2.1,19.6
EMP00974,CRS0103,2025-05-15,Completed,4.9,19.8
EMP00974,CRS0081,2025-05-26,Completed,4.4,31.5
EMP00975,CRS0109,2024-11-07,Completed,3.0,6.0
EMP00975,CRS0054,2024-02-16,Completed,4.5,15.3
EMP00976,CRS0100,2024-12-09,In Progress,,22.7
EMP00976,CRS0058,2026-01-18,Completed,4.9,32.9
EMP00976,CRS0064,2025-12-03,In Progress,,21.6
EMP00977,CRS0043,2024-01-13,Completed,2.9,28.7
EMP00977,CRS0095,2025-08-05,Dropped,,27.9
EMP00978,CRS0026,2024-10-17,Completed,4.1,21.6
EMP00978,CRS0035,2026-08-14,In Progress,,38.7
EMP00979,CRS0060,2026-08-04,Completed,3.3,9.7
EMP00979,CRS0095,2025-09-14,Completed,3.4,2.2
EMP00979,CRS0033,2026-05-04,Completed,3.3,17.9
EMP00979,CRS0022,2026-05-14,Completed,4.7,15.3
EMP00979,CRS0086,2025-03-11,Completed,3.0,26.2
EMP00980,CRS0082,2026-11-23,Dropped,,22.5
EMP00980,CRS0118,2026-10-12,Completed,3.4,30.6
EMP00980,CRS0114,2024-12-06,Completed,3.9,16.7
EMP00981,CRS0123,2025-12-21,Completed,4.2,35.5
EMP00981,CRS0008,2026-02-12,Dropped,,27.8
EMP00981,CRS0026,2025-12-22,Completed,4.3,25.6
EMP00982,CRS0037,2025-03-11,In Progress,,20.5
EMP00982,CRS0058,2026-02-12,In Progress,,17.9
EMP00982,CRS0015,2025-11-22,Completed,3.9,39.1
EMP00983,CRS0059,2026-10-22,Completed,2.4,30.8
EMP00983,CRS0130,2024-07-06,Dropped,,36.3
EMP00983,CRS0075,2026-12-24,Completed,4.3,5.3
EMP00984,CRS0102,2024-05-07,Completed,4.8,26.3
EMP00984,CRS0014,2025-07-17,Completed,3.7,17.5
EMP00984,CRS0050,2025-10-21,Completed,5.0,21.8
EMP00984,CRS0007,2024-05-16,Dropped,,38.7
EMP00984,CRS0137,2026-07-15,Completed,4.7,11.9
EMP00985,CRS0037,2025-03-20,Completed,3.9,12.9
EMP00985,CRS0025,2026-05-17,Completed,2.4,22.1
EMP00985,CRS0138,2024-10-28,Completed,3.8,38.1
EMP00985,CRS0126,2026-10-02,Completed,3.3,8.4
EMP00985,CRS0075,2024-07-05,Completed,3.0,22.0
EMP00986,CRS0123,2026-08-13,Completed,2.3,27.5
EMP00986,CRS0053,2024-05-26,Dropped,,10.5
EMP00986,CRS0058,2025-05-15,Completed,3.3,35.0
EMP00986,CRS0027,2024-05-13,Completed,4.1,34.3
EMP00986,CRS0048,2025-02-14,In Progress,,17.2
EMP00987,CRS0046,2026-09-10,Completed,3.1,27.0
EMP00987,CRS0018,2026-06-01,Completed,3.9,3.1
EMP00987,CRS0123,2025-11-11,Completed,3.1,35.6
EMP00987,CRS0095,2025-07-14,In Progress,,38.3
EMP00987,CRS0019,2024-09-22,Completed,3.4,13.3
EMP00987,CRS0119,2025-09-25,Completed,2.5,18.6
EMP00988,CRS0051,2024-05-12,Completed,3.9,35.2
EMP00988,CRS0090,2026-09-04,Completed,4.5,32.5
EMP00988,CRS0074,2025-04-10,Completed,2.0,9.2
EMP00989,CRS0125,2025-02-26,In Progress,,15.4
EMP00989,CRS0109,2026-02-02,Completed,2.3,31.1
EMP00990,CRS0075,2026-11-03,In Progress,,23.6
EMP00990,CRS0119,2026-04-26,Completed,4.5,21.2
EMP00991,CRS0134,2025-02-05,In Progress,,7.1
EMP00991,CRS0065,2026-02-11,In Progress,,39.2
EMP00991,CRS0073,2026-01-27,Completed,3.5,14.8
EMP00991,CRS0003,2025-10-09,Completed,4.0,12.7
EMP00992,CRS0135,2026-10-24,In Progress,,3.1
EMP00992,CRS0001,2025-05-27,Completed,3.7,3.7
EMP00993,CRS0100,2026-04-15,Completed,2.9,7.9
EMP00993,CRS0084,2026-06-18,Completed,3.0,33.2
EMP00994,CRS0034,2025-01-01,Completed,3.2,18.0
EMP00994,CRS0135,2026-02-28,Completed,3.1,22.7
EMP00994,CRS0004,2026-04-01,Completed,3.7,2.5
EMP00994,CRS0044,2024-09-13,Completed,4.8,19.3
EMP00994,CRS0061,2026-03-26,In Progress,,30.0
EMP00995,CRS0014,2024-07-19,Completed,2.2,34.6
EMP00995,CRS0049,2024-12-19,In Progress,,37.7
EMP00995,CRS0003,2024-06-09,Completed,4.8,16.9
EMP00996,CRS0090,2024-08-01,Dropped,,39.7
EMP00996,CRS0018,2024-08-24,In Progress,,27.8
EMP00997,CRS0043,2025-09-25,In Progress,,17.5
EMP00997,CRS0079,2024-12-13,In Progress,,13.6
EMP00997,CRS0040,2026-08-21,Completed,3.7,36.0
EMP00998,CRS0083,2024-06-12,Completed,4.3,30.4
EMP00998,CRS0090,2025-03-17,In Progress,,21.2
EMP00998,CRS0023,2026-09-27,Completed,2.8,26.9
EMP00998,CRS0014,2026-01-12,Completed,4.7,5.1
EMP00999,CRS0125,2025-02-09,In Progress,,7.7
EMP00999,CRS0094,2024-11-28,In Progress,,24.9
EMP00999,CRS0054,2024-07-15,In Progress,,25.2
EMP00999,CRS0005,2024-03-15,Completed,3.9,8.0
EMP01000,CRS0131,2024-08-21,Completed,2.2,38.2
EMP01000,CRS0025,2025-09-24,Completed,2.8,31.8
EMP01000,CRS0071,2024-10-28,Completed,3.8,3.6
EMP01000,CRS0085,2026-07-12,Completed,2.6,36.6
EMP01000,CRS0068,2025-11-06,In Progress,,33.9
EMP01000,CRS0139,2026-11-22,Dropped,,33.5
EMP01001,CRS0092,2025-05-28,In Progress,,5.1
EMP01001,CRS0117,2025-08-11,Completed,4.3,27.2
EMP01002,CRS0033,2025-11-14,Dropped,,36.4
EMP01002,CRS0085,2025-10-24,Completed,4.1,22.8
EMP01002,CRS0089,2026-02-05,Completed,2.3,28.4
EMP01003,CRS0098,2026-11-10,In Progress,,13.1
EMP01003,CRS0040,2024-03-12,In Progress,,27.8
EMP01003,CRS0070,2026-08-05,Completed,4.1,16.9
EMP01004,CRS0069,2025-03-27,In Progress,,20.0
EMP01004,CRS0109,2025-04-02,Completed,3.4,13.0
EMP01004,CRS0013,2025-08-05,Dropped,,22.2
EMP01004,CRS0093,2026-02-28,In Progress,,24.9
EMP01005,CRS0010,2026-02-17,Completed,3.9,13.7
EMP01005,CRS0107,2024-11-05,Completed,2.8,31.4
EMP01006,CRS0050,2025-08-08,In Progress,,23.4
EMP01006,CRS0004,2026-11-25,Completed,4.3,18.4
EMP01006,CRS0081,2025-08-12,Completed,3.5,20.2
EMP01007,CRS0089,2026-06-01,Completed,3.0,16.6
EMP01007,CRS0036,2025-05-17,In Progress,,18.2
EMP01007,CRS0085,2026-08-04,Completed,2.5,17.2
EMP01007,CRS0131,2025-05-13,Completed,2.2,8.7
EMP01008,CRS0088,2025-11-21,Completed,3.5,7.2
EMP01008,CRS0064,2025-01-10,Dropped,,12.9
EMP01008,CRS0062,2025-06-02,In Progress,,28.2
EMP01008,CRS0074,2024-08-02,Completed,4.2,10.1
EMP01009,CRS0086,2026-08-28,Completed,3.9,9.5
EMP01009,CRS0028,2025-06-19,In Progress,,26.9
EMP01009,CRS0017,2024-11-07,Completed,2.5,21.9
EMP01009,CRS0134,2024-10-22,Completed,4.8,7.8
EMP01009,CRS0027,2026-02-03,Completed,4.5,35.8
EMP01010,CRS0002,2024-05-18,Dropped,,9.4
EMP01010,CRS0028,2025-10-05,Completed,2.0,24.5
EMP01010,CRS0097,2025-10-25,Completed,5.0,10.5
EMP01010,CRS0114,2026-05-25,Completed,2.8,25.0
EMP01010,CRS0118,2026-04-23,Completed,4.1,21.6
EMP01010,CRS0076,2024-12-17,Completed,2.2,26.0
EMP01011,CRS0118,2024-02-26,In Progress,,22.5
EMP01011,CRS0099,2024-12-15,Completed,3.9,8.2
EMP01011,CRS0079,2026-01-28,In Progress,,30.0
EMP01011,CRS0081,2025-01-12,Completed,4.0,7.1
EMP01011,CRS0135,2024-11-26,Completed,4.5,13.4
EMP01012,CRS0078,2024-11-06,Completed,3.1,35.1
EMP01012,CRS0087,2026-04-15,Completed,2.3,3.3
EMP01012,CRS0095,2026-12-23,In Progress,,6.1
EMP01012,CRS0138,2024-12-08,Completed,3.7,13.7
EMP01012,CRS0114,2025-10-23,In Progress,,39.6
EMP01012,CRS0109,2026-01-24,Completed,2.5,16.1
EMP01013,CRS0074,2024-07-06,In Progress,,4.9
EMP01013,CRS0089,2024-06-04,In Progress,,19.7
EMP01013,CRS0082,2024-09-27,Dropped,,12.8
EMP01014,CRS0052,2024-03-17,Completed,3.4,26.1
EMP01014,CRS0035,2025-01-25,In Progress,,3.7
EMP01014,CRS0127,2025-05-07,Completed,3.5,10.8
EMP01014,CRS0015,2026-12-13,Completed,4.0,2.1
EMP01014,CRS0040,2026-06-13,Dropped,,9.9
EMP01015,CRS0019,2025-12-24,Completed,2.5,7.7
EMP01015,CRS0104,2026-12-08,In Progress,,12.2
EMP01015,CRS0046,2024-08-05,Dropped,,34.5
EMP01015,CRS0127,2025-01-09,Completed,4.0,37.1
EMP01016,CRS0138,2026-04-11,Completed,4.7,7.4
EMP01016,CRS0094,2025-01-11,Completed,3.4,35.3
EMP01016,CRS0044,2024-01-25,Dropped,,37.4
EMP01016,CRS0100,2024-10-01,Completed,2.2,6.4
EMP01017,CRS0069,2024-08-12,In Progress,,36.7
EMP01017,CRS0094,2025-01-17,In Progress,,8.3
EMP01018,CRS0010,2026-06-19,Completed,4.9,17.3
EMP01018,CRS0096,2025-04-20,Completed,3.6,7.8
EMP01018,CRS0108,2025-10-18,Completed,3.3,22.1
EMP01018,CRS0058,2025-12-07,Completed,4.6,29.2
EMP01018,CRS0057,2026-01-15,In Progress,,34.0
EMP01019,CRS0033,2024-02-15,Completed,3.4,36.5
EMP01019,CRS0104,2025-11-27,In Progress,,2.6
EMP01019,CRS0100,2026-11-24,Completed,4.3,21.6
EMP01019,CRS0001,2025-10-16,Completed,3.2,22.3
EMP01019,CRS0074,2026-03-06,In Progress,,30.5
EMP01019,CRS0003,2024-01-02,Completed,2.9,3.6
EMP01020,CRS0062,2024-12-28,In Progress,,19.8
EMP01020,CRS0017,2024-11-26,Completed,4.3,14.9
EMP01020,CRS0027,2026-03-27,In Progress,,34.1
EMP01020,CRS0010,2024-03-27,Completed,4.5,22.8
EMP01020,CRS0110,2024-05-01,Completed,2.5,17.6
EMP01021,CRS0074,2024-05-08,Completed,2.8,24.6
EMP01021,CRS0085,2026-01-01,Completed,2.7,7.0
EMP01021,CRS0077,2026-03-18,Completed,2.6,19.0
EMP01022,CRS0068,2024-12-08,Completed,3.8,20.6
EMP01022,CRS0061,2025-02-21,Completed,4.3,25.0
EMP01022,CRS0086,2024-10-09,Dropped,,39.9
EMP01023,CRS0071,2026-08-15,In Progress,,22.4
EMP01023,CRS0105,2025-01-18,Completed,3.1,16.3
EMP01023,CRS0125,2024-07-08,Completed,3.9,3.5
EMP01023,CRS0097,2024-03-16,In Progress,,11.0
EMP01023,CRS0074,2026-06-14,Dropped,,36.6
EMP01023,CRS0015,2025-12-25,Completed,4.2,18.0
EMP01024,CRS0110,2026-08-23,Completed,4.4,27.4
EMP01024,CRS0048,2026-03-23,Completed,3.4,22.7
EMP01024,CRS0038,2025-07-06,Completed,4.8,7.9
EMP01025,CRS0041,2026-06-06,Completed,4.2,5.1
EMP01025,CRS0043,2026-01-13,In Progress,,10.3
EMP01025,CRS0048,2026-05-27,Completed,4.0,31.3
EMP01025,CRS0042,2026-02-09,In Progress,,35.3
EMP01025,CRS0136,2024-03-19,Completed,2.5,14.9
EMP01025,CRS0058,2025-07-15,Dropped,,11.6
EMP01026,CRS0134,2026-06-02,Completed,2.7,35.2
EMP01026,CRS0057,2026-12-07,Completed,4.7,28.4
EMP01027,CRS0118,2026-04-07,Completed,2.6,15.0
EMP01027,CRS0072,2026-10-12,In Progress,,19.0
EMP01027,CRS0029,2026-01-11,In Progress,,5.0
EMP01028,CRS0009,2026-12-06,Completed,3.1,15.1
EMP01028,CRS0069,2024-12-23,Completed,4.7,6.9
EMP01028,CRS0088,2025-01-18,In Progress,,2.5
EMP01029,CRS0018,2026-06-06,Completed,3.4,19.7
EMP01029,CRS0112,2026-04-24,In Progress,,5.7
EMP01029,CRS0078,2024-09-21,Completed,3.9,35.0
EMP01029,CRS0129,2026-03-15,In Progress,,23.7
EMP01029,CRS0077,2026-01-24,In Progress,,34.9
EMP01030,CRS0086,2026-05-21,In Progress,,26.1
EMP01030,CRS0034,2025-06-24,Completed,2.3,27.4
EMP01030,CRS0095,2024-07-22,Completed,4.0,39.2
EMP01031,CRS0115,2026-07-10,Dropped,,30.1
EMP01031,CRS0108,2025-03-27,Completed,2.7,18.1
EMP01031,CRS0130,2026-03-01,Completed,4.3,30.9
EMP01031,CRS0007,2024-03-14,Completed,2.8,29.6
EMP01031,CRS0068,2024-12-22,Completed,2.9,10.4
EMP01032,CRS0123,2024-01-20,Completed,4.5,12.1
EMP01032,CRS0019,2026-04-21,Completed,4.0,37.6
EMP01032,CRS0089,2026-06-08,Dropped,,25.5
EMP01033,CRS0048,2025-05-19,Dropped,,8.2
EMP01033,CRS0042,2025-08-21,Completed,3.3,19.6
EMP01034,CRS0075,2026-12-01,Completed,4.6,3.4
EMP01034,CRS0073,2024-12-02,Completed,2.2,3.5
EMP01034,CRS0042,2025-09-25,Completed,2.9,33.9
EMP01034,CRS0130,2024-02-04,Completed,3.2,26.3
EMP01034,CRS0106,2026-10-21,In Progress,,20.3
EMP01035,CRS0007,2026-01-15,Completed,2.2,4.1
EMP01035,CRS0072,2025-10-06,Completed,2.6,4.7
EMP01036,CRS0073,2025-02-05,Completed,4.9,13.0
EMP01036,CRS0054,2025-11-07,Completed,3.4,27.5
EMP01037,CRS0008,2026-09-17,Completed,2.0,5.4
EMP01037,CRS0090,2024-07-15,Completed,2.9,16.7
EMP01038,CRS0030,2024-10-12,Completed,4.8,14.6
EMP01038,CRS0069,2025-01-22,Completed,4.2,37.4
EMP01038,CRS0068,2025-02-04,Completed,3.0,10.8
EMP01038,CRS0134,2024-12-14,Dropped,,6.6
EMP01039,CRS0121,2024-01-13,Completed,3.1,9.3
EMP01039,CRS0025,2024-11-09,Completed,4.6,38.6
EMP01039,CRS0066,2024-06-12,Dropped,,35.2
EMP01040,CRS0032,2024-08-05,Completed,4.7,9.1
EMP01040,CRS0010,2025-06-27,Completed,2.1,26.6
EMP01040,CRS0128,2024-09-17,In Progress,,8.7
EMP01041,CRS0009,2024-11-01,In Progress,,17.5
EMP01041,CRS0110,2026-10-19,Dropped,,24.1
EMP01041,CRS0033,2024-12-27,Completed,2.2,35.1
EMP01041,CRS0082,2026-11-17,Completed,2.2,32.8
EMP01041,CRS0059,2025-12-04,Completed,4.5,34.7
EMP01042,CRS0035,2026-05-20,In Progress,,14.7
EMP01042,CRS0048,2025-12-11,Completed,3.1,26.2
EMP01042,CRS0133,2025-05-21,In Progress,,7.6
EMP01042,CRS0134,2025-11-20,Completed,2.7,37.6
EMP01042,CRS0115,2025-09-03,In Progress,,33.9
EMP01042,CRS0079,2024-03-19,In Progress,,3.4
EMP01043,CRS0120,2025-10-17,Completed,4.2,20.7
EMP01043,CRS0038,2024-01-16,Completed,3.2,19.4
EMP01043,CRS0070,2024-09-20,Completed,4.1,7.1
EMP01044,CRS0092,2025-10-06,Completed,4.3,39.7
EMP01044,CRS0022,2025-07-03,Completed,2.5,11.5
EMP01044,CRS0057,2024-01-03,In Progress,,16.7
EMP01045,CRS0039,2026-09-28,Completed,4.6,4.2
EMP01045,CRS0084,2024-01-18,Completed,3.8,31.5
EMP01045,CRS0030,2026-10-06,Completed,4.0,25.7
EMP01045,CRS0036,2025-07-16,In Progress,,27.5
EMP01045,CRS0098,2025-04-26,Completed,3.2,31.4
EMP01046,CRS0056,2025-07-01,Completed,4.1,26.4
EMP01046,CRS0089,2024-09-21,In Progress,,14.9
EMP01046,CRS0012,2024-11-20,Completed,2.1,33.6
EMP01047,CRS0056,2026-12-19,Completed,3.9,15.7
EMP01047,CRS0012,2025-06-14,In Progress,,33.5
EMP01048,CRS0080,2025-02-13,In Progress,,11.9
EMP01048,CRS0020,2026-10-20,Completed,2.0,8.8
EMP01048,CRS0074,2024-10-04,Dropped,,18.7
EMP01048,CRS0018,2026-05-20,In Progress,,21.2
EMP01049,CRS0054,2025-05-19,Completed,4.5,5.6
EMP01049,CRS0106,2024-08-14,In Progress,,28.4
EMP01049,CRS0127,2026-01-09,Completed,3.1,38.8
EMP01049,CRS0134,2024-12-28,Completed,3.5,26.4
EMP01049,CRS0068,2026-03-06,Completed,4.5,15.5
EMP01049,CRS0004,2026-07-02,Completed,2.2,22.5
EMP01050,CRS0016,2025-07-16,Completed,3.7,18.8
EMP01050,CRS0055,2025-02-11,Dropped,,34.4
EMP01050,CRS0109,2025-05-07,Completed,4.0,39.3
EMP01051,CRS0035,2026-01-07,Completed,3.6,31.0
EMP01051,CRS0128,2024-04-21,Completed,2.3,2.1
EMP01051,CRS0001,2024-05-04,Completed,4.6,21.1
EMP01051,CRS0133,2026-11-20,In Progress,,17.4
EMP01051,CRS0027,2026-09-26,Completed,3.4,20.6
EMP01051,CRS0044,2025-07-03,In Progress,,6.3
EMP01052,CRS0005,2024-10-10,In Progress,,3.8
EMP01052,CRS0128,2025-12-03,In Progress,,28.8
EMP01052,CRS0102,2024-08-23,Completed,3.9,6.8
EMP01052,CRS0067,2025-02-01,In Progress,,18.9
EMP01052,CRS0080,2024-03-24,Completed,4.3,32.1
EMP01052,CRS0069,2026-05-28,Completed,4.2,8.8
EMP01053,CRS0092,2025-05-28,Completed,3.1,21.3
EMP01053,CRS0085,2024-04-22,Dropped,,23.9
EMP01053,CRS0037,2026-02-18,Completed,4.9,15.4
EMP01053,CRS0024,2025-07-03,Completed,2.7,13.2
EMP01053,CRS0136,2025-04-24,In Progress,,13.5
EMP01054,CRS0113,2026-01-17,In Progress,,26.5
EMP01054,CRS0060,2025-10-10,Completed,3.0,31.6
EMP01054,CRS0097,2026-04-21,Completed,4.3,6.0
EMP01055,CRS0047,2026-06-06,Completed,3.8,26.4
EMP01055,CRS0005,2026-11-03,In Progress,,13.2
EMP01055,CRS0004,2024-02-25,Completed,4.4,36.1
EMP01055,CRS0041,2026-01-27,In Progress,,20.7
EMP01056,CRS0105,2026-08-17,In Progress,,21.2
EMP01056,CRS0012,2024-12-12,In Progress,,28.8
EMP01056,CRS0023,2024-10-07,In Progress,,15.7
EMP01056,CRS0006,2024-11-22,Completed,3.0,28.7
EMP01056,CRS0097,2026-04-19,Completed,2.9,14.8
EMP01056,CRS0110,2024-12-09,Completed,2.6,35.6
EMP01057,CRS0100,2024-10-23,Completed,3.6,39.9
EMP01057,CRS0006,2026-09-23,Completed,3.0,10.6
EMP01057,CRS0134,2025-11-07,In Progress,,34.9
EMP01057,CRS0031,2024-10-02,Completed,2.0,35.9
EMP01057,CRS0066,2026-08-17,In Progress,,28.8
EMP01058,CRS0006,2024-04-09,In Progress,,26.2
EMP01058,CRS0020,2026-09-05,In Progress,,4.7
EMP01058,CRS0092,2025-02-17,Completed,3.9,11.6
EMP01058,CRS0016,2024-05-21,Completed,4.3,23.3
EMP01058,CRS0132,2025-01-15,Completed,4.7,13.7
EMP01059,CRS0057,2026-01-21,In Progress,,24.6
EMP01059,CRS0135,2026-07-15,In Progress,,4.1
EMP01059,CRS0035,2025-04-24,Completed,3.0,2.0
EMP01059,CRS0012,2026-07-23,Completed,4.4,34.3
EMP01060,CRS0057,2025-02-09,In Progress,,9.9
EMP01060,CRS0101,2025-02-27,Completed,2.8,12.7
EMP01061,CRS0058,2026-12-06,In Progress,,26.4
EMP01061,CRS0039,2024-07-10,Dropped,,12.0
EMP01061,CRS0081,2026-08-22,Completed,2.2,22.0
EMP01061,CRS0112,2025-02-09,Completed,3.5,9.7
EMP01061,CRS0107,2024-08-22,In Progress,,16.9
EMP01062,CRS0023,2026-10-05,In Progress,,4.3
EMP01062,CRS0097,2026-06-20,Completed,4.0,32.0
EMP01062,CRS0079,2024-08-17,In Progress,,18.2
EMP01062,CRS0007,2025-08-13,Completed,4.4,23.2
EMP01063,CRS0067,2025-06-04,Completed,5.0,31.0
EMP01063,CRS0001,2026-01-25,In Progress,,19.2
EMP01063,CRS0035,2025-11-25,Completed,3.9,8.2
EMP01063,CRS0058,2026-07-16,Completed,3.0,23.7
EMP01064,CRS0100,2025-01-08,In Progress,,15.0
EMP01064,CRS0046,2026-10-08,In Progress,,24.2
EMP01064,CRS0117,2024-07-22,Completed,3.1,15.6
EMP01064,CRS0095,2024-10-09,Completed,4.8,8.9
EMP01065,CRS0009,2026-12-07,In Progress,,15.6
EMP01065,CRS0085,2024-02-18,Completed,4.9,28.9
EMP01065,CRS0066,2026-10-06,In Progress,,19.8
EMP01065,CRS0067,2024-09-18,In Progress,,4.4
EMP01065,CRS0127,2026-08-03,Completed,4.2,34.9
EMP01066,CRS0133,2026-11-15,Completed,2.4,24.2
EMP01066,CRS0060,2025-05-09,In Progress,,11.1
EMP01066,CRS0070,2025-01-05,In Progress,,8.7
EMP01066,CRS0069,2026-01-10,Completed,5.0,11.9
EMP01067,CRS0132,2025-11-06,In Progress,,17.2
EMP01067,CRS0135,2024-02-12,Completed,2.9,32.6
EMP01067,CRS0099,2026-02-11,Completed,3.4,20.3
EMP01067,CRS0012,2025-03-03,In Progress,,6.7
EMP01067,CRS0139,2025-02-08,In Progress,,10.0
EMP01068,CRS0127,2024-07-14,Dropped,,23.6
EMP01068,CRS0051,2024-05-24,Completed,4.3,6.6
EMP01068,CRS0017,2026-09-17,In Progress,,17.1
EMP01068,CRS0075,2025-08-13,In Progress,,26.4
EMP01068,CRS0006,2024-05-15,Completed,4.2,21.1
EMP01068,CRS0056,2025-08-13,Completed,3.9,8.9
EMP01069,CRS0109,2025-09-22,In Progress,,5.5
EMP01069,CRS0113,2025-09-12,Completed,3.4,7.4
EMP01069,CRS0011,2025-03-20,In Progress,,9.3
EMP01069,CRS0117,2026-04-10,Completed,4.9,3.0
EMP01069,CRS0027,2025-04-09,In Progress,,10.5
EMP01069,CRS0101,2024-02-12,Completed,2.4,12.9
EMP01070,CRS0133,2025-02-26,Completed,4.5,14.7
EMP01070,CRS0048,2025-08-16,Completed,2.0,33.3
EMP01070,CRS0047,2026-04-27,In Progress,,39.1
EMP01070,CRS0017,2025-05-11,In Progress,,10.0
EMP01071,CRS0051,2025-01-28,In Progress,,8.1
EMP01071,CRS0050,2026-12-24,Completed,3.1,11.2
EMP01071,CRS0103,2024-01-04,Dropped,,33.0
EMP01072,CRS0087,2025-10-19,Completed,4.3,24.6
EMP01072,CRS0077,2026-08-16,In Progress,,15.6
EMP01072,CRS0104,2024-06-14,Completed,2.3,32.6
EMP01073,CRS0033,2024-06-10,In Progress,,32.5
EMP01073,CRS0095,2025-08-20,Completed,4.4,34.8
EMP01073,CRS0051,2024-07-17,Completed,4.1,39.4
EMP01073,CRS0048,2025-11-10,Completed,3.3,34.4
EMP01073,CRS0011,2026-02-01,In Progress,,36.1
EMP01073,CRS0018,2024-03-26,In Progress,,37.4
EMP01074,CRS0115,2025-03-28,In Progress,,31.8
EMP01074,CRS0050,2026-10-28,Dropped,,13.2
EMP01074,CRS0036,2024-05-15,Completed,2.2,25.3
EMP01074,CRS0007,2026-06-02,Completed,2.6,30.9
EMP01074,CRS0097,2024-01-19,Completed,4.0,22.6
EMP01075,CRS0054,2026-10-20,Completed,2.1,21.4
EMP01075,CRS0129,2026-01-04,Completed,3.8,33.2
EMP01075,CRS0123,2026-06-20,Completed,2.0,27.3
EMP01075,CRS0035,2024-07-18,Completed,2.9,39.4
EMP01075,CRS0031,2026-07-17,Dropped,,4.3
EMP01075,CRS0025,2024-01-28,Completed,2.7,13.8
EMP01076,CRS0070,2025-04-08,Completed,4.1,9.6
EMP01076,CRS0108,2024-03-04,Completed,4.7,20.8
EMP01076,CRS0134,2025-05-19,In Progress,,6.1
EMP01076,CRS0005,2026-03-19,Completed,3.9,26.9
EMP01077,CRS0122,2026-11-02,Completed,4.5,39.7
EMP01077,CRS0028,2024-08-21,Completed,2.2,16.4
EMP01078,CRS0082,2026-01-03,Completed,2.6,17.1
EMP01078,CRS0033,2024-06-27,Completed,3.6,6.1
EMP01078,CRS0005,2025-01-20,In Progress,,39.6
EMP01078,CRS0095,2026-04-21,Completed,2.6,13.4
EMP01078,CRS0078,2024-01-28,Completed,3.8,9.9
EMP01079,CRS0106,2024-06-08,Completed,3.9,39.0
EMP01079,CRS0009,2026-03-10,Completed,4.3,38.7
EMP01079,CRS0030,2026-12-28,In Progress,,39.9
EMP01079,CRS0096,2026-01-28,Completed,4.9,33.2
EMP01079,CRS0051,2025-01-09,In Progress,,39.8
EMP01079,CRS0086,2025-06-04,Completed,3.7,28.6
EMP01080,CRS0054,2025-11-26,In Progress,,26.3
EMP01080,CRS0042,2024-06-07,Completed,2.2,26.3
EMP01080,CRS0073,2026-10-03,Completed,3.9,10.9
EMP01080,CRS0009,2025-08-15,In Progress,,32.9
EMP01080,CRS0086,2026-06-05,In Progress,,25.7
EMP01081,CRS0130,2025-09-23,In Progress,,34.3
EMP01081,CRS0086,2025-03-19,Completed,4.1,9.2
EMP01082,CRS0009,2024-06-25,In Progress,,22.2
EMP01082,CRS0132,2026-06-16,Dropped,,22.5
EMP01083,CRS0052,2024-01-12,Completed,3.4,30.6
EMP01083,CRS0140,2025-10-21,Dropped,,32.0
EMP01083,CRS0012,2024-12-02,In Progress,,21.7
EMP01083,CRS0050,2024-04-09,Completed,3.6,38.0
EMP01083,CRS0123,2025-12-21,Dropped,,29.5
EMP01083,CRS0007,2026-02-18,Completed,2.8,14.1
EMP01084,CRS0063,2025-09-27,Completed,4.6,2.1
EMP01084,CRS0099,2026-03-22,Completed,4.2,6.1
EMP01085,CRS0065,2025-03-11,Completed,4.2,12.8
EMP01085,CRS0130,2024-06-27,Completed,2.7,23.7
EMP01085,CRS0027,2024-11-23,Completed,2.2,12.2
EMP01086,CRS0139,2024-10-09,In Progress,,6.6
EMP01086,CRS0115,2024-05-17,Completed,4.4,6.2
EMP01086,CRS0016,2026-01-20,Dropped,,8.0
EMP01086,CRS0017,2026-07-27,Completed,3.0,30.8
EMP01086,CRS0015,2025-12-19,Completed,2.4,33.1
EMP01086,CRS0049,2026-01-01,Completed,2.3,28.7
EMP01087,CRS0017,2026-01-04,In Progress,,10.3
EMP01087,CRS0043,2025-11-13,Completed,3.7,16.5
EMP01088,CRS0063,2025-07-06,Completed,2.3,11.2
EMP01088,CRS0048,2025-11-20,Completed,3.5,30.5
EMP01088,CRS0057,2026-12-19,Completed,2.9,9.6
EMP01088,CRS0050,2026-10-12,In Progress,,2.5
EMP01088,CRS0100,2025-03-17,Completed,4.3,37.0
EMP01089,CRS0112,2025-03-03,Completed,2.5,38.2
EMP01089,CRS0140,2025-02-02,Completed,3.5,9.0
EMP01090,CRS0021,2024-06-11,In Progress,,30.5
EMP01090,CRS0090,2026-06-06,Completed,3.7,24.5
EMP01090,CRS0118,2024-03-04,Completed,2.8,25.8
EMP01090,CRS0131,2025-09-16,Completed,2.4,13.6
EMP01091,CRS0137,2025-03-13,Completed,2.5,4.9
EMP01091,CRS0016,2026-05-05,Completed,2.3,26.6
EMP01091,CRS0042,2026-02-08,Completed,3.9,34.0
EMP01092,CRS0075,2024-12-12,Dropped,,34.8
EMP01092,CRS0093,2025-02-08,Completed,2.7,35.6
EMP01093,CRS0004,2025-03-03,Completed,2.2,18.1
EMP01093,CRS0030,2026-11-01,Completed,3.4,20.2
EMP01094,CRS0086,2026-03-14,Dropped,,2.9
EMP01094,CRS0036,2026-11-16,Completed,2.9,19.7
EMP01094,CRS0035,2025-12-06,Completed,4.2,21.7
EMP01094,CRS0123,2025-02-03,Completed,4.0,18.6
EMP01095,CRS0090,2026-10-13,In Progress,,31.9
EMP01095,CRS0004,2024-04-19,Completed,4.1,28.8
EMP01095,CRS0115,2024-02-20,Completed,2.1,3.5
EMP01096,CRS0128,2024-08-27,Completed,2.4,5.6
EMP01096,CRS0081,2025-03-05,In Progress,,2.3
EMP01096,CRS0013,2026-12-08,Dropped,,16.0
EMP01096,CRS0092,2026-02-26,Completed,4.2,7.3
EMP01097,CRS0060,2025-07-24,In Progress,,38.1
EMP01097,CRS0055,2025-05-22,In Progress,,35.4
EMP01097,CRS0029,2024-08-04,Completed,4.6,24.1
EMP01097,CRS0105,2026-06-03,Completed,5.0,32.7
EMP01098,CRS0031,2026-01-07,Completed,4.7,6.9
EMP01098,CRS0095,2026-07-01,Completed,3.0,16.0
EMP01099,CRS0103,2025-06-26,Completed,4.6,29.5
EMP01099,CRS0078,2025-12-19,Completed,4.2,12.9
EMP01099,CRS0034,2025-08-21,In Progress,,18.9
EMP01100,CRS0128,2025-09-09,Completed,3.4,4.5
EMP01100,CRS0089,2026-08-27,Completed,2.8,4.3
EMP01100,CRS0007,2025-05-08,Completed,3.5,11.7
EMP01100,CRS0133,2025-01-10,Completed,4.5,17.4
EMP01100,CRS0006,2026-08-04,Completed,4.3,31.9
EMP01100,CRS0092,2026-03-24,Completed,3.6,17.5
EMP01101,CRS0113,2026-05-12,Completed,3.3,39.0
EMP01101,CRS0057,2024-12-08,In Progress,,19.6
EMP01101,CRS0076,2026-02-11,Completed,3.9,26.3
EMP01101,CRS0115,2024-06-09,Completed,3.0,12.8
EMP01101,CRS0119,2026-08-20,Completed,4.6,15.4
EMP01102,CRS0008,2025-06-07,Completed,4.5,26.0
EMP01102,CRS0118,2024-05-04,Completed,2.1,20.4
EMP01102,CRS0016,2024-02-21,Completed,2.5,15.4
EMP01102,CRS0122,2025-12-05,Completed,3.9,15.6
EMP01102,CRS0114,2026-11-06,Completed,3.1,15.0
EMP01103,CRS0027,2026-07-10,Completed,3.1,14.2
EMP01103,CRS0128,2026-05-07,Dropped,,30.9
EMP01103,CRS0121,2024-01-06,Completed,2.5,30.3
EMP01103,CRS0074,2025-10-13,Completed,2.8,2.1
EMP01104,CRS0118,2026-02-24,Completed,2.5,4.3
EMP01104,CRS0042,2025-08-08,Completed,3.4,3.8
EMP01105,CRS0044,2026-10-11,Dropped,,39.0
EMP01105,CRS0096,2024-01-12,Completed,4.5,25.6
EMP01105,CRS0009,2025-01-13,In Progress,,18.1
EMP01105,CRS0015,2026-02-22,In Progress,,16.8
EMP01105,CRS0062,2026-09-09,In Progress,,39.3
EMP01106,CRS0090,2026-01-26,Completed,4.7,4.7
EMP01106,CRS0033,2026-10-13,Completed,4.7,8.5
EMP01106,CRS0056,2025-03-08,Completed,4.2,13.3
EMP01106,CRS0102,2025-02-23,Dropped,,5.7
EMP01107,CRS0081,2025-09-14,In Progress,,17.5
EMP01107,CRS0032,2024-05-06,Completed,2.2,12.3
EMP01107,CRS0097,2025-04-03,Completed,3.5,3.8
EMP01107,CRS0122,2025-08-06,In Progress,,3.7
EMP01107,CRS0046,2026-06-17,Completed,3.7,11.6
EMP01108,CRS0050,2025-07-23,In Progress,,3.3
EMP01108,CRS0103,2024-09-25,Completed,4.0,22.1
EMP01108,CRS0125,2024-02-26,In Progress,,4.2
EMP01108,CRS0076,2026-03-07,Completed,4.0,8.5
EMP01108,CRS0043,2024-04-15,Completed,3.1,38.7
EMP01108,CRS0139,2026-01-13,Completed,2.1,12.9
EMP01109,CRS0048,2025-01-09,Completed,3.8,22.9
EMP01109,CRS0068,2026-03-14,In Progress,,37.2
EMP01109,CRS0072,2026-05-05,Completed,4.2,15.9
EMP01110,CRS0064,2024-12-13,Completed,4.7,27.5
EMP01110,CRS0051,2025-11-13,Completed,4.2,3.3
EMP01110,CRS0121,2025-11-25,Completed,2.4,25.2
EMP01110,CRS0015,2024-10-24,Completed,5.0,12.0
EMP01110,CRS0034,2025-01-06,Completed,4.4,9.5
EMP01111,CRS0107,2024-08-27,Completed,4.3,33.6
EMP01111,CRS0118,2025-06-26,Completed,4.3,17.1
EMP01111,CRS0009,2025-02-03,Completed,2.9,30.9
EMP01111,CRS0085,2025-12-08,Completed,2.1,17.4
EMP01111,CRS0003,2026-02-25,Completed,2.6,17.4
EMP01111,CRS0053,2024-03-12,Completed,4.4,21.3
EMP01112,CRS0044,2024-10-05,Dropped,,31.0
EMP01112,CRS0117,2025-02-18,Dropped,,11.4
EMP01112,CRS0046,2025-02-16,Completed,4.4,20.2
EMP01112,CRS0020,2026-05-28,Completed,4.0,8.1
EMP01112,CRS0104,2026-09-28,Dropped,,15.8
EMP01112,CRS0075,2024-08-19,In Progress,,18.6
EMP01113,CRS0056,2025-09-07,In Progress,,32.5
EMP01113,CRS0061,2026-10-06,Completed,3.9,15.4
EMP01113,CRS0073,2025-07-21,In Progress,,17.8
EMP01113,CRS0013,2026-06-14,Completed,3.6,2.8
EMP01113,CRS0132,2024-08-12,Completed,2.2,3.9
EMP01113,CRS0052,2024-05-16,Completed,2.6,17.5
EMP01114,CRS0040,2025-03-22,Completed,2.7,32.5
EMP01114,CRS0010,2024-08-27,Completed,4.4,13.0
EMP01115,CRS0059,2024-08-27,In Progress,,14.5
EMP01115,CRS0045,2026-12-25,Completed,4.6,25.2
EMP01115,CRS0037,2026-04-05,Completed,3.2,23.8
EMP01115,CRS0105,2025-03-26,In Progress,,3.1
EMP01115,CRS0129,2026-06-20,Dropped,,5.2
EMP01115,CRS0072,2024-11-17,Completed,3.9,27.3
EMP01116,CRS0130,2024-10-07,Completed,3.7,4.4
EMP01116,CRS0008,2025-05-11,Completed,4.2,18.6
EMP01117,CRS0048,2024-12-23,Completed,2.4,20.6
EMP01117,CRS0124,2024-03-04,In Progress,,20.4
EMP01117,CRS0093,2024-03-11,In Progress,,39.9
EMP01118,CRS0025,2024-10-15,Completed,3.7,31.5
EMP01118,CRS0101,2025-06-27,Completed,2.3,28.8
EMP01119,CRS0109,2026-06-04,Completed,2.5,38.4
EMP01119,CRS0002,2026-01-24,Completed,3.7,18.2
EMP01120,CRS0119,2024-11-03,Completed,2.9,38.5
EMP01120,CRS0083,2026-01-15,Completed,2.6,36.1
EMP01120,CRS0039,2026-02-18,Completed,4.2,6.5
EMP01120,CRS0104,2024-07-07,Completed,3.2,37.2
EMP01121,CRS0131,2026-06-12,In Progress,,35.1
EMP01121,CRS0088,2026-07-27,Completed,4.8,24.1
EMP01121,CRS0017,2024-03-07,Completed,3.3,4.3
EMP01121,CRS0097,2026-06-22,Completed,5.0,23.7
EMP01121,CRS0118,2024-12-09,Completed,2.9,19.1
EMP01122,CRS0065,2024-02-16,Completed,4.6,7.9
EMP01122,CRS0040,2025-03-06,Completed,4.3,28.9
EMP01122,CRS0076,2024-11-04,Completed,4.6,27.8
EMP01123,CRS0123,2024-01-22,Completed,2.6,19.2
EMP01123,CRS0050,2026-09-11,Completed,4.8,22.5
EMP01123,CRS0132,2025-02-01,Completed,4.2,10.9
EMP01123,CRS0024,2024-04-11,Completed,2.6,38.3
EMP01123,CRS0008,2026-12-10,In Progress,,29.8
EMP01123,CRS0060,2025-02-20,Dropped,,4.5
EMP01124,CRS0098,2025-05-15,Dropped,,9.4
EMP01124,CRS0059,2024-04-21,Completed,4.1,35.1
EMP01125,CRS0043,2024-01-13,Completed,4.9,28.2
EMP01125,CRS0083,2026-10-24,Dropped,,7.1
EMP01125,CRS0078,2024-09-10,Completed,4.3,28.1
EMP01125,CRS0028,2026-11-04,Completed,2.4,23.2
EMP01125,CRS0125,2026-02-14,In Progress,,27.2
EMP01125,CRS0106,2025-10-20,In Progress,,16.0
EMP01126,CRS0028,2024-09-14,Completed,3.3,5.8
EMP01126,CRS0078,2025-07-03,Completed,2.7,19.7
EMP01126,CRS0083,2025-04-08,Completed,3.3,2.4
EMP01127,CRS0006,2024-07-20,Completed,3.5,11.9
EMP01127,CRS0124,2024-02-06,In Progress,,34.5
EMP01127,CRS0061,2026-05-28,Completed,4.4,33.0
EMP01127,CRS0098,2025-03-20,Completed,4.1,25.6
EMP01127,CRS0121,2025-02-18,Completed,5.0,34.5
EMP01128,CRS0044,2026-08-11,In Progress,,23.0
EMP01128,CRS0051,2025-12-09,In Progress,,37.6
EMP01128,CRS0017,2024-10-27,Completed,2.8,35.8
EMP01128,CRS0028,2024-08-11,Completed,3.1,11.4
EMP01128,CRS0097,2024-07-04,Completed,2.0,16.9
EMP01129,CRS0060,2025-08-11,Completed,4.6,6.8
EMP01129,CRS0139,2026-01-19,Completed,3.3,33.1
EMP01129,CRS0070,2026-01-20,Completed,2.8,15.5
EMP01129,CRS0013,2024-04-17,Completed,2.6,27.7
EMP01130,CRS0083,2026-10-14,Completed,2.3,10.0
EMP01130,CRS0042,2025-04-12,Completed,2.6,33.3
EMP01130,CRS0130,2026-02-28,Completed,4.0,15.9
EMP01130,CRS0134,2024-09-12,Completed,4.6,19.7
EMP01131,CRS0101,2024-09-16,Completed,3.2,18.0
EMP01131,CRS0038,2025-06-28,Completed,3.4,6.4
EMP01131,CRS0037,2025-06-07,Completed,3.9,24.7
EMP01131,CRS0086,2025-11-19,Completed,4.8,32.7
EMP01131,CRS0070,2024-10-09,Completed,3.0,31.6
EMP01131,CRS0059,2026-10-24,Completed,2.7,32.5
EMP01132,CRS0039,2026-05-08,Completed,3.7,28.6
EMP01132,CRS0134,2025-03-03,Completed,4.7,28.8
EMP01132,CRS0086,2024-10-13,Completed,2.9,35.2
EMP01132,CRS0084,2024-09-12,Completed,3.2,13.8
EMP01132,CRS0071,2025-03-24,Completed,2.1,2.9
EMP01133,CRS0120,2024-01-15,Dropped,,18.4
EMP01133,CRS0006,2025-10-26,In Progress,,27.0
EMP01133,CRS0052,2024-10-01,Completed,3.0,27.3
EMP01133,CRS0095,2024-10-28,Completed,4.0,31.1
EMP01133,CRS0065,2024-05-26,Completed,3.5,33.4
EMP01134,CRS0027,2024-09-05,In Progress,,4.4
EMP01134,CRS0093,2025-02-25,Completed,2.4,24.3
EMP01134,CRS0011,2024-03-19,In Progress,,25.5
EMP01134,CRS0070,2026-02-10,In Progress,,3.7
EMP01134,CRS0031,2025-03-20,Completed,4.7,33.5
EMP01135,CRS0015,2025-10-16,Completed,2.6,25.5
EMP01135,CRS0089,2025-09-10,Completed,4.1,13.1
EMP01135,CRS0095,2024-04-25,Completed,4.5,10.8
EMP01135,CRS0083,2026-05-24,In Progress,,26.1
EMP01135,CRS0033,2026-01-07,In Progress,,15.0
EMP01135,CRS0062,2024-09-05,In Progress,,23.3
EMP01136,CRS0023,2025-11-28,Completed,2.1,27.1
EMP01136,CRS0054,2024-04-12,In Progress,,32.6
EMP01136,CRS0011,2025-02-16,Completed,3.7,35.2
EMP01136,CRS0031,2026-04-07,In Progress,,30.1
EMP01137,CRS0060,2024-11-28,Completed,4.5,33.6
EMP01137,CRS0011,2024-07-22,Completed,2.3,16.6
EMP01137,CRS0117,2026-07-15,Completed,2.5,10.4
EMP01137,CRS0029,2024-11-03,Dropped,,27.3
EMP01138,CRS0140,2026-04-13,Completed,4.6,36.9
EMP01138,CRS0016,2024-11-05,Dropped,,27.8
EMP01139,CRS0116,2024-10-21,Completed,2.8,4.4
EMP01139,CRS0082,2025-12-06,In Progress,,15.2
EMP01139,CRS0062,2026-07-06,Completed,2.7,39.2
EMP01139,CRS0092,2026-12-09,Completed,2.0,8.0
EMP01140,CRS0037,2024-10-21,Completed,2.8,2.4
EMP01140,CRS0015,2025-03-17,Completed,2.6,27.6
EMP01140,CRS0058,2026-06-08,In Progress,,25.4
EMP01140,CRS0019,2024-01-13,Completed,3.9,37.7
EMP01140,CRS0122,2024-04-17,In Progress,,20.3
EMP01140,CRS0089,2024-05-18,Completed,3.2,39.5
EMP01141,CRS0046,2026-03-08,Completed,3.2,25.4
EMP01141,CRS0077,2025-12-11,Dropped,,15.8
EMP01142,CRS0007,2026-12-23,In Progress,,6.3
EMP01142,CRS0019,2026-05-10,Dropped,,27.8
EMP01142,CRS0001,2025-08-20,In Progress,,22.9
EMP01143,CRS0002,2026-09-28,Completed,2.3,29.7
EMP01143,CRS0115,2024-11-05,Dropped,,2.5
EMP01143,CRS0070,2025-10-20,Completed,4.2,19.2
EMP01144,CRS0035,2026-10-17,In Progress,,30.4
EMP01144,CRS0089,2024-03-01,Completed,2.2,38.5
EMP01145,CRS0028,2024-10-15,Completed,4.3,4.1
EMP01145,CRS0014,2025-06-04,Completed,3.0,33.6
EMP01145,CRS0059,2024-08-25,Completed,2.6,4.1
EMP01145,CRS0125,2026-04-07,Completed,4.3,37.4
EMP01146,CRS0047,2026-10-20,Completed,3.4,18.3
EMP01146,CRS0041,2025-03-04,Completed,4.7,20.6
EMP01147,CRS0055,2026-10-12,Completed,4.2,23.3
EMP01147,CRS0078,2025-03-03,Dropped,,37.6
EMP01147,CRS0094,2025-10-02,Completed,2.5,37.5
EMP01148,CRS0078,2024-08-25,In Progress,,18.2
EMP01148,CRS0077,2025-07-10,Completed,4.1,33.3
EMP01148,CRS0020,2025-05-16,In Progress,,15.4
EMP01148,CRS0128,2025-11-16,Completed,3.8,36.1
EMP01148,CRS0094,2025-06-27,Completed,2.0,6.5
EMP01148,CRS0054,2026-07-09,Completed,3.4,29.7
EMP01149,CRS0018,2025-07-17,Completed,2.4,39.9
EMP01149,CRS0026,2025-07-20,Completed,2.9,8.3
EMP01149,CRS0096,2026-01-26,Completed,3.1,34.2
EMP01149,CRS0002,2025-01-23,In Progress,,28.2
EMP01150,CRS0057,2024-08-11,In Progress,,5.9
EMP01150,CRS0130,2024-11-20,Completed,4.4,26.3
EMP01150,CRS0047,2024-09-01,Completed,3.0,6.2
EMP01150,CRS0096,2025-12-27,Completed,4.5,29.4
EMP01150,CRS0009,2025-07-08,Completed,5.0,34.0
EMP01151,CRS0025,2025-11-04,Completed,4.6,25.9
EMP01151,CRS0076,2025-09-20,Completed,3.8,14.5
EMP01151,CRS0131,2026-04-11,Completed,5.0,13.9
EMP01151,CRS0119,2026-10-22,Completed,4.0,23.7
EMP01152,CRS0018,2026-06-03,Completed,3.7,20.0
EMP01152,CRS0111,2024-09-03,Completed,2.0,28.3
EMP01152,CRS0089,2024-02-04,Completed,2.9,23.9
EMP01152,CRS0058,2024-07-28,Completed,4.7,18.1
EMP01152,CRS0090,2024-06-22,Completed,3.6,29.3
EMP01152,CRS0087,2026-07-21,Completed,4.0,30.6
EMP01153,CRS0116,2025-06-25,Completed,4.5,15.8
EMP01153,CRS0069,2025-06-20,Completed,2.8,27.6
EMP01154,CRS0044,2024-09-06,Completed,4.0,36.4
EMP01154,CRS0023,2025-10-02,Completed,4.8,17.5
EMP01154,CRS0005,2024-06-11,In Progress,,22.8
EMP01154,CRS0077,2024-10-02,Completed,3.1,6.5
EMP01155,CRS0053,2026-07-22,Dropped,,34.5
EMP01155,CRS0118,2026-07-03,Dropped,,39.5
EMP01155,CRS0095,2025-02-07,Dropped,,18.1
EMP01155,CRS0115,2024-09-09,In Progress,,33.0
EMP01155,CRS0120,2025-10-11,In Progress,,23.2
EMP01155,CRS0001,2026-06-18,Dropped,,31.8
EMP01156,CRS0125,2024-03-14,In Progress,,24.2
EMP01156,CRS0119,2025-10-22,Completed,4.0,33.2
EMP01156,CRS0016,2024-07-01,In Progress,,11.6
EMP01157,CRS0046,2026-03-01,Completed,2.7,32.9
EMP01157,CRS0128,2025-06-19,Dropped,,31.0
EMP01157,CRS0109,2024-06-25,In Progress,,16.6
EMP01157,CRS0032,2024-09-12,Completed,4.1,24.8
EMP01157,CRS0005,2024-04-16,Dropped,,27.1
EMP01157,CRS0003,2025-10-23,Completed,4.6,28.4
EMP01158,CRS0063,2026-08-28,In Progress,,35.8
EMP01158,CRS0139,2026-12-28,Completed,3.7,5.4
EMP01159,CRS0031,2026-03-07,Completed,3.4,14.4
EMP01159,CRS0060,2024-11-15,Completed,2.8,8.3
EMP01160,CRS0120,2025-04-08,Completed,3.5,31.3
EMP01160,CRS0026,2026-11-02,In Progress,,20.4
EMP01161,CRS0018,2025-11-27,Completed,2.2,12.7
EMP01161,CRS0050,2024-10-16,In Progress,,34.7
EMP01161,CRS0045,2025-05-19,Completed,4.6,23.3
EMP01161,CRS0013,2025-03-22,Completed,2.3,30.8
EMP01161,CRS0130,2026-01-01,In Progress,,39.7
EMP01161,CRS0037,2024-09-10,In Progress,,34.9
EMP01162,CRS0035,2026-04-28,Completed,4.1,22.5
EMP01162,CRS0071,2026-05-07,Completed,2.3,20.8
EMP01162,CRS0025,2024-06-24,Completed,2.7,35.8
EMP01163,CRS0044,2024-07-17,Completed,4.8,21.8
EMP01163,CRS0086,2025-03-20,Completed,2.5,5.1
EMP01163,CRS0024,2026-07-18,Dropped,,28.2
EMP01163,CRS0128,2024-07-15,Completed,2.9,8.7
EMP01163,CRS0058,2026-03-04,Completed,2.2,8.2
EMP01164,CRS0069,2025-05-24,In Progress,,26.9
EMP01164,CRS0003,2025-03-27,Completed,3.0,33.1
EMP01164,CRS0118,2026-06-02,Completed,2.3,28.5
EMP01165,CRS0027,2026-10-11,Completed,4.8,16.3
EMP01165,CRS0062,2026-05-17,Completed,2.4,23.4
EMP01166,CRS0066,2024-05-16,Completed,3.4,7.6
EMP01166,CRS0092,2026-02-15,Completed,4.5,39.7
EMP01166,CRS0070,2026-05-19,In Progress,,17.7
EMP01166,CRS0072,2024-05-10,Completed,2.8,16.6
EMP01166,CRS0113,2025-05-17,Completed,3.3,32.4
EMP01166,CRS0037,2025-03-23,Completed,2.9,14.1
EMP01167,CRS0131,2026-04-01,In Progress,,35.6
EMP01167,CRS0137,2026-05-05,Completed,4.9,20.1
EMP01167,CRS0101,2025-12-20,Completed,4.8,5.7
EMP01167,CRS0077,2024-10-07,Completed,3.5,11.9
EMP01167,CRS0098,2026-08-24,Completed,3.5,40.0
EMP01167,CRS0082,2024-05-04,Completed,3.1,33.8
EMP01168,CRS0082,2025-02-06,In Progress,,27.7
EMP01168,CRS0001,2025-03-02,Completed,2.4,10.7
EMP01168,CRS0053,2025-04-27,Completed,4.7,24.8
EMP01169,CRS0013,2026-11-18,Completed,4.8,25.0
EMP01169,CRS0014,2024-04-12,Dropped,,37.6
EMP01169,CRS0110,2026-04-21,Completed,5.0,22.2
EMP01169,CRS0061,2024-07-08,Completed,3.1,37.3
EMP01169,CRS0042,2025-02-24,Completed,2.3,24.9
EMP01170,CRS0134,2026-10-17,In Progress,,23.4
EMP01170,CRS0089,2026-02-04,Dropped,,27.4
EMP01171,CRS0070,2024-04-22,Completed,3.9,17.6
EMP01171,CRS0047,2025-06-07,Dropped,,30.3
EMP01171,CRS0031,2025-10-22,In Progress,,9.4
EMP01171,CRS0128,2024-11-01,Completed,2.3,24.6
EMP01171,CRS0061,2026-04-06,Completed,4.5,35.1
EMP01171,CRS0074,2026-01-28,Completed,2.8,9.4
EMP01172,CRS0021,2025-11-08,Completed,3.1,10.4
EMP01172,CRS0118,2025-03-10,Completed,3.5,32.3
EMP01173,CRS0123,2024-02-06,Dropped,,6.5
EMP01173,CRS0129,2026-07-20,Completed,3.9,22.5
EMP01173,CRS0062,2025-02-19,Dropped,,3.9
EMP01173,CRS0008,2026-03-16,Dropped,,33.8
EMP01174,CRS0072,2026-11-27,Completed,2.1,16.6
EMP01174,CRS0075,2024-02-03,Completed,2.4,36.4
EMP01174,CRS0093,2025-09-19,Dropped,,23.5
EMP01175,CRS0028,2024-09-02,In Progress,,4.1
EMP01175,CRS0110,2024-08-15,Completed,2.8,39.0
EMP01175,CRS0104,2024-02-13,Completed,2.4,34.9
EMP01175,CRS0092,2024-01-01,Completed,4.5,16.0
EMP01176,CRS0099,2025-11-08,Completed,4.6,11.1
EMP01176,CRS0106,2026-02-24,Completed,4.6,19.1
EMP01176,CRS0138,2025-09-03,In Progress,,12.2
EMP01177,CRS0059,2025-04-28,Completed,2.2,8.0
EMP01177,CRS0013,2024-03-20,Completed,2.4,33.4
EMP01177,CRS0046,2026-04-25,In Progress,,37.5
EMP01177,CRS0028,2025-03-08,In Progress,,4.0
EMP01177,CRS0045,2025-11-10,Completed,3.1,16.6
EMP01178,CRS0045,2025-12-22,In Progress,,32.5
EMP01178,CRS0090,2025-10-03,Completed,3.1,32.8
EMP01178,CRS0041,2024-04-13,Completed,3.1,24.6
EMP01178,CRS0040,2025-03-27,Completed,3.1,30.4
EMP01178,CRS0084,2025-07-14,Dropped,,18.8
EMP01178,CRS0073,2024-07-23,Completed,3.2,34.1
EMP01179,CRS0100,2025-03-25,Completed,2.8,15.5
EMP01179,CRS0019,2024-06-20,Completed,4.2,8.5
EMP01179,CRS0127,2024-06-10,In Progress,,11.9
EMP01179,CRS0078,2024-08-03,Completed,3.6,16.3
EMP01179,CRS0113,2025-01-23,Completed,4.8,26.9
EMP01180,CRS0075,2024-07-02,Dropped,,10.4
EMP01180,CRS0131,2026-10-12,Completed,3.1,15.0
EMP01180,CRS0125,2026-12-22,Completed,2.3,31.3
EMP01181,CRS0072,2024-11-15,Completed,2.1,30.2
EMP01181,CRS0047,2025-09-01,Completed,4.4,28.7
EMP01181,CRS0066,2026-12-12,Completed,3.5,14.9
EMP01181,CRS0002,2026-04-14,In Progress,,39.5
EMP01182,CRS0083,2026-12-16,In Progress,,19.1
EMP01182,CRS0068,2024-11-19,Completed,3.0,13.1
EMP01182,CRS0115,2025-04-13,Completed,2.2,31.2
EMP01182,CRS0096,2026-05-19,Completed,4.4,14.4
EMP01183,CRS0136,2025-03-25,In Progress,,35.2
EMP01183,CRS0084,2025-09-01,Completed,2.2,21.4
EMP01183,CRS0016,2026-10-09,Completed,3.2,18.7
EMP01183,CRS0116,2026-04-22,Completed,2.3,38.3
EMP01183,CRS0134,2025-07-16,Dropped,,8.0
EMP01184,CRS0040,2024-01-24,Completed,2.6,36.2
EMP01184,CRS0119,2025-10-21,Completed,4.4,38.5
EMP01185,CRS0049,2024-10-23,Completed,3.1,33.0
EMP01185,CRS0082,2024-02-10,Completed,2.2,28.0
EMP01185,CRS0019,2024-10-16,Completed,3.2,32.0
EMP01185,CRS0125,2025-02-22,Completed,3.7,38.9
EMP01185,CRS0090,2024-07-19,Completed,3.3,14.5
EMP01186,CRS0040,2024-01-25,Completed,4.9,19.3
EMP01186,CRS0135,2025-02-17,Completed,4.1,3.1
EMP01186,CRS0069,2026-08-16,Completed,4.5,24.5
EMP01187,CRS0122,2024-08-12,Dropped,,32.5
EMP01187,CRS0056,2024-02-02,Completed,3.5,17.7
EMP01187,CRS0028,2026-08-16,Completed,3.2,25.2
EMP01188,CRS0014,2026-12-26,Completed,2.6,16.1
EMP01188,CRS0001,2024-07-04,Completed,4.2,4.7
EMP01188,CRS0119,2025-01-01,Completed,4.7,31.9
EMP01188,CRS0015,2024-03-05,Completed,4.5,5.8
EMP01189,CRS0044,2026-01-11,Completed,2.7,39.2
EMP01189,CRS0102,2024-09-03,Completed,4.2,6.6
EMP01190,CRS0051,2026-08-27,Dropped,,18.6
EMP01190,CRS0069,2026-05-03,Completed,4.5,6.2
EMP01190,CRS0029,2025-04-27,Completed,4.4,31.5
EMP01190,CRS0002,2024-10-13,Completed,2.4,7.8
EMP01190,CRS0098,2026-06-17,Completed,2.4,38.9
EMP01191,CRS0032,2024-06-09,Completed,4.6,2.8
EMP01191,CRS0111,2026-07-11,In Progress,,31.9
EMP01191,CRS0115,2026-03-23,Completed,4.9,28.8
EMP01191,CRS0038,2024-06-27,Completed,3.6,38.6
EMP01191,CRS0028,2024-06-23,In Progress,,26.2
EMP01192,CRS0089,2025-04-08,Completed,2.8,31.2
EMP01192,CRS0085,2024-11-15,Dropped,,8.8
EMP01192,CRS0001,2024-11-07,Completed,2.9,18.8
EMP01192,CRS0044,2026-04-20,Completed,2.5,17.2
EMP01192,CRS0076,2024-02-25,In Progress,,6.9
EMP01193,CRS0107,2025-09-01,Completed,2.5,21.4
EMP01193,CRS0116,2025-10-14,Completed,2.6,4.3
EMP01193,CRS0109,2025-07-28,Completed,4.1,36.8
EMP01193,CRS0119,2025-01-21,Completed,4.5,8.6
EMP01193,CRS0072,2025-11-10,Completed,4.4,25.1
EMP01193,CRS0079,2026-01-09,In Progress,,24.7
EMP01194,CRS0032,2026-09-28,Dropped,,38.9
EMP01194,CRS0107,2025-08-23,Completed,2.9,17.5
EMP01194,CRS0077,2026-08-04,Dropped,,11.3
EMP01194,CRS0084,2026-10-07,Completed,2.8,19.7
EMP01194,CRS0066,2025-04-05,Completed,2.5,36.5
EMP01195,CRS0120,2026-09-21,Dropped,,11.8
EMP01195,CRS0097,2026-05-14,Completed,3.5,13.6
EMP01195,CRS0110,2025-11-02,In Progress,,15.0
EMP01196,CRS0008,2025-06-25,In Progress,,10.9
EMP01196,CRS0040,2025-06-07,In Progress,,38.7
EMP01196,CRS0026,2024-03-08,Completed,3.7,39.4
EMP01197,CRS0086,2024-09-20,Completed,3.5,8.2
EMP01197,CRS0063,2025-08-22,Dropped,,31.1
EMP01197,CRS0056,2026-01-26,Completed,3.8,26.1
EMP01197,CRS0090,2026-09-01,Dropped,,34.0
EMP01198,CRS0052,2025-02-26,In Progress,,19.7
EMP01198,CRS0060,2025-01-04,Completed,4.7,27.5
EMP01199,CRS0023,2026-07-27,In Progress,,22.1
EMP01199,CRS0030,2025-03-18,Completed,2.2,11.2
EMP01199,CRS0021,2026-07-11,Completed,3.1,19.6
EMP01199,CRS0092,2026-08-21,Completed,4.3,16.3
EMP01200,CRS0006,2026-10-18,Completed,4.4,4.4
EMP01200,CRS0095,2026-10-28,In Progress,,4.4
EMP01200,CRS0113,2025-08-08,Completed,2.7,3.3
EMP01200,CRS0036,2025-10-10,Completed,2.0,16.3
EMP01201,CRS0115,2025-04-06,Completed,4.5,22.0
EMP01201,CRS0106,2025-12-08,In Progress,,32.8
EMP01201,CRS0049,2025-04-03,In Progress,,5.8
EMP01202,CRS0118,2025-02-09,Completed,3.8,34.9
EMP01202,CRS0087,2025-12-10,Completed,4.6,38.7
EMP01203,CRS0057,2026-07-04,In Progress,,32.4
EMP01203,CRS0008,2026-09-28,Completed,2.6,29.9
EMP01203,CRS0097,2025-12-24,In Progress,,17.7
EMP01204,CRS0139,2025-11-16,In Progress,,15.5
EMP01204,CRS0081,2025-06-05,Completed,3.7,24.2
EMP01204,CRS0080,2025-03-21,In Progress,,38.0
EMP01205,CRS0086,2026-05-01,Completed,4.4,14.9
EMP01205,CRS0118,2024-02-01,In Progress,,37.6
EMP01205,CRS0140,2025-02-04,Completed,2.9,24.5
EMP01205,CRS0046,2025-09-11,In Progress,,33.8
EMP01206,CRS0096,2024-12-14,Completed,3.9,16.5
EMP01206,CRS0054,2026-06-26,Completed,4.5,10.2
EMP01206,CRS0009,2024-12-22,Completed,4.8,33.7
EMP01206,CRS0089,2025-04-20,Completed,2.4,15.2
EMP01207,CRS0047,2024-02-06,Completed,4.5,27.4
EMP01207,CRS0095,2025-09-24,In Progress,,8.0
EMP01207,CRS0103,2024-04-04,In Progress,,32.7
EMP01207,CRS0053,2025-06-04,In Progress,,6.4
EMP01208,CRS0061,2024-02-11,Completed,2.9,23.4
EMP01208,CRS0053,2024-09-16,Completed,3.3,13.7
EMP01208,CRS0094,2025-02-08,In Progress,,20.1
EMP01208,CRS0051,2025-12-22,Completed,4.1,25.1
EMP01208,CRS0106,2025-05-18,Completed,3.8,36.7
EMP01209,CRS0085,2026-07-26,In Progress,,20.4
EMP01209,CRS0111,2024-07-03,Completed,4.0,9.7
EMP01209,CRS0041,2026-10-05,In Progress,,2.0
EMP01210,CRS0108,2026-08-26,Completed,2.3,10.4
EMP01210,CRS0137,2026-06-02,Completed,4.1,18.7
EMP01210,CRS0122,2026-02-22,In Progress,,16.3
EMP01210,CRS0076,2026-09-11,Dropped,,6.9
EMP01210,CRS0040,2026-06-19,Dropped,,30.1
EMP01210,CRS0121,2025-05-27,In Progress,,13.1
EMP01211,CRS0061,2025-01-06,Completed,3.9,22.6
EMP01211,CRS0053,2024-07-23,Completed,4.5,5.8
EMP01211,CRS0026,2026-04-25,In Progress,,31.8
EMP01211,CRS0022,2024-11-12,Dropped,,11.5
EMP01211,CRS0023,2024-03-20,In Progress,,22.9
EMP01211,CRS0082,2025-07-03,In Progress,,18.2
EMP01212,CRS0016,2025-02-21,In Progress,,21.6
EMP01212,CRS0113,2026-06-09,In Progress,,21.4
EMP01212,CRS0062,2025-11-10,Completed,4.6,3.1
EMP01213,CRS0116,2026-06-28,Completed,4.7,36.2
EMP01213,CRS0126,2024-03-12,Completed,2.6,17.3
EMP01213,CRS0121,2026-07-07,Completed,4.4,35.8
EMP01213,CRS0075,2026-09-27,Completed,3.4,15.4
EMP01214,CRS0104,2025-01-13,Completed,4.2,16.5
EMP01214,CRS0015,2025-12-05,Completed,4.0,2.7
EMP01214,CRS0117,2026-07-12,Completed,4.8,18.0
EMP01214,CRS0048,2025-05-16,Completed,4.5,9.9
EMP01214,CRS0087,2024-03-22,Completed,2.3,28.9
EMP01215,CRS0004,2026-07-02,Completed,3.5,10.0
EMP01215,CRS0067,2026-03-01,Completed,4.6,23.0
EMP01215,CRS0051,2025-11-07,Dropped,,20.6
EMP01215,CRS0112,2026-11-19,Completed,3.7,24.5
EMP01216,CRS0123,2024-10-18,Completed,3.7,10.4
EMP01216,CRS0021,2025-01-04,Completed,3.8,5.7
EMP01216,CRS0025,2025-12-12,In Progress,,38.3
EMP01217,CRS0108,2025-11-27,Dropped,,18.4
EMP01217,CRS0003,2025-10-26,Completed,2.4,17.6
EMP01217,CRS0027,2024-03-17,Completed,2.4,21.7
EMP01217,CRS0131,2025-06-26,Completed,4.4,33.7
EMP01217,CRS0009,2025-04-03,In Progress,,20.5
EMP01218,CRS0022,2026-12-16,Completed,2.3,14.4
EMP01218,CRS0118,2024-06-11,In Progress,,18.2
EMP01218,CRS0075,2025-02-03,Completed,4.9,18.1
EMP01219,CRS0033,2025-02-25,Completed,3.8,19.3
EMP01219,CRS0083,2024-09-03,Completed,3.6,9.4
EMP01219,CRS0112,2024-05-04,In Progress,,39.5
EMP01219,CRS0109,2025-07-01,Completed,3.0,9.1
EMP01219,CRS0087,2026-07-28,In Progress,,13.8
EMP01219,CRS0029,2025-11-24,Completed,3.5,14.4
EMP01220,CRS0110,2025-04-20,Completed,2.3,34.2
EMP01220,CRS0081,2024-03-11,Dropped,,27.1
EMP01220,CRS0078,2025-08-09,Dropped,,21.4
EMP01220,CRS0065,2025-01-07,In Progress,,36.2
EMP01221,CRS0088,2024-09-23,Completed,4.3,16.4
EMP01221,CRS0017,2025-10-19,In Progress,,14.3
EMP01222,CRS0057,2024-03-11,Completed,3.5,10.7
EMP01222,CRS0140,2026-12-25,In Progress,,26.4
EMP01222,CRS0126,2024-07-12,Completed,2.8,33.6
EMP01222,CRS0069,2024-10-24,In Progress,,33.4
EMP01222,CRS0076,2025-07-27,In Progress,,39.0
EMP01223,CRS0094,2024-04-13,Completed,4.6,35.9
EMP01223,CRS0108,2025-02-02,Completed,4.0,19.3
EMP01223,CRS0041,2026-09-09,In Progress,,36.0
EMP01223,CRS0011,2024-09-06,Completed,3.4,6.6
EMP01223,CRS0128,2024-04-22,Dropped,,4.1
EMP01224,CRS0010,2025-04-22,Completed,4.2,6.3
EMP01224,CRS0063,2024-04-03,In Progress,,7.1
EMP01224,CRS0086,2025-05-14,In Progress,,18.6
EMP01224,CRS0131,2026-05-16,In Progress,,5.7
EMP01225,CRS0131,2025-10-24,Completed,3.5,28.8
EMP01225,CRS0128,2026-08-03,In Progress,,19.7
EMP01225,CRS0120,2026-05-14,Completed,4.6,5.3
EMP01225,CRS0135,2025-10-23,Completed,4.6,4.1
EMP01225,CRS0132,2024-11-23,Dropped,,8.7
EMP01225,CRS0078,2026-12-25,Completed,3.1,2.8
EMP01226,CRS0035,2025-09-22,Dropped,,16.9
EMP01226,CRS0127,2025-03-01,Dropped,,23.7
EMP01226,CRS0133,2025-01-21,Completed,2.6,16.6
EMP01227,CRS0013,2024-12-15,Completed,2.3,30.7
EMP01227,CRS0082,2024-04-07,Dropped,,16.2
EMP01227,CRS0036,2025-08-14,Completed,4.5,12.7
EMP01228,CRS0064,2024-09-09,In Progress,,4.7
EMP01228,CRS0107,2026-10-06,In Progress,,37.8
EMP01229,CRS0123,2025-02-05,Dropped,,22.6
EMP01229,CRS0014,2025-08-13,In Progress,,23.6
EMP01229,CRS0078,2024-06-10,Completed,4.8,37.7
EMP01229,CRS0082,2025-12-08,Completed,3.2,4.6
EMP01229,CRS0053,2026-04-22,Dropped,,6.6
EMP01229,CRS0134,2026-05-18,Dropped,,25.8
EMP01230,CRS0093,2025-01-25,Completed,3.0,37.1
EMP01230,CRS0063,2026-08-02,Completed,2.5,6.0
EMP01230,CRS0017,2024-08-24,Completed,4.1,9.0
EMP01230,CRS0046,2026-03-10,Completed,2.2,13.4
EMP01230,CRS0013,2026-10-16,Completed,4.7,18.7
EMP01230,CRS0009,2024-08-26,In Progress,,17.0
EMP01231,CRS0076,2025-05-18,In Progress,,20.8
EMP01231,CRS0037,2025-02-16,In Progress,,5.1
EMP01231,CRS0046,2026-08-22,In Progress,,39.4
EMP01231,CRS0026,2025-11-02,Completed,2.7,10.5
EMP01231,CRS0009,2025-10-13,In Progress,,29.6
EMP01232,CRS0108,2024-05-12,Completed,3.2,8.5
EMP01232,CRS0082,2026-09-23,Completed,5.0,14.0
EMP01233,CRS0130,2024-11-15,Completed,4.1,19.0
EMP01233,CRS0112,2024-12-21,Completed,2.2,24.4
EMP01233,CRS0042,2025-07-24,In Progress,,31.9
EMP01233,CRS0055,2025-11-01,In Progress,,2.0
EMP01233,CRS0114,2025-03-24,Completed,2.5,18.7
EMP01234,CRS0079,2024-12-01,Completed,4.5,38.1
EMP01234,CRS0087,2024-07-26,Completed,3.6,21.0
EMP01234,CRS0047,2025-10-10,Dropped,,18.1
EMP01234,CRS0114,2026-07-18,In Progress,,5.3
EMP01235,CRS0131,2026-10-05,In Progress,,2.3
EMP01235,CRS0125,2026-08-01,Completed,3.7,37.4
EMP01235,CRS0070,2026-08-18,Completed,2.6,15.9
EMP01235,CRS0050,2026-12-13,Completed,4.6,14.5
EMP01236,CRS0055,2024-01-17,In Progress,,17.9
EMP01236,CRS0002,2025-06-01,Completed,2.4,8.6
EMP01236,CRS0037,2025-04-23,Completed,2.4,18.0
EMP01236,CRS0067,2024-10-09,In Progress,,29.8
EMP01237,CRS0095,2025-07-06,Completed,3.7,27.1
EMP01237,CRS0114,2025-01-07,Completed,4.0,20.7
EMP01237,CRS0060,2026-09-02,Dropped,,7.8
EMP01237,CRS0026,2025-06-17,Completed,2.2,3.9
EMP01238,CRS0110,2026-04-25,Completed,3.8,27.0
EMP01238,CRS0070,2024-09-07,In Progress,,31.1
EMP01238,CRS0029,2025-09-17,In Progress,,22.0
EMP01238,CRS0118,2026-09-05,Completed,4.2,17.1
EMP01238,CRS0062,2026-12-14,Completed,2.4,19.0
EMP01238,CRS0100,2025-06-06,Dropped,,5.9
EMP01239,CRS0064,2026-11-20,Completed,4.5,24.9
EMP01239,CRS0086,2026-11-12,Completed,3.6,20.6
EMP01239,CRS0010,2025-09-09,Completed,3.7,21.9
EMP01240,CRS0104,2025-01-18,Completed,4.5,25.4
EMP01240,CRS0008,2025-11-21,Completed,2.5,29.3
EMP01240,CRS0051,2025-07-15,Completed,3.6,36.1
EMP01240,CRS0054,2026-07-15,Completed,4.9,32.6
EMP01240,CRS0075,2026-08-03,In Progress,,10.7
EMP01240,CRS0046,2025-11-19,Completed,2.2,25.1
EMP01241,CRS0068,2024-11-14,Completed,2.6,20.5
EMP01241,CRS0111,2024-12-08,Completed,2.8,16.7
EMP01241,CRS0129,2025-08-07,Completed,2.8,23.1
EMP01241,CRS0059,2026-02-20,Completed,2.3,22.4
EMP01241,CRS0056,2024-03-19,Completed,3.2,17.0
EMP01242,CRS0006,2025-07-28,Dropped,,8.9
EMP01242,CRS0103,2024-07-22,Completed,3.7,20.1
EMP01242,CRS0061,2024-08-05,In Progress,,14.3
EMP01242,CRS0094,2024-09-21,Completed,4.0,13.4
EMP01243,CRS0135,2026-03-26,Completed,4.7,37.4
EMP01243,CRS0003,2025-12-01,In Progress,,12.2
EMP01243,CRS0007,2025-10-01,Dropped,,4.5
EMP01243,CRS0131,2025-12-20,Completed,4.3,30.4
EMP01244,CRS0096,2026-07-04,Completed,3.1,13.2
EMP01244,CRS0070,2026-10-20,In Progress,,20.5
EMP01244,CRS0058,2024-12-14,Completed,3.4,7.7
EMP01244,CRS0074,2024-06-08,Completed,4.7,29.8
EMP01244,CRS0083,2024-03-15,Completed,2.1,7.6
EMP01245,CRS0016,2026-10-08,In Progress,,28.3
EMP01245,CRS0122,2025-02-09,In Progress,,28.3
EMP01245,CRS0108,2026-11-01,Completed,4.6,16.3
EMP01245,CRS0121,2024-03-25,Completed,3.3,35.9
EMP01246,CRS0128,2025-10-28,In Progress,,4.1
EMP01246,CRS0088,2024-06-12,In Progress,,25.5
EMP01247,CRS0089,2024-03-05,Completed,4.8,14.9
EMP01247,CRS0057,2026-05-09,Completed,4.2,22.4
EMP01247,CRS0041,2026-10-12,In Progress,,9.2
EMP01247,CRS0037,2025-10-20,In Progress,,36.6
EMP01247,CRS0067,2024-06-14,Completed,4.8,11.1
EMP01247,CRS0066,2024-06-24,Completed,3.8,3.6
EMP01248,CRS0095,2024-09-28,Completed,2.3,31.8
EMP01248,CRS0017,2026-02-03,Completed,2.1,32.7
EMP01248,CRS0004,2025-10-26,Completed,2.6,2.9
EMP01248,CRS0111,2025-06-05,Completed,4.5,7.5
EMP01248,CRS0054,2026-10-25,Completed,4.7,32.6
EMP01249,CRS0102,2026-06-02,Completed,2.2,7.5
EMP01249,CRS0035,2024-12-04,Completed,4.6,23.3
EMP01249,CRS0130,2025-12-24,Completed,2.4,17.5
EMP01249,CRS0061,2025-06-09,Completed,4.2,22.1
EMP01249,CRS0002,2025-05-01,Completed,3.7,22.8
EMP01249,CRS0048,2025-06-10,Completed,2.7,37.9
EMP01250,CRS0018,2024-06-13,Completed,3.4,22.1
EMP01250,CRS0048,2026-01-27,Completed,2.7,34.6
EMP01250,CRS0128,2025-05-21,Completed,5.0,24.2
EMP01250,CRS0014,2024-03-27,Completed,2.3,2.4
EMP01250,CRS0096,2026-04-11,In Progress,,31.6
EMP01251,CRS0107,2024-06-01,Completed,4.6,18.4
EMP01251,CRS0102,2026-06-21,Dropped,,25.5
EMP01252,CRS0118,2025-10-23,Completed,3.7,33.4
EMP01252,CRS0110,2026-05-16,Dropped,,24.2
EMP01252,CRS0085,2026-01-23,Completed,3.4,35.3
EMP01252,CRS0125,2026-12-13,Completed,4.6,5.1
EMP01253,CRS0032,2025-02-25,Completed,3.3,31.7
EMP01253,CRS0007,2025-11-21,In Progress,,13.7
EMP01254,CRS0044,2025-11-14,Completed,3.9,3.9
EMP01254,CRS0021,2025-08-07,In Progress,,7.1
EMP01254,CRS0026,2024-04-28,Dropped,,37.4
EMP01255,CRS0002,2024-08-18,Completed,2.8,39.2
EMP01255,CRS0138,2024-05-13,Dropped,,32.2
EMP01255,CRS0063,2026-08-09,Completed,2.6,35.5
EMP01256,CRS0094,2025-09-02,Completed,4.7,23.0
EMP01256,CRS0107,2026-01-02,In Progress,,38.4
EMP01256,CRS0082,2026-06-23,Completed,3.1,23.1
EMP01257,CRS0140,2024-06-09,Completed,3.1,35.9
EMP01257,CRS0030,2025-08-18,Completed,3.6,28.2
EMP01257,CRS0084,2025-10-23,Completed,3.9,38.5
EMP01258,CRS0028,2026-11-26,In Progress,,6.3
EMP01258,CRS0073,2025-07-14,In Progress,,38.3
EMP01258,CRS0136,2025-02-15,Completed,3.8,24.6
EMP01258,CRS0134,2025-07-27,Completed,2.0,33.8
EMP01259,CRS0102,2025-11-11,Completed,3.1,34.6
EMP01259,CRS0101,2024-08-26,Completed,4.6,28.0
EMP01259,CRS0110,2025-10-20,Completed,3.3,25.0
EMP01260,CRS0044,2024-09-04,Completed,4.8,32.3
EMP01260,CRS0059,2025-07-09,In Progress,,8.9
EMP01261,CRS0080,2024-07-07,In Progress,,22.8
EMP01261,CRS0028,2024-11-12,In Progress,,22.4
EMP01261,CRS0135,2026-06-03,In Progress,,9.6
EMP01261,CRS0101,2025-07-04,Completed,2.2,39.2
EMP01261,CRS0025,2024-03-16,In Progress,,38.0
EMP01261,CRS0099,2025-10-26,Completed,3.4,13.3
EMP01262,CRS0115,2024-08-25,Completed,3.9,32.6
EMP01262,CRS0044,2025-09-06,Completed,3.8,38.9
EMP01262,CRS0045,2026-06-22,In Progress,,15.2
EMP01263,CRS0070,2025-01-28,Completed,3.6,13.7
EMP01263,CRS0051,2026-07-04,Completed,3.8,7.8
EMP01263,CRS0031,2025-08-16,In Progress,,15.2
EMP01263,CRS0056,2024-09-08,Completed,4.4,4.1
EMP01263,CRS0081,2025-02-03,In Progress,,12.0
EMP01263,CRS0127,2025-02-19,Completed,3.8,11.9
EMP01264,CRS0075,2025-04-10,Dropped,,21.5
EMP01264,CRS0027,2024-11-15,Completed,2.0,38.6
EMP01264,CRS0095,2025-10-04,Completed,4.5,27.4
EMP01265,CRS0079,2024-02-27,Completed,4.9,34.0
EMP01265,CRS0084,2026-02-13,Completed,3.8,12.5
EMP01265,CRS0055,2024-06-16,In Progress,,13.4
EMP01265,CRS0063,2026-05-01,Completed,3.4,36.0
EMP01266,CRS0023,2026-06-16,Completed,3.9,20.5
EMP01266,CRS0052,2025-02-10,Completed,4.0,13.4
EMP01266,CRS0069,2026-11-12,Completed,2.3,24.1
EMP01266,CRS0019,2024-07-18,Completed,4.3,22.6
EMP01266,CRS0126,2025-07-24,Completed,4.6,8.6
EMP01266,CRS0130,2025-04-17,Completed,4.6,3.9
EMP01267,CRS0018,2024-11-01,In Progress,,29.1
EMP01267,CRS0098,2025-01-26,In Progress,,25.0
EMP01267,CRS0139,2025-01-08,Completed,4.8,12.5
EMP01267,CRS0080,2025-06-23,Completed,2.0,27.5
EMP01267,CRS0136,2026-01-17,In Progress,,27.6
EMP01267,CRS0036,2024-01-06,Completed,3.5,10.8
EMP01268,CRS0097,2025-10-28,Completed,4.3,10.4
EMP01268,CRS0062,2026-07-02,Completed,2.8,9.9
EMP01268,CRS0036,2025-04-11,Completed,2.1,19.6
EMP01268,CRS0117,2026-06-09,In Progress,,8.2
EMP01268,CRS0047,2025-04-19,Completed,2.2,32.2
EMP01269,CRS0049,2026-10-14,In Progress,,15.2
EMP01269,CRS0079,2024-12-01,Completed,3.3,26.1
EMP01269,CRS0095,2025-05-01,Completed,3.9,19.4
EMP01269,CRS0025,2026-12-08,In Progress,,5.4
EMP01269,CRS0050,2024-10-20,Completed,4.6,13.1
EMP01270,CRS0052,2026-03-23,Completed,2.9,3.9
EMP01270,CRS0112,2025-01-02,Completed,2.9,33.4
EMP01271,CRS0033,2026-10-07,Completed,2.6,34.3
EMP01271,CRS0139,2025-06-18,Completed,3.8,37.1
EMP01271,CRS0047,2025-05-28,Completed,2.5,4.4
EMP01271,CRS0043,2025-08-12,Completed,2.5,12.3
EMP01271,CRS0049,2026-11-20,Completed,2.9,8.2
EMP01272,CRS0112,2025-01-07,Completed,3.2,15.2
EMP01272,CRS0052,2026-02-08,Completed,2.0,8.4
EMP01272,CRS0138,2026-08-12,Completed,4.3,28.6
EMP01272,CRS0049,2026-05-06,In Progress,,26.4
EMP01273,CRS0078,2025-05-22,In Progress,,10.2
EMP01273,CRS0074,2025-05-19,In Progress,,14.6
EMP01274,CRS0135,2024-10-28,Completed,3.1,12.9
EMP01274,CRS0060,2025-03-03,Completed,3.0,11.5
EMP01274,CRS0109,2025-07-14,Completed,3.5,27.9
EMP01274,CRS0134,2025-09-24,Dropped,,2.8
EMP01274,CRS0052,2024-12-09,Completed,3.7,29.1
EMP01274,CRS0033,2025-07-04,Completed,4.9,20.1
EMP01275,CRS0140,2024-01-06,In Progress,,4.9
EMP01275,CRS0012,2026-06-12,Completed,2.3,7.3
EMP01276,CRS0046,2026-04-05,In Progress,,17.9
EMP01276,CRS0025,2024-05-05,Completed,3.7,36.6
EMP01277,CRS0105,2025-05-11,Completed,5.0,6.8
EMP01277,CRS0060,2024-05-11,Completed,3.4,14.8
EMP01277,CRS0035,2025-08-18,Completed,3.9,20.6
EMP01278,CRS0009,2024-12-22,Completed,3.6,9.1
EMP01278,CRS0021,2025-10-22,Completed,3.0,32.1
EMP01278,CRS0032,2026-10-23,Completed,2.6,16.7
EMP01278,CRS0091,2025-08-03,Completed,2.1,35.4
EMP01278,CRS0026,2026-02-12,Completed,2.7,9.6
EMP01278,CRS0054,2026-12-16,Completed,3.0,19.3
EMP01279,CRS0042,2026-04-01,Completed,2.9,39.5
EMP01279,CRS0098,2026-10-03,Completed,4.3,22.3
EMP01279,CRS0002,2026-07-16,Completed,3.1,20.3
EMP01279,CRS0047,2026-10-20,Dropped,,39.7
EMP01279,CRS0056,2026-11-04,Completed,4.0,38.1
EMP01280,CRS0075,2026-01-02,Completed,4.0,24.7
EMP01280,CRS0118,2025-06-17,Completed,2.3,14.8
EMP01280,CRS0070,2025-04-11,In Progress,,36.4
EMP01280,CRS0100,2024-09-25,Completed,2.5,20.0
EMP01280,CRS0031,2025-07-17,In Progress,,25.0
EMP01280,CRS0045,2026-12-09,Completed,4.7,22.3
EMP01281,CRS0018,2026-07-12,Completed,2.2,29.1
EMP01281,CRS0023,2025-12-20,In Progress,,30.7
EMP01281,CRS0099,2025-12-12,Completed,3.4,31.9
EMP01282,CRS0052,2024-11-02,Completed,3.5,27.2
EMP01282,CRS0021,2025-06-19,Dropped,,31.4
EMP01282,CRS0005,2026-06-18,Completed,3.7,25.9
EMP01282,CRS0088,2025-09-10,Completed,3.4,9.2
EMP01283,CRS0066,2024-12-04,Completed,3.7,31.2
EMP01283,CRS0042,2026-07-02,Completed,4.1,38.7
EMP01283,CRS0049,2026-09-04,Completed,3.9,30.9
EMP01284,CRS0012,2024-05-01,In Progress,,13.5
EMP01284,CRS0070,2026-02-23,Completed,2.2,15.2
EMP01284,CRS0013,2026-03-20,Completed,2.8,25.9
EMP01284,CRS0030,2025-05-03,In Progress,,36.5
EMP01284,CRS0082,2025-05-15,In Progress,,8.5
EMP01284,CRS0032,2026-10-24,Completed,4.1,28.2
EMP01285,CRS0074,2025-03-09,Completed,4.2,2.5
EMP01285,CRS0088,2026-11-09,Completed,4.9,19.2
EMP01285,CRS0055,2026-12-27,Completed,4.0,37.3
EMP01286,CRS0136,2026-11-18,Completed,2.5,23.6
EMP01286,CRS0087,2025-07-04,Completed,2.5,31.8
EMP01286,CRS0048,2026-01-20,Dropped,,35.6
EMP01286,CRS0116,2024-10-25,In Progress,,2.1
EMP01286,CRS0111,2024-10-14,In Progress,,24.3
EMP01287,CRS0092,2024-04-04,Completed,2.2,15.0
EMP01287,CRS0026,2024-04-16,Completed,2.4,34.1
EMP01287,CRS0082,2025-11-08,Completed,2.0,16.8
EMP01288,CRS0123,2026-02-11,Completed,2.3,7.3
EMP01288,CRS0089,2024-06-13,Completed,2.7,2.3
EMP01288,CRS0118,2025-02-07,Completed,4.4,12.3
EMP01288,CRS0047,2024-06-03,Dropped,,11.0
EMP01288,CRS0095,2026-12-10,Completed,3.5,25.2
EMP01289,CRS0037,2024-10-27,Completed,3.1,35.6
EMP01289,CRS0106,2026-05-23,Completed,5.0,26.4
EMP01289,CRS0111,2025-11-11,Completed,2.7,15.5
EMP01290,CRS0098,2026-04-11,Completed,3.2,17.9
EMP01290,CRS0111,2024-09-25,Completed,4.8,14.3
EMP01290,CRS0128,2026-04-27,Completed,2.6,35.5
EMP01291,CRS0131,2026-05-20,In Progress,,23.6
EMP01291,CRS0083,2025-08-11,In Progress,,15.5
EMP01291,CRS0048,2024-02-22,Completed,5.0,10.4
EMP01291,CRS0115,2025-01-14,Completed,2.0,28.0
EMP01292,CRS0023,2025-09-07,Completed,2.1,13.7
EMP01292,CRS0037,2024-02-13,Completed,4.8,35.8
EMP01292,CRS0051,2024-11-09,Completed,3.5,2.8
EMP01292,CRS0020,2026-06-05,Completed,2.8,34.9
EMP01293,CRS0102,2025-05-22,Completed,2.5,4.8
EMP01293,CRS0052,2025-09-21,Completed,2.9,16.7
EMP01293,CRS0106,2025-08-22,Dropped,,20.3
EMP01293,CRS0077,2024-07-20,Completed,3.4,34.5
EMP01293,CRS0043,2024-12-08,Completed,4.1,2.2
EMP01294,CRS0057,2026-09-05,Completed,3.7,32.5
EMP01294,CRS0034,2024-03-21,In Progress,,33.5
EMP01294,CRS0125,2025-02-20,Dropped,,27.3
EMP01295,CRS0099,2025-02-14,Completed,2.9,19.5
EMP01295,CRS0019,2026-05-19,In Progress,,32.3
EMP01295,CRS0076,2024-07-01,Dropped,,39.0
EMP01295,CRS0073,2024-03-17,In Progress,,21.6
EMP01295,CRS0025,2025-02-25,Completed,2.9,17.4
EMP01295,CRS0139,2026-06-20,Completed,4.7,16.5
EMP01296,CRS0049,2026-01-18,Dropped,,19.2
EMP01296,CRS0041,2026-01-07,Completed,4.4,3.6
EMP01296,CRS0087,2025-12-24,Completed,4.1,31.3
EMP01297,CRS0019,2024-04-28,Completed,2.1,34.0
EMP01297,CRS0021,2026-06-23,Completed,4.4,15.8
EMP01297,CRS0048,2026-03-19,In Progress,,5.7
EMP01297,CRS0013,2024-03-07,Completed,4.9,3.3
EMP01297,CRS0036,2026-03-08,Completed,2.6,16.1
EMP01298,CRS0139,2026-10-16,Completed,2.4,11.2
EMP01298,CRS0092,2024-09-27,In Progress,,19.8
EMP01298,CRS0018,2025-09-15,In Progress,,24.9
EMP01299,CRS0113,2024-10-25,Completed,3.7,13.1
EMP01299,CRS0137,2025-06-04,Completed,4.6,34.2
EMP01299,CRS0041,2025-06-15,Completed,4.1,32.3
EMP01299,CRS0063,2024-07-17,Completed,2.1,17.3
EMP01299,CRS0101,2026-11-10,Completed,4.0,39.0
EMP01300,CRS0032,2024-04-01,In Progress,,21.5
EMP01300,CRS0130,2024-11-07,In Progress,,21.7
EMP01300,CRS0113,2026-12-18,Completed,5.0,36.1
EMP01300,CRS0037,2026-08-19,Completed,5.0,28.6
EMP01300,CRS0013,2025-01-15,Completed,4.7,2.8
EMP01300,CRS0045,2025-01-28,In Progress,,12.6
EMP01301,CRS0073,2026-11-01,Completed,4.5,8.3
EMP01301,CRS0062,2026-05-25,Completed,3.6,39.1
EMP01301,CRS0044,2025-02-22,Dropped,,32.3
EMP01301,CRS0113,2025-03-09,Completed,2.6,28.0
EMP01302,CRS0134,2024-11-21,In Progress,,39.3
EMP01302,CRS0135,2024-08-01,Completed,2.4,21.2
EMP01303,CRS0124,2025-12-11,Completed,3.2,8.0
EMP01303,CRS0076,2025-09-07,Completed,2.4,14.4
EMP01303,CRS0020,2025-08-17,Completed,2.3,18.4
EMP01303,CRS0010,2025-12-14,Completed,4.4,17.6
EMP01304,CRS0129,2024-01-06,Completed,4.7,4.2
EMP01304,CRS0071,2025-09-25,In Progress,,26.7
EMP01304,CRS0123,2025-11-04,In Progress,,34.6
EMP01304,CRS0028,2026-02-04,In Progress,,22.9
EMP01304,CRS0049,2025-07-02,In Progress,,4.0
EMP01305,CRS0049,2026-07-17,In Progress,,26.1
EMP01305,CRS0095,2025-01-18,Completed,3.8,5.7
EMP01305,CRS0064,2025-04-26,Completed,2.4,11.2
EMP01306,CRS0103,2024-08-04,In Progress,,17.0
EMP01306,CRS0127,2026-09-18,Completed,3.7,19.6
EMP01307,CRS0120,2026-04-10,Completed,4.6,9.6
EMP01307,CRS0132,2025-02-01,Completed,4.7,30.4
EMP01307,CRS0118,2025-04-01,Completed,4.3,29.2
EMP01307,CRS0023,2024-09-06,Dropped,,23.1
EMP01308,CRS0056,2026-03-10,In Progress,,28.5
EMP01308,CRS0030,2025-12-08,Completed,4.6,33.6
EMP01309,CRS0071,2026-05-05,Completed,3.7,22.2
EMP01309,CRS0076,2024-05-19,In Progress,,23.4
EMP01310,CRS0006,2026-04-08,Completed,3.3,29.4
EMP01310,CRS0024,2026-06-03,Completed,2.0,11.8
EMP01311,CRS0051,2025-02-16,Completed,3.3,16.8
EMP01311,CRS0012,2026-12-13,Completed,4.1,6.0
EMP01312,CRS0069,2024-09-10,Dropped,,21.8
EMP01312,CRS0106,2024-09-04,In Progress,,36.9
EMP01312,CRS0080,2024-05-09,Completed,3.7,25.0
EMP01312,CRS0138,2025-08-05,In Progress,,4.1
EMP01312,CRS0035,2025-03-03,In Progress,,13.7
EMP01312,CRS0008,2025-04-21,In Progress,,31.7
EMP01313,CRS0040,2026-11-10,Dropped,,38.8
EMP01313,CRS0007,2026-03-28,Dropped,,20.1
EMP01313,CRS0020,2025-01-23,Completed,4.7,3.1
EMP01313,CRS0105,2026-07-08,In Progress,,18.1
EMP01313,CRS0002,2026-09-26,In Progress,,7.1
EMP01314,CRS0056,2026-01-26,In Progress,,37.1
EMP01314,CRS0089,2025-12-15,In Progress,,20.3
EMP01314,CRS0132,2025-06-13,Completed,4.7,8.0
EMP01314,CRS0065,2026-05-04,Dropped,,16.6
EMP01315,CRS0081,2024-02-27,Completed,3.4,32.1
EMP01315,CRS0102,2024-09-23,Completed,2.1,20.8
EMP01315,CRS0100,2026-09-25,In Progress,,28.3
EMP01315,CRS0108,2025-11-19,Completed,4.3,23.6
EMP01315,CRS0118,2025-03-12,In Progress,,32.6
EMP01316,CRS0036,2024-04-12,Completed,2.1,29.1
EMP01316,CRS0089,2026-09-21,In Progress,,25.1
EMP01316,CRS0118,2024-09-14,Completed,2.1,21.6
EMP01316,CRS0108,2026-09-24,In Progress,,27.4
EMP01317,CRS0003,2026-08-18,Completed,2.4,24.5
EMP01317,CRS0065,2026-12-01,Completed,2.4,35.0
EMP01317,CRS0053,2026-10-27,Completed,2.7,36.2
EMP01318,CRS0003,2025-06-18,Completed,2.7,37.4
EMP01318,CRS0004,2026-11-27,Completed,4.2,36.0
EMP01318,CRS0072,2025-07-11,Completed,4.7,3.6
EMP01319,CRS0038,2026-01-20,Completed,3.5,27.6
EMP01319,CRS0091,2025-12-20,Completed,2.2,27.9
EMP01320,CRS0002,2024-09-25,In Progress,,31.0
EMP01320,CRS0070,2026-09-07,Completed,3.6,35.5
EMP01320,CRS0101,2025-02-14,Completed,3.2,36.6
EMP01320,CRS0050,2025-11-16,In Progress,,16.8
EMP01320,CRS0102,2026-08-11,In Progress,,19.3
EMP01320,CRS0018,2026-12-10,Completed,3.2,37.1
EMP01321,CRS0099,2026-10-15,In Progress,,28.9
EMP01321,CRS0026,2024-11-21,Dropped,,22.7
EMP01321,CRS0092,2024-08-25,Completed,4.1,11.8
EMP01322,CRS0010,2025-03-09,Dropped,,3.6
EMP01322,CRS0093,2026-12-28,Completed,4.5,5.1
EMP01322,CRS0137,2026-07-15,In Progress,,22.4
EMP01322,CRS0121,2024-02-08,Completed,3.8,16.0
EMP01322,CRS0087,2026-04-17,In Progress,,6.3
EMP01323,CRS0016,2024-05-27,In Progress,,2.8
EMP01323,CRS0113,2025-04-18,Completed,4.0,22.4
EMP01323,CRS0072,2026-11-25,Dropped,,30.4
EMP01323,CRS0021,2025-01-10,Dropped,,37.6
EMP01323,CRS0077,2026-12-07,Completed,2.9,22.3
EMP01324,CRS0113,2024-04-02,In Progress,,20.3
EMP01324,CRS0048,2025-05-10,Completed,3.7,11.2
EMP01324,CRS0056,2024-03-27,Completed,3.5,32.5
EMP01324,CRS0106,2026-06-10,Completed,4.2,39.4
EMP01325,CRS0100,2024-10-20,Completed,4.7,23.5
EMP01325,CRS0108,2026-11-21,Completed,4.6,23.7
EMP01325,CRS0027,2025-07-15,In Progress,,33.1
EMP01325,CRS0125,2025-02-03,Completed,3.4,24.7
EMP01325,CRS0118,2025-07-24,In Progress,,10.2
EMP01325,CRS0049,2026-07-05,Dropped,,14.1
EMP01326,CRS0015,2026-12-11,Completed,2.1,19.2
EMP01326,CRS0009,2025-05-09,Completed,2.1,4.1
EMP01327,CRS0089,2025-11-08,In Progress,,33.7
EMP01327,CRS0110,2024-08-12,Completed,4.7,29.6
EMP01328,CRS0040,2026-04-19,Completed,3.6,8.8
EMP01328,CRS0048,2025-01-04,In Progress,,14.2
EMP01328,CRS0006,2026-07-23,In Progress,,26.4
EMP01328,CRS0042,2026-08-06,In Progress,,38.7
EMP01328,CRS0030,2026-05-17,Completed,4.5,7.8
EMP01329,CRS0050,2025-07-28,Completed,3.4,37.1
EMP01329,CRS0037,2024-05-17,Completed,2.6,9.1
EMP01329,CRS0059,2026-09-18,Completed,3.3,39.1
EMP01329,CRS0120,2025-06-16,In Progress,,35.7
EMP01329,CRS0124,2025-06-17,In Progress,,37.5
EMP01329,CRS0094,2025-05-12,Completed,4.2,22.9
EMP01330,CRS0046,2026-11-05,Completed,3.7,12.1
EMP01330,CRS0071,2026-06-03,In Progress,,25.4
EMP01331,CRS0089,2024-02-18,Dropped,,9.9
EMP01331,CRS0037,2026-02-09,Completed,3.6,11.1
EMP01331,CRS0047,2025-05-15,Completed,4.7,27.3
EMP01331,CRS0134,2026-08-22,Dropped,,31.5
EMP01331,CRS0126,2024-04-03,In Progress,,38.3
EMP01332,CRS0138,2026-09-17,Dropped,,35.2
EMP01332,CRS0113,2025-11-23,In Progress,,27.5
EMP01332,CRS0046,2024-01-11,In Progress,,29.8
EMP01332,CRS0128,2025-08-18,In Progress,,3.2
EMP01332,CRS0125,2024-02-13,Dropped,,17.3
EMP01332,CRS0108,2026-12-13,Completed,4.3,14.6
EMP01333,CRS0030,2024-12-17,Completed,2.9,4.7
EMP01333,CRS0089,2025-10-02,Completed,3.8,26.4
EMP01333,CRS0060,2026-07-11,Completed,4.5,18.3
EMP01333,CRS0022,2025-07-27,In Progress,,37.0
EMP01334,CRS0014,2024-12-11,Completed,3.8,19.6
EMP01334,CRS0027,2025-02-24,Completed,4.6,9.0
EMP01334,CRS0127,2025-06-05,Completed,5.0,38.4
EMP01334,CRS0004,2026-06-23,In Progress,,37.5
EMP01334,CRS0090,2024-06-04,Completed,3.4,32.2
EMP01335,CRS0140,2024-04-21,Completed,4.7,29.2
EMP01335,CRS0062,2026-05-20,Completed,2.2,7.4
EMP01335,CRS0036,2026-05-15,Completed,2.1,31.1
EMP01335,CRS0002,2025-06-15,Dropped,,14.0
EMP01335,CRS0047,2026-11-07,In Progress,,11.4
EMP01336,CRS0047,2024-09-26,Completed,5.0,28.8
EMP01336,CRS0059,2025-10-26,In Progress,,11.2
EMP01336,CRS0018,2026-04-12,In Progress,,12.0
EMP01337,CRS0132,2024-10-26,In Progress,,20.9
EMP01337,CRS0003,2025-07-05,Completed,2.9,12.4
EMP01337,CRS0135,2024-11-05,Completed,4.7,9.2
EMP01337,CRS0070,2026-05-12,Completed,2.9,34.3
EMP01337,CRS0100,2026-01-13,Completed,4.9,29.6
EMP01337,CRS0133,2025-09-07,Completed,4.4,23.8
EMP01338,CRS0107,2025-12-11,Dropped,,18.2
EMP01338,CRS0038,2026-08-06,Completed,3.6,23.5
EMP01339,CRS0069,2024-11-02,Completed,4.2,28.0
EMP01339,CRS0077,2024-11-19,Completed,2.5,13.6
EMP01339,CRS0100,2024-11-03,In Progress,,24.4
EMP01339,CRS0063,2024-06-21,Completed,2.1,38.4
EMP01340,CRS0036,2024-06-10,Completed,2.6,21.4
EMP01340,CRS0130,2026-06-06,In Progress,,29.2
EMP01341,CRS0126,2025-08-16,In Progress,,34.7
EMP01341,CRS0003,2024-03-06,Completed,3.8,30.5
EMP01341,CRS0001,2025-04-10,Dropped,,18.4
EMP01342,CRS0131,2025-05-21,Completed,2.8,22.2
EMP01342,CRS0074,2024-03-07,Completed,4.3,33.0
EMP01342,CRS0062,2026-06-26,Dropped,,22.7
EMP01342,CRS0042,2025-04-02,Completed,3.3,18.5
EMP01342,CRS0110,2026-03-03,In Progress,,22.8
EMP01343,CRS0109,2026-11-03,Completed,2.6,36.6
EMP01343,CRS0072,2026-09-20,Completed,4.9,15.9
EMP01343,CRS0088,2024-01-16,Completed,4.2,8.4
EMP01343,CRS0108,2025-08-01,Completed,2.8,6.8
EMP01343,CRS0140,2024-08-16,In Progress,,19.1
EMP01343,CRS0039,2026-12-21,In Progress,,28.7
EMP01344,CRS0077,2026-10-15,Completed,4.5,19.8
EMP01344,CRS0065,2026-07-26,Completed,2.7,6.2
EMP01344,CRS0088,2024-03-10,Completed,3.5,6.5
EMP01345,CRS0100,2026-05-14,Completed,4.4,35.7
EMP01345,CRS0076,2024-01-26,Completed,3.1,10.1
EMP01345,CRS0082,2026-06-17,Completed,2.6,15.2
EMP01346,CRS0035,2024-10-05,Completed,4.5,20.7
EMP01346,CRS0097,2024-04-18,Completed,2.6,30.3
EMP01346,CRS0049,2026-09-01,In Progress,,32.9
EMP01346,CRS0048,2026-12-21,Completed,3.3,17.7
EMP01346,CRS0122,2026-10-27,Completed,4.9,3.6
EMP01347,CRS0001,2025-07-05,Completed,4.0,29.0
EMP01347,CRS0030,2024-02-28,Completed,3.0,3.0
EMP01347,CRS0104,2024-11-02,Completed,4.8,21.3
EMP01347,CRS0069,2024-03-05,Dropped,,3.5
EMP01348,CRS0092,2024-10-23,Completed,2.5,22.6
EMP01348,CRS0061,2026-09-01,Completed,5.0,3.9
EMP01349,CRS0109,2025-08-28,Completed,4.5,34.9
EMP01349,CRS0099,2025-10-20,Completed,2.8,19.7
EMP01349,CRS0019,2025-04-19,In Progress,,31.2
EMP01349,CRS0115,2026-07-17,Completed,3.2,14.3
EMP01350,CRS0129,2024-04-27,Completed,4.8,6.6
EMP01350,CRS0094,2026-05-28,Dropped,,4.0
EMP01350,CRS0119,2024-03-24,Completed,3.2,38.8
EMP01350,CRS0110,2026-12-22,Completed,4.5,4.3
EMP01350,CRS0010,2024-11-14,Completed,4.5,12.5
EMP01350,CRS0047,2026-06-14,Completed,2.8,31.1
EMP01351,CRS0098,2026-12-09,Completed,4.3,37.4
EMP01351,CRS0138,2024-12-17,Completed,4.6,6.6
EMP01351,CRS0107,2024-12-04,Completed,2.1,37.5
EMP01351,CRS0097,2024-08-17,Completed,4.8,18.9
EMP01352,CRS0126,2024-03-11,Completed,4.4,9.2
EMP01352,CRS0025,2026-09-23,In Progress,,37.8
EMP01352,CRS0005,2024-11-24,Completed,3.4,31.7
EMP01352,CRS0122,2025-06-02,Completed,5.0,29.4
EMP01353,CRS0088,2026-07-27,Completed,3.5,16.0
EMP01353,CRS0071,2024-01-12,Completed,2.1,26.8
EMP01354,CRS0023,2026-04-10,Completed,4.3,25.7
EMP01354,CRS0032,2024-07-19,Completed,3.7,12.8
EMP01354,CRS0136,2024-02-11,Completed,3.2,36.9
EMP01354,CRS0098,2025-11-17,Dropped,,15.2
EMP01354,CRS0042,2025-06-15,Completed,2.1,20.3
EMP01354,CRS0069,2026-04-24,Completed,4.8,10.1
EMP01355,CRS0035,2025-01-04,Completed,3.2,37.4
EMP01355,CRS0050,2024-04-17,In Progress,,26.0
EMP01355,CRS0126,2024-09-10,Completed,5.0,27.7
EMP01355,CRS0014,2026-05-11,Completed,2.7,38.1
EMP01355,CRS0138,2025-04-08,Completed,2.2,34.7
EMP01355,CRS0072,2024-02-02,In Progress,,20.5
EMP01356,CRS0093,2024-03-16,Completed,4.2,23.5
EMP01356,CRS0050,2024-07-06,Completed,2.2,3.4
EMP01356,CRS0103,2026-10-20,Completed,3.4,13.9
EMP01356,CRS0012,2025-12-01,In Progress,,30.5
EMP01356,CRS0089,2025-01-20,Completed,3.5,25.4
EMP01357,CRS0099,2024-09-19,In Progress,,34.7
EMP01357,CRS0104,2025-06-17,Completed,2.3,2.7
EMP01357,CRS0026,2024-01-19,Completed,2.7,23.4
EMP01357,CRS0022,2025-04-04,Completed,2.7,9.5
EMP01358,CRS0035,2025-11-13,Completed,3.2,27.1
EMP01358,CRS0129,2026-05-26,Completed,2.7,36.3
EMP01358,CRS0105,2026-03-06,Completed,3.1,12.6
EMP01358,CRS0025,2026-11-05,Completed,4.4,31.2
EMP01359,CRS0088,2024-11-23,Completed,4.4,15.3
EMP01359,CRS0136,2025-07-21,In Progress,,31.5
EMP01359,CRS0062,2026-05-20,Dropped,,11.3
EMP01359,CRS0014,2026-06-27,Completed,4.6,3.5
EMP01360,CRS0075,2024-08-24,Dropped,,36.0
EMP01360,CRS0140,2025-09-26,Dropped,,37.6
EMP01360,CRS0062,2026-11-26,Completed,2.1,24.2
EMP01361,CRS0036,2026-08-03,Dropped,,5.4
EMP01361,CRS0129,2026-02-04,In Progress,,20.7
EMP01361,CRS0021,2025-04-14,Completed,2.9,8.6
EMP01362,CRS0128,2025-11-20,Completed,4.3,11.9
EMP01362,CRS0080,2024-01-01,Completed,2.8,22.1
EMP01363,CRS0024,2024-12-04,Completed,4.5,28.1
EMP01363,CRS0059,2024-02-03,Completed,3.6,2.7
EMP01364,CRS0042,2026-02-19,In Progress,,23.2
EMP01364,CRS0028,2025-05-08,Completed,4.3,37.7
EMP01364,CRS0091,2025-07-03,Completed,4.1,38.1
EMP01365,CRS0080,2025-05-16,Completed,3.2,14.5
EMP01365,CRS0110,2026-10-04,In Progress,,37.4
EMP01365,CRS0026,2024-10-06,Completed,3.4,39.8
EMP01365,CRS0096,2024-09-26,In Progress,,25.1
EMP01365,CRS0140,2026-07-12,Completed,4.8,35.7
EMP01365,CRS0051,2026-07-18,Completed,3.7,22.3
EMP01366,CRS0035,2025-12-28,Completed,4.1,24.1
EMP01366,CRS0097,2026-08-28,Completed,3.7,8.0
EMP01367,CRS0007,2026-12-14,Completed,4.7,13.3
EMP01367,CRS0129,2025-10-15,Completed,3.8,18.8
EMP01367,CRS0109,2026-09-01,Completed,3.4,28.3
EMP01367,CRS0097,2025-09-05,Completed,3.4,3.3
EMP01367,CRS0091,2024-04-19,Completed,4.2,31.7
EMP01368,CRS0072,2026-03-14,In Progress,,37.2
EMP01368,CRS0120,2025-01-15,Completed,3.5,33.0
EMP01368,CRS0073,2025-05-27,Completed,4.5,36.4
EMP01369,CRS0001,2024-02-08,Dropped,,37.7
EMP01369,CRS0093,2025-11-18,Completed,3.9,21.5
EMP01369,CRS0040,2024-03-23,Completed,4.4,21.3
EMP01369,CRS0021,2026-11-27,In Progress,,37.8
EMP01369,CRS0118,2025-07-20,Completed,4.3,35.1
EMP01370,CRS0015,2025-10-24,Completed,3.5,28.0
EMP01370,CRS0132,2026-12-01,Completed,2.2,28.4
EMP01370,CRS0134,2024-06-24,Completed,2.6,27.2
EMP01371,CRS0058,2025-01-21,Completed,3.5,35.9
EMP01371,CRS0079,2025-08-04,Completed,4.7,22.6
EMP01371,CRS0076,2025-10-17,Completed,3.3,31.3
EMP01371,CRS0021,2025-04-14,Completed,4.5,16.3
EMP01372,CRS0013,2026-07-15,Dropped,,26.0
EMP01372,CRS0065,2024-09-22,Completed,2.0,25.1
EMP01372,CRS0027,2024-02-12,Completed,2.3,29.1
EMP01372,CRS0107,2025-01-03,In Progress,,17.1
EMP01373,CRS0020,2026-10-06,Completed,4.4,29.2
EMP01373,CRS0131,2024-09-28,In Progress,,3.7
EMP01373,CRS0120,2024-03-03,Completed,4.8,39.1
EMP01373,CRS0031,2025-01-11,Completed,5.0,24.1
EMP01373,CRS0119,2026-02-16,Completed,4.8,16.6
EMP01373,CRS0029,2026-05-03,Completed,2.3,39.1
EMP01374,CRS0105,2024-04-11,Completed,4.4,9.0
EMP01374,CRS0089,2025-12-20,Completed,2.2,32.2
EMP01374,CRS0094,2024-12-07,Completed,4.0,17.4
EMP01374,CRS0077,2025-09-13,Completed,2.7,17.7
EMP01375,CRS0005,2025-11-01,Completed,3.0,36.2
EMP01375,CRS0014,2024-07-09,Completed,3.7,17.7
EMP01375,CRS0115,2026-07-28,Completed,4.4,26.7
EMP01375,CRS0076,2025-08-17,In Progress,,31.6
EMP01376,CRS0054,2025-09-14,Completed,4.4,7.7
EMP01376,CRS0068,2025-04-12,Completed,3.8,28.0
EMP01377,CRS0005,2026-05-02,Completed,3.1,30.8
EMP01377,CRS0068,2024-10-05,Dropped,,16.4
EMP01378,CRS0066,2024-05-20,Dropped,,5.3
EMP01378,CRS0104,2024-07-25,In Progress,,5.9
EMP01378,CRS0094,2025-04-17,Dropped,,36.4
EMP01378,CRS0026,2026-09-04,Completed,3.4,3.0
EMP01378,CRS0053,2024-10-04,Completed,2.5,2.7
EMP01378,CRS0038,2024-10-22,Dropped,,34.6
EMP01379,CRS0063,2026-07-12,Completed,5.0,7.1
EMP01379,CRS0101,2026-10-06,Completed,4.4,6.2
EMP01379,CRS0033,2026-02-05,In Progress,,39.2
EMP01380,CRS0055,2024-11-20,In Progress,,6.3
EMP01380,CRS0001,2026-02-16,Completed,3.1,17.7
EMP01380,CRS0007,2025-01-16,Completed,2.4,29.2
EMP01380,CRS0110,2026-03-08,Completed,2.3,19.9
EMP01380,CRS0045,2024-04-24,Completed,4.9,14.4
EMP01380,CRS0062,2024-06-14,Completed,2.6,36.4
EMP01381,CRS0140,2026-11-01,In Progress,,39.3
EMP01381,CRS0118,2026-01-19,In Progress,,29.3
EMP01381,CRS0036,2025-02-25,Completed,2.8,19.0
EMP01382,CRS0043,2026-03-27,Completed,2.4,12.8
EMP01382,CRS0137,2025-03-20,Dropped,,17.2
EMP01382,CRS0138,2026-05-21,Completed,2.6,18.4
EMP01382,CRS0045,2026-11-21,In Progress,,38.5
EMP01382,CRS0020,2024-04-05,Completed,2.7,38.9
EMP01383,CRS0065,2024-07-17,Completed,5.0,23.1
EMP01383,CRS0041,2025-02-10,In Progress,,8.0
EMP01383,CRS0111,2025-09-09,Completed,2.4,21.8
EMP01384,CRS0089,2024-05-09,Completed,2.3,18.1
EMP01384,CRS0002,2026-12-02,Completed,3.0,24.3
EMP01384,CRS0072,2024-03-19,Completed,3.0,30.7
EMP01384,CRS0067,2025-11-18,Completed,2.4,13.4
EMP01384,CRS0120,2025-02-19,In Progress,,12.6
EMP01385,CRS0095,2026-06-22,Completed,4.2,31.8
EMP01385,CRS0082,2025-12-01,Completed,4.7,18.1
EMP01385,CRS0002,2024-05-07,Completed,3.3,8.6
EMP01385,CRS0116,2024-05-20,In Progress,,19.0
EMP01385,CRS0124,2025-03-10,In Progress,,22.8
EMP01385,CRS0068,2024-06-06,Completed,3.8,6.9
EMP01386,CRS0061,2024-09-06,In Progress,,23.3
EMP01386,CRS0002,2024-10-17,Completed,3.4,21.1
EMP01386,CRS0083,2026-03-12,Completed,2.5,39.9
EMP01386,CRS0109,2026-05-25,Completed,2.3,26.6
EMP01386,CRS0035,2025-10-03,Completed,3.9,27.8
EMP01386,CRS0014,2026-03-19,Completed,4.2,20.6
EMP01387,CRS0003,2024-08-20,In Progress,,36.7
EMP01387,CRS0043,2025-10-26,Completed,4.4,34.1
EMP01387,CRS0081,2025-10-23,Completed,3.5,22.0
EMP01387,CRS0023,2024-03-14,In Progress,,27.4
EMP01387,CRS0006,2024-05-02,In Progress,,10.8
EMP01387,CRS0004,2026-01-01,Completed,4.6,19.8
EMP01388,CRS0124,2025-09-11,Completed,4.4,3.9
EMP01388,CRS0137,2026-10-12,Completed,3.1,21.2
EMP01388,CRS0027,2026-01-18,In Progress,,8.1
EMP01389,CRS0030,2025-01-01,Completed,4.6,17.8
EMP01389,CRS0092,2026-08-23,Dropped,,24.2
EMP01389,CRS0022,2025-02-12,Completed,2.8,6.2
EMP01389,CRS0048,2024-07-10,Dropped,,36.1
EMP01390,CRS0126,2026-10-14,In Progress,,7.5
EMP01390,CRS0064,2024-12-05,Completed,3.6,9.7
EMP01390,CRS0121,2026-08-18,Dropped,,37.4
EMP01390,CRS0033,2025-02-11,Dropped,,18.2
EMP01390,CRS0089,2024-12-27,Completed,4.8,27.0
EMP01390,CRS0006,2026-10-25,Completed,4.3,14.9
EMP01391,CRS0125,2024-01-15,In Progress,,26.9
EMP01391,CRS0021,2024-12-21,Dropped,,24.8
EMP01391,CRS0078,2024-06-07,In Progress,,37.0
EMP01391,CRS0113,2026-03-04,Completed,4.4,36.3
EMP01392,CRS0046,2025-09-24,In Progress,,5.3
EMP01392,CRS0052,2025-07-08,Dropped,,26.5
EMP01392,CRS0069,2026-11-09,In Progress,,6.2
EMP01392,CRS0003,2024-07-04,In Progress,,22.6
EMP01392,CRS0087,2024-02-28,Completed,2.9,34.6
EMP01393,CRS0129,2024-04-13,Completed,3.7,6.5
EMP01393,CRS0087,2026-02-09,In Progress,,18.1
EMP01393,CRS0066,2025-01-25,Completed,2.7,19.1
EMP01393,CRS0030,2026-09-02,In Progress,,28.6
EMP01393,CRS0038,2024-07-08,In Progress,,33.4
EMP01393,CRS0099,2024-03-13,Completed,2.5,33.8
EMP01394,CRS0068,2026-08-17,Completed,4.0,6.6
EMP01394,CRS0081,2025-02-15,In Progress,,14.6
EMP01394,CRS0021,2025-10-18,Completed,3.0,35.2
EMP01394,CRS0132,2026-04-09,Dropped,,3.6
EMP01395,CRS0066,2025-01-17,Dropped,,12.8
EMP01395,CRS0137,2024-07-19,Completed,4.6,3.3
EMP01395,CRS0053,2026-12-07,Completed,3.8,5.5
EMP01395,CRS0008,2024-07-16,Completed,4.9,36.0
EMP01396,CRS0044,2024-06-19,In Progress,,19.0
EMP01396,CRS0100,2026-07-09,In Progress,,23.5
EMP01396,CRS0099,2024-01-19,Completed,2.3,16.3
EMP01396,CRS0074,2024-06-20,Completed,3.9,16.0
EMP01396,CRS0005,2025-04-24,Completed,4.5,22.5
EMP01396,CRS0061,2025-12-18,Completed,3.7,15.4
EMP01397,CRS0049,2026-12-11,Completed,4.5,18.5
EMP01397,CRS0022,2025-09-04,Completed,3.7,11.3
EMP01397,CRS0135,2025-09-18,In Progress,,31.2
EMP01398,CRS0032,2024-01-16,Completed,3.8,3.5
EMP01398,CRS0002,2025-03-08,Completed,3.6,19.6
EMP01398,CRS0121,2025-09-18,Dropped,,8.6
EMP01398,CRS0097,2026-11-04,Completed,3.9,29.2
EMP01398,CRS0062,2025-02-18,Completed,3.3,17.9
EMP01398,CRS0046,2025-03-09,Completed,5.0,34.7
EMP01399,CRS0120,2025-10-15,In Progress,,37.8
EMP01399,CRS0112,2024-03-11,In Progress,,14.0
EMP01399,CRS0005,2025-10-22,Completed,4.6,22.7
EMP01399,CRS0016,2026-07-03,Dropped,,15.4
EMP01399,CRS0066,2024-11-23,Completed,4.6,25.4
EMP01400,CRS0008,2026-07-06,Dropped,,13.4
EMP01400,CRS0006,2024-07-12,Completed,4.8,7.5
EMP01400,CRS0086,2026-04-26,Completed,4.7,25.4
EMP01400,CRS0078,2024-08-13,Completed,4.7,36.6
EMP01401,CRS0103,2024-02-27,Completed,2.5,38.8
EMP01401,CRS0125,2026-10-16,Dropped,,14.2
EMP01401,CRS0092,2026-02-04,Completed,4.8,15.2
EMP01401,CRS0039,2024-08-15,Dropped,,12.5
EMP01401,CRS0066,2026-10-14,Completed,3.3,14.4
EMP01402,CRS0013,2024-04-28,In Progress,,17.9
EMP01402,CRS0027,2025-03-14,Dropped,,26.6
EMP01402,CRS0036,2025-03-28,Completed,3.4,25.9
EMP01402,CRS0038,2024-03-26,Completed,3.0,4.6
EMP01402,CRS0118,2025-11-26,Dropped,,5.7
EMP01402,CRS0031,2024-02-22,Completed,2.4,19.2
EMP01403,CRS0033,2024-05-27,Completed,4.6,28.0
EMP01403,CRS0055,2025-12-10,Dropped,,29.5
EMP01403,CRS0052,2026-06-08,Completed,3.4,22.7
EMP01403,CRS0034,2025-12-17,Completed,4.3,14.9
EMP01403,CRS0015,2026-09-15,Completed,4.6,8.8
EMP01403,CRS0014,2025-09-28,Completed,4.1,31.5
EMP01404,CRS0061,2026-10-14,Completed,2.3,7.7
EMP01404,CRS0097,2024-07-13,Completed,4.9,19.7
EMP01404,CRS0074,2024-03-06,Completed,3.8,29.3
EMP01405,CRS0112,2024-12-27,Completed,2.0,21.5
EMP01405,CRS0132,2025-08-09,In Progress,,33.5
EMP01406,CRS0035,2026-04-10,Completed,2.3,22.8
EMP01406,CRS0095,2026-02-19,Completed,4.0,19.8
EMP01407,CRS0069,2026-12-13,In Progress,,30.0
EMP01407,CRS0088,2024-02-16,Completed,2.6,19.1
EMP01407,CRS0094,2025-12-16,Completed,2.4,10.7
EMP01407,CRS0122,2025-06-13,In Progress,,6.6
EMP01408,CRS0045,2024-03-08,Dropped,,9.0
EMP01408,CRS0054,2025-07-10,Dropped,,19.1
EMP01408,CRS0002,2026-12-12,Completed,2.7,29.7
EMP01408,CRS0013,2026-10-15,Dropped,,32.8
EMP01409,CRS0017,2024-10-22,Completed,5.0,8.1
EMP01409,CRS0018,2025-07-21,Completed,4.2,18.0
EMP01409,CRS0082,2026-02-24,Completed,2.1,38.1
EMP01410,CRS0128,2024-01-22,Completed,2.2,25.3
EMP01410,CRS0063,2024-06-06,In Progress,,16.9
EMP01411,CRS0080,2026-07-23,In Progress,,36.1
EMP01411,CRS0088,2026-06-07,Completed,2.1,22.8
EMP01412,CRS0047,2026-10-01,In Progress,,36.4
EMP01412,CRS0035,2025-09-18,Completed,4.4,8.9
EMP01412,CRS0118,2025-10-27,Completed,4.8,20.7
EMP01412,CRS0136,2025-08-26,In Progress,,18.6
EMP01412,CRS0059,2026-03-18,Completed,2.9,23.7
EMP01413,CRS0026,2025-11-08,In Progress,,31.3
EMP01413,CRS0066,2024-02-13,Completed,2.8,28.7
EMP01413,CRS0109,2025-09-22,Completed,3.5,27.8
EMP01413,CRS0061,2024-03-07,Dropped,,23.2
EMP01413,CRS0019,2026-05-09,Completed,2.8,12.3
EMP01413,CRS0043,2026-05-17,Completed,4.4,32.3
EMP01414,CRS0102,2025-08-05,Completed,2.8,6.5
EMP01414,CRS0080,2025-12-02,Completed,3.8,11.8
EMP01414,CRS0078,2024-05-08,Completed,2.7,32.0
EMP01414,CRS0085,2025-05-22,Dropped,,6.9
EMP01415,CRS0030,2024-06-24,Completed,4.2,38.1
EMP01415,CRS0034,2024-01-27,Completed,2.3,9.9
EMP01415,CRS0055,2026-04-02,Completed,3.4,26.3
EMP01415,CRS0091,2025-09-01,Dropped,,38.6
EMP01415,CRS0083,2025-07-18,Completed,3.8,29.5
EMP01416,CRS0042,2026-11-19,Completed,4.5,5.3
EMP01416,CRS0014,2024-09-22,Dropped,,22.9
EMP01416,CRS0123,2024-12-11,Completed,2.3,33.9
EMP01416,CRS0088,2026-11-11,Completed,2.7,21.0
EMP01416,CRS0055,2024-06-04,Completed,3.1,16.9
EMP01417,CRS0068,2026-07-06,Completed,4.9,14.7
EMP01417,CRS0107,2025-03-22,Completed,4.8,28.8
EMP01418,CRS0046,2025-07-28,Dropped,,13.6
EMP01418,CRS0080,2026-05-19,In Progress,,15.3
EMP01418,CRS0059,2024-05-09,Completed,3.0,26.7
EMP01418,CRS0130,2025-06-10,Completed,2.6,22.7
EMP01418,CRS0032,2024-03-03,Completed,2.0,6.8
EMP01419,CRS0134,2026-04-02,Completed,2.2,15.6
EMP01419,CRS0129,2024-10-23,Completed,3.6,29.1
EMP01419,CRS0077,2024-03-23,Completed,4.8,7.8
EMP01419,CRS0026,2024-08-14,Dropped,,13.7
EMP01419,CRS0053,2026-07-28,Completed,4.3,18.7
EMP01419,CRS0021,2024-07-23,Completed,4.1,8.0
EMP01420,CRS0115,2024-06-23,Completed,5.0,20.3
EMP01420,CRS0075,2025-03-12,In Progress,,24.1
EMP01420,CRS0016,2026-01-24,In Progress,,24.7
EMP01420,CRS0005,2024-01-04,Completed,2.3,15.8
EMP01420,CRS0002,2024-07-24,Completed,2.7,28.0
EMP01421,CRS0100,2025-05-10,Completed,3.4,14.5
EMP01421,CRS0110,2024-03-04,Completed,3.9,12.2
EMP01421,CRS0057,2025-12-16,Completed,4.2,36.6
EMP01421,CRS0120,2025-04-06,Completed,4.7,15.2
EMP01422,CRS0102,2024-03-13,In Progress,,15.4
EMP01422,CRS0084,2025-01-12,In Progress,,24.6
EMP01423,CRS0054,2026-10-07,Dropped,,21.1
EMP01423,CRS0101,2026-09-21,Dropped,,24.0
EMP01423,CRS0014,2026-07-13,Dropped,,29.8
EMP01423,CRS0119,2025-11-22,Completed,3.6,5.7
EMP01423,CRS0041,2024-09-12,Completed,4.3,35.7
EMP01423,CRS0039,2025-03-22,Completed,2.9,9.4
EMP01424,CRS0109,2025-04-21,In Progress,,31.1
EMP01424,CRS0027,2025-12-05,Completed,3.4,8.2
EMP01424,CRS0066,2026-11-28,In Progress,,3.7
EMP01425,CRS0014,2026-04-20,In Progress,,18.8
EMP01425,CRS0047,2026-09-28,Dropped,,20.0
EMP01425,CRS0076,2026-02-12,Completed,4.8,21.3
EMP01425,CRS0002,2025-05-06,In Progress,,2.9
EMP01426,CRS0115,2024-05-01,Completed,4.3,21.0
EMP01426,CRS0134,2026-08-16,In Progress,,34.7
EMP01426,CRS0073,2024-06-23,In Progress,,30.9
EMP01426,CRS0012,2024-03-19,Dropped,,25.2
EMP01427,CRS0052,2025-09-17,Completed,3.7,25.9
EMP01427,CRS0117,2025-12-08,Completed,2.0,28.6
EMP01428,CRS0003,2025-02-11,In Progress,,24.7
EMP01428,CRS0080,2024-09-10,In Progress,,32.8
EMP01428,CRS0121,2025-08-09,Completed,4.6,40.0
EMP01429,CRS0111,2026-07-25,Completed,3.3,36.9
EMP01429,CRS0087,2025-04-22,Dropped,,23.1
EMP01430,CRS0026,2025-09-12,Completed,4.9,6.3
EMP01430,CRS0097,2025-02-16,Completed,3.1,35.4
EMP01430,CRS0076,2026-03-11,Completed,3.6,13.4
EMP01430,CRS0061,2024-03-11,Completed,2.7,29.8
EMP01430,CRS0102,2024-11-26,Completed,2.4,5.1
EMP01431,CRS0134,2024-02-21,Completed,2.3,30.2
EMP01431,CRS0052,2026-02-11,Completed,2.9,11.8
EMP01431,CRS0031,2024-10-28,In Progress,,23.6
EMP01431,CRS0069,2024-09-02,In Progress,,35.7
EMP01431,CRS0018,2026-09-05,Completed,2.2,11.8
EMP01431,CRS0070,2026-01-24,Completed,4.3,30.5
EMP01432,CRS0012,2025-03-11,Completed,4.2,17.6
EMP01432,CRS0047,2024-03-13,Completed,4.0,27.8
EMP01432,CRS0119,2026-05-13,Completed,2.3,14.1
EMP01432,CRS0133,2024-08-25,Completed,3.8,7.0
EMP01432,CRS0093,2024-03-26,In Progress,,23.7
EMP01433,CRS0030,2025-12-08,Dropped,,21.3
EMP01433,CRS0134,2025-06-08,Completed,4.9,30.7
EMP01433,CRS0113,2024-09-06,Completed,4.8,35.2
EMP01434,CRS0006,2024-03-15,Completed,2.4,13.5
EMP01434,CRS0052,2025-09-23,Completed,3.3,7.0
EMP01434,CRS0132,2025-02-22,Dropped,,25.5
EMP01434,CRS0083,2025-10-02,In Progress,,35.5
EMP01434,CRS0100,2024-08-21,Completed,3.4,5.1
EMP01434,CRS0129,2025-01-18,Completed,3.2,26.2
EMP01435,CRS0064,2026-03-20,Completed,4.0,2.5
EMP01435,CRS0133,2026-09-05,Completed,2.0,26.2
EMP01435,CRS0038,2024-01-20,Completed,3.3,26.0
EMP01436,CRS0039,2026-01-07,Completed,3.5,5.9
EMP01436,CRS0047,2026-04-25,In Progress,,14.2
EMP01436,CRS0044,2024-04-06,Dropped,,8.6
EMP01437,CRS0037,2024-09-07,Completed,4.7,35.5
EMP01437,CRS0058,2025-09-19,Completed,4.8,27.4
EMP01437,CRS0079,2024-11-06,Completed,2.8,37.6
EMP01437,CRS0067,2026-12-10,Completed,4.9,6.8
EMP01437,CRS0036,2026-10-19,Completed,4.6,17.0
EMP01438,CRS0021,2024-11-08,Completed,4.8,36.5
EMP01438,CRS0012,2026-03-03,Completed,4.3,14.1
EMP01438,CRS0131,2025-05-09,In Progress,,15.1
EMP01438,CRS0025,2024-05-17,Completed,2.5,3.1
EMP01438,CRS0103,2026-10-16,Dropped,,36.9
EMP01439,CRS0066,2024-08-09,Completed,4.6,9.6
EMP01439,CRS0043,2026-04-26,Completed,4.4,26.6
EMP01439,CRS0045,2024-03-24,Dropped,,33.9
EMP01439,CRS0088,2024-07-22,Completed,4.7,39.8
EMP01440,CRS0064,2025-12-22,Completed,3.4,11.2
EMP01440,CRS0001,2025-10-17,Completed,4.3,38.3
EMP01441,CRS0125,2024-08-25,Completed,3.0,10.5
EMP01441,CRS0024,2024-04-18,Dropped,,38.7
EMP01441,CRS0082,2026-05-26,In Progress,,39.7
EMP01441,CRS0120,2026-12-10,In Progress,,14.4
EMP01441,CRS0060,2024-10-06,In Progress,,19.4
EMP01442,CRS0135,2024-10-26,Completed,3.2,12.6
EMP01442,CRS0031,2024-08-11,Completed,2.5,12.0
EMP01442,CRS0040,2025-03-02,Completed,4.6,29.2
EMP01442,CRS0012,2024-02-04,Completed,4.6,28.3
EMP01442,CRS0119,2025-08-15,Completed,3.9,14.7
EMP01443,CRS0123,2025-05-23,Completed,3.3,29.2
EMP01443,CRS0064,2024-12-16,Completed,3.8,21.3
EMP01443,CRS0095,2025-11-16,Dropped,,28.6
EMP01443,CRS0029,2024-04-01,Completed,4.5,29.0
EMP01444,CRS0074,2024-09-07,In Progress,,29.8
EMP01444,CRS0035,2024-06-23,Completed,2.4,22.3
EMP01444,CRS0057,2024-10-21,Completed,4.1,39.7
EMP01445,CRS0015,2024-06-09,Dropped,,37.6
EMP01445,CRS0059,2026-04-04,Completed,4.5,11.5
EMP01445,CRS0131,2026-01-26,Completed,4.1,16.0
EMP01446,CRS0132,2026-08-08,Completed,3.1,34.2
EMP01446,CRS0140,2025-09-02,Completed,2.5,24.2
EMP01446,CRS0028,2026-11-19,Completed,2.4,21.8
EMP01446,CRS0139,2026-02-21,In Progress,,17.1
EMP01447,CRS0108,2026-07-07,Completed,4.9,33.6
EMP01447,CRS0046,2026-02-28,Dropped,,31.2
EMP01448,CRS0018,2026-12-14,Completed,3.9,28.5
EMP01448,CRS0066,2025-05-19,In Progress,,33.1
EMP01448,CRS0140,2024-06-09,Completed,3.6,5.1
EMP01448,CRS0101,2024-06-11,In Progress,,18.7
EMP01448,CRS0123,2026-02-17,In Progress,,10.7
EMP01449,CRS0135,2024-01-05,Completed,3.5,8.7
EMP01449,CRS0127,2024-08-23,Completed,4.2,37.2
EMP01450,CRS0041,2026-03-08,Completed,4.9,38.9
EMP01450,CRS0030,2025-02-24,Completed,2.4,12.1
EMP01450,CRS0089,2024-07-15,Completed,4.9,10.9
EMP01450,CRS0044,2024-08-15,Completed,3.1,24.1
EMP01451,CRS0029,2025-12-11,Completed,4.1,13.4
EMP01451,CRS0131,2024-10-13,Completed,3.3,36.1
EMP01451,CRS0071,2026-11-18,In Progress,,10.8
EMP01451,CRS0105,2026-09-16,Dropped,,31.7
EMP01451,CRS0007,2025-03-20,Completed,4.1,30.8
EMP01452,CRS0024,2024-06-08,In Progress,,16.8
EMP01452,CRS0128,2026-02-03,In Progress,,24.7
EMP01452,CRS0123,2025-12-16,In Progress,,2.9
EMP01453,CRS0061,2025-11-24,Completed,2.8,24.3
EMP01453,CRS0030,2024-12-17,Completed,4.7,9.1
EMP01453,CRS0133,2024-03-16,Completed,2.6,25.7
EMP01453,CRS0041,2025-06-09,Dropped,,11.8
EMP01453,CRS0105,2025-05-16,In Progress,,15.3
EMP01453,CRS0053,2025-12-20,Dropped,,18.9
EMP01454,CRS0075,2025-02-15,In Progress,,29.7
EMP01454,CRS0073,2025-08-19,Completed,3.2,16.9
EMP01454,CRS0113,2024-01-22,In Progress,,30.3
EMP01455,CRS0031,2025-02-27,In Progress,,9.3
EMP01455,CRS0056,2024-01-18,Completed,3.0,29.4
EMP01455,CRS0121,2024-10-03,Completed,4.6,20.8
EMP01455,CRS0110,2024-03-13,Completed,4.9,8.7
EMP01455,CRS0137,2026-02-12,Completed,4.4,38.6
EMP01456,CRS0123,2026-02-20,Completed,4.1,30.7
EMP01456,CRS0020,2026-05-10,Completed,3.0,7.0
EMP01456,CRS0009,2024-09-09,Completed,4.0,32.3
EMP01456,CRS0045,2025-12-05,Completed,4.7,34.9
EMP01456,CRS0100,2026-02-18,Completed,2.8,9.1
EMP01457,CRS0129,2025-07-26,Completed,4.7,17.1
EMP01457,CRS0031,2024-04-04,In Progress,,21.5
EMP01457,CRS0040,2026-10-07,Completed,3.8,12.1
EMP01458,CRS0090,2025-09-04,In Progress,,27.9
EMP01458,CRS0021,2026-07-16,Completed,4.0,29.1
EMP01458,CRS0055,2026-05-27,Completed,4.6,38.9
EMP01458,CRS0125,2026-05-20,Completed,3.9,2.1
EMP01458,CRS0107,2026-06-03,In Progress,,15.3
EMP01459,CRS0068,2026-04-23,In Progress,,15.2
EMP01459,CRS0011,2025-06-28,Completed,4.8,5.8
EMP01459,CRS0096,2026-10-16,Completed,3.4,32.9
EMP01459,CRS0104,2025-12-22,Completed,4.6,35.8
EMP01459,CRS0139,2024-06-20,In Progress,,3.8
EMP01459,CRS0075,2024-03-16,Completed,4.2,6.5
EMP01460,CRS0096,2025-06-21,In Progress,,23.7
EMP01460,CRS0069,2025-09-05,Completed,4.0,19.2
EMP01460,CRS0074,2025-03-08,Completed,4.3,19.8
EMP01461,CRS0097,2024-07-07,Dropped,,14.1
EMP01461,CRS0114,2025-10-10,Completed,3.2,8.9
EMP01461,CRS0125,2024-08-07,Completed,4.1,33.8
EMP01461,CRS0134,2026-02-16,Completed,2.4,25.5
EMP01461,CRS0049,2024-05-21,Completed,3.6,10.3
EMP01461,CRS0003,2025-01-22,In Progress,,15.5
EMP01462,CRS0021,2026-05-18,Completed,4.0,14.3
EMP01462,CRS0093,2024-03-18,Completed,4.9,12.3
EMP01462,CRS0098,2026-03-05,Completed,3.0,17.3
EMP01463,CRS0060,2026-07-07,In Progress,,39.7
EMP01463,CRS0092,2024-06-18,Completed,2.7,22.5
EMP01463,CRS0017,2026-05-08,Completed,4.9,20.0
EMP01463,CRS0021,2026-04-03,Completed,4.1,20.5
EMP01463,CRS0125,2024-09-22,Completed,3.3,35.0
EMP01463,CRS0077,2024-11-03,In Progress,,14.4
EMP01464,CRS0115,2026-10-16,Completed,2.2,22.3
EMP01464,CRS0102,2024-08-19,Completed,3.0,32.9
EMP01464,CRS0027,2026-02-14,Completed,3.4,22.5
EMP01464,CRS0046,2024-10-13,In Progress,,21.6
EMP01465,CRS0020,2024-02-16,Completed,2.9,20.0
EMP01465,CRS0027,2025-06-15,Completed,5.0,31.1
EMP01465,CRS0130,2024-07-02,Completed,3.4,27.9
EMP01465,CRS0115,2025-09-24,Completed,3.9,15.0
EMP01466,CRS0049,2024-08-23,In Progress,,29.3
EMP01466,CRS0080,2026-06-14,Completed,2.2,38.5
EMP01466,CRS0139,2024-11-12,Completed,3.4,3.9
EMP01466,CRS0096,2024-07-13,In Progress,,39.4
EMP01466,CRS0107,2026-02-18,In Progress,,25.7
EMP01466,CRS0073,2026-03-01,Completed,3.1,19.1
EMP01467,CRS0084,2025-12-14,Completed,4.4,18.0
EMP01467,CRS0066,2025-10-25,Completed,4.9,17.3
EMP01468,CRS0042,2026-09-07,Completed,4.1,22.5
EMP01468,CRS0062,2026-02-09,In Progress,,10.5
EMP01468,CRS0125,2025-09-11,Completed,4.0,15.6
EMP01469,CRS0043,2025-12-25,Completed,2.6,21.0
EMP01469,CRS0129,2026-02-01,Completed,3.7,2.8
EMP01469,CRS0045,2025-07-14,Completed,2.6,8.4
EMP01469,CRS0003,2024-09-23,In Progress,,19.7
EMP01469,CRS0101,2026-10-23,Completed,3.2,11.8
EMP01469,CRS0110,2024-08-23,Completed,2.2,39.0
EMP01470,CRS0106,2024-02-05,Dropped,,8.1
EMP01470,CRS0089,2024-06-07,Completed,4.6,6.4
EMP01470,CRS0001,2024-08-03,Completed,5.0,39.2
EMP01470,CRS0038,2025-12-13,Dropped,,19.6
EMP01470,CRS0076,2025-03-20,Dropped,,16.3
EMP01471,CRS0055,2025-11-02,Completed,4.0,31.0
EMP01471,CRS0136,2025-05-13,Completed,3.4,36.9
EMP01471,CRS0007,2025-05-19,Completed,2.7,39.6
EMP01472,CRS0125,2024-02-05,Completed,3.6,34.5
EMP01472,CRS0083,2025-11-08,Dropped,,10.5
EMP01473,CRS0128,2026-01-27,In Progress,,12.9
EMP01473,CRS0097,2025-06-04,In Progress,,26.2
EMP01473,CRS0045,2026-07-23,Completed,3.1,23.3
EMP01473,CRS0027,2024-10-23,Completed,4.1,23.3
EMP01474,CRS0050,2026-07-07,Completed,4.4,13.0
EMP01474,CRS0034,2025-11-22,In Progress,,15.9
EMP01474,CRS0114,2024-11-20,Dropped,,4.6
EMP01474,CRS0136,2024-05-22,In Progress,,23.5
EMP01474,CRS0101,2024-06-19,Completed,3.8,6.9
EMP01475,CRS0061,2025-10-28,Completed,3.7,20.5
EMP01475,CRS0002,2026-10-04,Completed,2.8,27.8
EMP01475,CRS0022,2024-03-02,Completed,2.4,37.3
EMP01475,CRS0100,2025-01-21,Completed,2.6,22.7
EMP01476,CRS0019,2024-01-02,Dropped,,4.5
EMP01476,CRS0064,2025-03-03,Completed,3.6,25.1
EMP01476,CRS0110,2025-06-10,Completed,2.2,12.8
EMP01476,CRS0006,2025-12-17,Completed,4.0,14.6
EMP01476,CRS0074,2024-12-21,Completed,2.4,8.3
EMP01477,CRS0069,2025-04-20,Completed,3.0,34.8
EMP01477,CRS0073,2026-11-14,In Progress,,25.6
EMP01477,CRS0025,2025-01-27,In Progress,,33.7
EMP01477,CRS0118,2024-12-08,Completed,4.0,26.6
EMP01478,CRS0135,2025-08-16,Completed,3.1,7.3
EMP01478,CRS0049,2024-11-15,Completed,2.9,9.4
EMP01478,CRS0086,2024-06-11,Completed,3.4,11.4
EMP01478,CRS0022,2025-04-18,Completed,2.5,34.0
EMP01479,CRS0040,2025-04-10,In Progress,,14.8
EMP01479,CRS0102,2026-12-05,Completed,3.4,36.3
EMP01479,CRS0042,2024-02-09,In Progress,,10.8
EMP01480,CRS0066,2025-12-10,Completed,2.2,24.9
EMP01480,CRS0109,2025-12-06,In Progress,,5.2
EMP01480,CRS0124,2024-02-23,Completed,3.8,6.0
EMP01480,CRS0094,2025-04-07,Dropped,,12.5
EMP01480,CRS0008,2024-10-19,Completed,4.3,24.2
EMP01481,CRS0066,2026-08-13,In Progress,,4.1
EMP01481,CRS0011,2025-09-22,Completed,4.0,16.9
EMP01481,CRS0105,2025-08-13,Completed,2.5,9.0
EMP01482,CRS0091,2025-06-01,Completed,2.4,8.7
EMP01482,CRS0120,2024-12-14,Completed,2.6,32.5
EMP01482,CRS0086,2025-03-28,In Progress,,13.9
EMP01482,CRS0094,2025-01-20,Completed,4.5,5.4
EMP01482,CRS0112,2024-09-26,Dropped,,15.5
EMP01482,CRS0076,2024-12-10,Completed,2.8,22.8
EMP01483,CRS0006,2024-03-09,Completed,3.5,25.7
EMP01483,CRS0057,2026-04-13,Completed,3.8,21.7
EMP01483,CRS0082,2025-06-21,Completed,2.7,4.6
EMP01484,CRS0053,2026-07-07,Completed,4.7,39.3
EMP01484,CRS0056,2025-09-12,Completed,4.3,38.3
EMP01484,CRS0120,2025-05-26,Completed,3.4,32.5
EMP01484,CRS0052,2026-10-03,Completed,3.2,38.8
EMP01485,CRS0126,2025-09-04,In Progress,,30.6
EMP01485,CRS0057,2026-12-21,Dropped,,27.4
EMP01485,CRS0008,2026-12-07,Completed,4.6,37.9
EMP01485,CRS0063,2024-08-11,Completed,3.4,6.3
EMP01486,CRS0082,2025-06-26,Completed,4.8,15.2
EMP01486,CRS0102,2026-11-18,Completed,3.5,13.4
EMP01487,CRS0134,2025-02-03,In Progress,,25.0
EMP01487,CRS0103,2025-02-24,Completed,3.6,3.0
EMP01488,CRS0113,2026-02-12,In Progress,,21.3
EMP01488,CRS0033,2025-03-02,In Progress,,8.4
EMP01488,CRS0117,2024-02-13,Completed,3.1,35.3
EMP01488,CRS0003,2024-06-09,Completed,5.0,17.9
EMP01488,CRS0021,2026-03-24,Completed,4.3,34.5
EMP01488,CRS0048,2025-12-15,Dropped,,4.6
EMP01489,CRS0001,2026-02-02,In Progress,,8.6
EMP01489,CRS0034,2024-03-11,Dropped,,28.5
EMP01490,CRS0094,2024-05-17,In Progress,,32.7
EMP01490,CRS0036,2025-07-23,Completed,4.3,26.2
EMP01490,CRS0031,2024-08-05,Completed,4.4,39.8
EMP01490,CRS0047,2024-11-21,In Progress,,5.0
EMP01490,CRS0062,2024-02-17,Completed,5.0,10.0
EMP01491,CRS0117,2026-06-10,Completed,4.6,15.3
EMP01491,CRS0005,2024-02-18,Dropped,,15.7
EMP01491,CRS0018,2025-08-01,Completed,4.9,7.6
EMP01491,CRS0138,2025-04-09,Dropped,,23.9
EMP01491,CRS0127,2026-01-11,In Progress,,11.0
EMP01492,CRS0002,2026-09-27,In Progress,,20.3
EMP01492,CRS0116,2026-10-09,In Progress,,28.3
EMP01492,CRS0106,2024-05-11,Completed,3.6,6.2
EMP01492,CRS0066,2026-05-18,Dropped,,37.8
EMP01493,CRS0120,2025-09-28,In Progress,,33.1
EMP01493,CRS0035,2026-05-11,Completed,4.7,27.3
EMP01494,CRS0078,2026-01-05,In Progress,,39.2
EMP01494,CRS0014,2025-08-05,Completed,5.0,18.1
EMP01494,CRS0046,2026-12-27,Completed,3.3,9.3
EMP01494,CRS0034,2024-12-26,Completed,4.7,15.3
EMP01494,CRS0042,2026-03-03,Completed,3.2,20.6
EMP01494,CRS0114,2026-04-01,In Progress,,2.3
EMP01495,CRS0054,2024-06-15,Completed,4.0,21.7
EMP01495,CRS0071,2025-03-26,In Progress,,39.9
EMP01495,CRS0076,2026-05-19,Completed,5.0,14.8
EMP01495,CRS0052,2025-09-14,In Progress,,6.8
EMP01495,CRS0126,2026-11-24,Completed,4.9,33.9
EMP01496,CRS0043,2024-06-01,In Progress,,35.0
EMP01496,CRS0042,2025-05-21,Completed,4.9,19.0
EMP01496,CRS0086,2026-05-16,Completed,3.7,9.3
EMP01497,CRS0057,2025-11-23,In Progress,,14.9
EMP01497,CRS0123,2024-11-21,Completed,3.0,8.2
EMP01498,CRS0012,2025-03-02,Completed,2.5,27.1
EMP01498,CRS0009,2026-04-18,Completed,4.0,22.7
EMP01498,CRS0079,2025-01-26,Completed,4.8,34.1
EMP01499,CRS0033,2024-07-13,Completed,4.2,11.1
EMP01499,CRS0025,2025-06-17,Completed,2.8,30.7
EMP01500,CRS0078,2024-12-21,In Progress,,6.3
EMP01500,CRS0019,2025-12-11,In Progress,,13.2
EMP01500,CRS0123,2025-04-16,Completed,2.5,16.8
EMP01500,CRS0139,2024-09-07,In Progress,,24.1
EMP01500,CRS0083,2025-02-13,Completed,3.9,22.0
EMP01501,CRS0103,2026-02-04,In Progress,,32.8
EMP01501,CRS0059,2024-05-20,Completed,4.2,16.4
EMP01501,CRS0063,2025-11-09,In Progress,,19.3
EMP01501,CRS0077,2026-11-09,In Progress,,6.3
EMP01501,CRS0048,2025-06-21,In Progress,,37.9
EMP01502,CRS0127,2025-08-22,Dropped,,37.3
EMP01502,CRS0102,2026-01-15,Completed,3.9,12.4
EMP01502,CRS0091,2026-04-09,Completed,2.7,5.9
EMP01502,CRS0025,2026-04-08,Dropped,,17.7
EMP01503,CRS0084,2024-01-20,Completed,3.6,7.9
EMP01503,CRS0109,2025-01-11,In Progress,,13.4
EMP01503,CRS0085,2025-11-25,Completed,3.3,39.3
EMP01503,CRS0028,2026-11-07,Completed,2.5,23.5
EMP01504,CRS0077,2025-10-24,Completed,3.5,24.0
EMP01504,CRS0067,2026-03-12,In Progress,,9.8
EMP01504,CRS0025,2024-05-21,In Progress,,34.2
EMP01505,CRS0058,2024-12-13,Completed,2.7,30.9
EMP01505,CRS0122,2025-12-09,In Progress,,21.6
EMP01505,CRS0055,2025-09-14,In Progress,,12.0
EMP01505,CRS0087,2024-03-01,In Progress,,36.8
EMP01505,CRS0041,2025-10-09,Completed,3.6,39.1
EMP01505,CRS0013,2024-07-25,Completed,2.3,22.8
EMP01506,CRS0128,2025-05-27,Completed,4.2,23.1
EMP01506,CRS0022,2024-10-26,Completed,4.3,4.9
EMP01506,CRS0130,2025-12-23,In Progress,,24.3
EMP01506,CRS0120,2024-02-16,Completed,3.9,27.0
EMP01506,CRS0015,2024-08-10,Completed,3.2,13.8
EMP01506,CRS0030,2024-09-22,Completed,3.1,39.4
EMP01507,CRS0129,2025-11-09,Completed,2.1,11.0
EMP01507,CRS0056,2024-01-01,Completed,2.3,23.5
EMP01507,CRS0118,2025-07-02,Completed,4.6,37.3
EMP01507,CRS0008,2024-09-21,In Progress,,6.6
EMP01508,CRS0067,2026-06-02,In Progress,,10.7
EMP01508,CRS0118,2025-01-09,Completed,2.0,18.5
EMP01508,CRS0046,2026-10-12,Dropped,,31.4
EMP01508,CRS0103,2024-04-11,In Progress,,19.1
EMP01509,CRS0012,2024-06-19,In Progress,,22.1
EMP01509,CRS0100,2026-09-16,In Progress,,12.6
EMP01509,CRS0070,2026-07-10,Completed,3.9,5.0
EMP01509,CRS0039,2026-05-03,Dropped,,38.1
EMP01510,CRS0021,2026-04-25,Completed,3.1,15.3
EMP01510,CRS0039,2024-04-11,Completed,4.1,7.6
EMP01510,CRS0061,2024-07-03,Completed,2.8,38.6
EMP01511,CRS0063,2024-12-11,In Progress,,22.3
EMP01511,CRS0133,2026-09-09,Completed,4.7,18.4
EMP01512,CRS0096,2025-05-14,In Progress,,4.0
EMP01512,CRS0078,2026-04-26,Completed,3.1,25.2
EMP01512,CRS0129,2026-06-13,In Progress,,35.1
EMP01512,CRS0127,2025-09-11,In Progress,,6.7
EMP01512,CRS0012,2025-09-20,Completed,4.3,19.3
EMP01513,CRS0060,2026-04-02,In Progress,,32.4
EMP01513,CRS0036,2026-10-19,Completed,3.2,4.9
EMP01513,CRS0079,2026-12-24,Completed,3.1,2.8
EMP01513,CRS0116,2025-11-26,Completed,2.3,16.1
EMP01514,CRS0034,2024-08-03,Completed,4.2,2.3
EMP01514,CRS0049,2026-01-15,Completed,3.6,14.2
EMP01514,CRS0101,2024-01-09,Completed,3.2,6.4
EMP01514,CRS0137,2025-07-11,In Progress,,14.8
EMP01515,CRS0100,2024-04-20,Completed,4.1,27.4
EMP01515,CRS0057,2024-04-28,Completed,4.0,7.3
EMP01515,CRS0099,2024-01-08,Completed,2.9,30.7
EMP01515,CRS0054,2026-03-01,Completed,4.2,38.8
EMP01515,CRS0101,2026-12-07,Completed,3.6,23.4
EMP01516,CRS0012,2026-04-24,Completed,3.3,28.7
EMP01516,CRS0024,2026-01-03,Completed,3.4,30.0
EMP01516,CRS0045,2026-03-20,Completed,2.4,33.7
EMP01516,CRS0060,2025-01-24,Completed,2.1,10.9
EMP01516,CRS0052,2026-01-22,Completed,4.7,35.5
EMP01517,CRS0083,2025-10-14,Completed,3.6,9.5
EMP01517,CRS0013,2026-03-25,In Progress,,25.7
EMP01517,CRS0121,2024-12-01,Completed,2.7,11.1
EMP01517,CRS0076,2024-09-07,In Progress,,10.3
EMP01517,CRS0021,2026-08-24,In Progress,,36.9
EMP01517,CRS0058,2026-07-03,In Progress,,38.9
EMP01518,CRS0016,2025-02-22,Completed,2.9,15.9
EMP01518,CRS0073,2026-02-21,In Progress,,22.4
EMP01518,CRS0128,2026-05-22,Completed,3.2,38.3
EMP01518,CRS0106,2026-03-06,In Progress,,32.4
EMP01519,CRS0017,2026-09-19,Completed,4.7,15.0
EMP01519,CRS0126,2024-11-18,Completed,3.9,3.6
EMP01519,CRS0130,2024-08-06,Completed,3.6,4.9
EMP01520,CRS0038,2024-02-20,Completed,4.2,21.7
EMP01520,CRS0037,2024-01-17,In Progress,,13.7
EMP01520,CRS0128,2025-05-05,Dropped,,9.7
EMP01521,CRS0064,2025-09-11,Completed,4.3,5.5
EMP01521,CRS0125,2024-04-19,Completed,3.4,21.0
EMP01521,CRS0075,2024-10-03,Completed,4.0,9.2
EMP01521,CRS0036,2024-01-10,Completed,4.7,24.7
EMP01522,CRS0114,2024-11-24,Dropped,,36.2
EMP01522,CRS0045,2025-03-12,In Progress,,39.4
EMP01522,CRS0062,2024-01-13,Completed,3.8,16.8
EMP01523,CRS0109,2025-08-26,In Progress,,37.9
EMP01523,CRS0076,2025-02-23,Completed,4.0,22.5
EMP01523,CRS0073,2026-03-19,Completed,3.3,22.3
EMP01524,CRS0033,2024-02-23,Completed,4.1,25.9
EMP01524,CRS0006,2024-12-01,Dropped,,13.7
EMP01524,CRS0078,2026-11-06,Completed,4.8,15.1
EMP01524,CRS0044,2025-07-18,Completed,3.2,5.7
EMP01524,CRS0127,2025-03-26,Completed,4.5,36.1
EMP01525,CRS0132,2024-09-10,Completed,3.7,16.2
EMP01525,CRS0007,2024-08-24,Completed,3.8,14.7
EMP01525,CRS0011,2024-01-25,Dropped,,36.7
EMP01525,CRS0080,2026-08-18,Completed,2.6,2.8
EMP01525,CRS0107,2025-04-06,Completed,3.3,37.3
EMP01525,CRS0094,2025-02-08,Completed,4.2,35.2
EMP01526,CRS0050,2024-01-07,In Progress,,28.0
EMP01526,CRS0083,2024-04-11,Completed,3.4,3.1
EMP01526,CRS0014,2024-07-06,Completed,2.6,32.6
EMP01527,CRS0080,2026-04-06,In Progress,,37.7
EMP01527,CRS0022,2024-07-04,Completed,3.2,3.4
EMP01527,CRS0095,2026-05-19,Completed,3.0,12.6
EMP01527,CRS0122,2026-12-17,Dropped,,29.2
EMP01527,CRS0014,2026-06-15,Completed,4.5,33.3
EMP01528,CRS0108,2024-04-02,Dropped,,4.1
EMP01528,CRS0076,2026-06-18,In Progress,,34.0
EMP01528,CRS0060,2025-11-17,In Progress,,21.0
EMP01528,CRS0051,2024-07-05,Dropped,,11.0
EMP01529,CRS0039,2025-04-15,Dropped,,26.9
EMP01529,CRS0093,2024-03-27,Dropped,,11.1
EMP01529,CRS0138,2024-12-17,Dropped,,25.4
EMP01529,CRS0009,2025-09-11,Completed,4.6,15.4
EMP01529,CRS0071,2024-03-01,In Progress,,4.3
EMP01529,CRS0017,2026-05-25,Completed,2.1,9.2
EMP01530,CRS0040,2026-05-13,In Progress,,38.3
EMP01530,CRS0116,2026-02-09,Completed,3.6,28.0
EMP01530,CRS0095,2026-05-02,Completed,3.9,3.7
EMP01530,CRS0017,2026-04-09,In Progress,,24.4
EMP01530,CRS0055,2024-11-21,Completed,3.3,18.9
EMP01531,CRS0016,2024-05-27,In Progress,,18.8
EMP01531,CRS0026,2024-06-12,Completed,3.7,9.7
EMP01531,CRS0008,2025-06-07,Completed,4.3,34.3
EMP01531,CRS0057,2026-07-04,Completed,4.9,7.0
EMP01531,CRS0029,2024-05-01,In Progress,,37.5
EMP01532,CRS0009,2025-09-03,Completed,2.6,33.9
EMP01532,CRS0035,2024-03-18,Completed,3.0,26.3
EMP01533,CRS0069,2026-09-24,Dropped,,20.6
EMP01533,CRS0004,2024-11-18,Completed,2.4,10.7
EMP01533,CRS0136,2024-07-10,Dropped,,3.4
EMP01533,CRS0126,2026-12-17,Completed,3.9,24.2
EMP01533,CRS0096,2026-05-10,Completed,3.2,10.8
EMP01534,CRS0120,2025-06-27,Completed,4.6,7.7
EMP01534,CRS0048,2026-08-01,Completed,4.9,15.9
EMP01534,CRS0125,2026-04-24,In Progress,,32.9
EMP01534,CRS0107,2024-05-20,In Progress,,2.4
EMP01534,CRS0051,2026-09-27,Completed,2.3,36.4
EMP01535,CRS0100,2024-02-09,Completed,2.7,27.6
EMP01535,CRS0133,2024-01-02,Completed,2.0,25.2
EMP01535,CRS0121,2024-10-03,Completed,4.4,32.3
EMP01536,CRS0030,2025-09-26,Completed,3.0,39.0
EMP01536,CRS0077,2024-05-17,Completed,2.2,17.8
EMP01537,CRS0074,2026-08-11,Completed,4.8,37.4
EMP01537,CRS0060,2026-03-08,In Progress,,2.8
EMP01537,CRS0016,2024-07-03,Completed,3.6,22.3
EMP01537,CRS0086,2025-11-17,Completed,3.4,5.2
EMP01538,CRS0008,2024-09-10,Completed,2.7,15.0
EMP01538,CRS0126,2026-12-25,Completed,3.6,17.7
EMP01538,CRS0058,2024-04-28,In Progress,,18.9
EMP01538,CRS0037,2024-08-02,Completed,3.6,31.0
EMP01538,CRS0125,2024-08-23,Completed,2.8,35.3
EMP01538,CRS0032,2026-06-20,Completed,2.5,15.4
EMP01539,CRS0068,2024-09-04,Completed,4.2,11.4
EMP01539,CRS0094,2026-01-27,Completed,3.9,29.4
EMP01539,CRS0013,2024-11-17,Completed,4.0,5.5
EMP01540,CRS0046,2024-09-28,Completed,2.8,12.6
EMP01540,CRS0122,2024-12-07,Dropped,,26.4
EMP01540,CRS0058,2024-07-05,In Progress,,7.5
EMP01540,CRS0125,2025-02-08,In Progress,,29.4
EMP01540,CRS0069,2026-04-16,Completed,2.8,9.2
EMP01540,CRS0012,2025-12-13,Completed,4.6,14.2
EMP01541,CRS0075,2025-11-04,Completed,4.6,15.4
EMP01541,CRS0031,2025-05-19,Dropped,,4.1
EMP01541,CRS0068,2024-10-27,Completed,4.3,26.5
EMP01542,CRS0107,2024-10-01,In Progress,,26.3
EMP01542,CRS0093,2025-05-11,Completed,4.5,8.9
EMP01542,CRS0035,2025-06-28,In Progress,,12.5
EMP01542,CRS0137,2026-03-12,In Progress,,26.7
EMP01542,CRS0094,2024-08-27,Completed,3.3,9.2
EMP01543,CRS0107,2024-02-10,Completed,4.8,20.8
EMP01543,CRS0074,2024-10-11,Completed,2.2,4.3
EMP01543,CRS0052,2026-07-07,Completed,4.4,11.8
EMP01544,CRS0062,2025-05-16,Completed,3.1,14.2
EMP01544,CRS0017,2025-08-08,Completed,2.9,9.6
EMP01544,CRS0013,2026-04-10,Completed,2.4,17.2
EMP01545,CRS0043,2026-04-25,Completed,4.4,31.7
EMP01545,CRS0130,2025-10-23,In Progress,,24.2
EMP01546,CRS0072,2025-03-26,Completed,4.4,14.8
EMP01546,CRS0122,2025-03-27,Completed,3.0,7.7
EMP01546,CRS0051,2026-10-27,Completed,4.5,38.3
EMP01546,CRS0094,2025-01-03,Completed,2.5,17.6
EMP01546,CRS0057,2025-08-08,Completed,2.2,5.5
EMP01547,CRS0037,2026-05-26,Completed,4.7,39.5
EMP01547,CRS0031,2024-01-25,Completed,2.8,20.2
EMP01547,CRS0118,2025-12-26,Completed,2.7,10.5
EMP01548,CRS0117,2026-07-22,Completed,4.4,12.4
EMP01548,CRS0026,2024-01-02,Dropped,,30.6
EMP01548,CRS0112,2024-04-23,Dropped,,24.4
EMP01548,CRS0036,2026-02-16,Completed,4.3,29.6
EMP01548,CRS0118,2025-07-08,Completed,4.3,27.2
EMP01549,CRS0048,2026-10-17,In Progress,,7.4
EMP01549,CRS0020,2024-01-12,Completed,2.7,30.1
EMP01549,CRS0028,2026-10-15,In Progress,,32.3
EMP01549,CRS0129,2026-06-26,Completed,2.9,36.2
EMP01549,CRS0117,2025-08-20,Dropped,,3.4
EMP01549,CRS0027,2026-10-06,In Progress,,19.4
EMP01550,CRS0060,2026-01-18,Dropped,,28.7
EMP01550,CRS0103,2025-09-13,Completed,4.7,7.0
EMP01550,CRS0026,2026-08-15,Completed,4.4,18.2
EMP01550,CRS0100,2025-07-08,In Progress,,10.8
EMP01550,CRS0106,2024-07-01,In Progress,,6.9
EMP01550,CRS0040,2024-05-01,Completed,4.4,15.7
EMP01551,CRS0071,2024-09-21,Completed,2.3,19.5
EMP01551,CRS0030,2025-10-01,Completed,4.4,35.9
EMP01551,CRS0051,2026-10-22,Dropped,,20.4
EMP01551,CRS0131,2024-09-06,Completed,4.2,27.9
EMP01551,CRS0060,2025-01-06,Completed,4.1,17.7
EMP01551,CRS0129,2026-01-05,Completed,2.0,35.8
EMP01552,CRS0046,2026-07-11,In Progress,,18.5
EMP01552,CRS0078,2025-07-14,Completed,4.1,15.7
EMP01552,CRS0076,2025-08-27,Dropped,,34.3
EMP01553,CRS0077,2026-03-07,Completed,3.6,9.5
EMP01553,CRS0056,2026-05-01,Dropped,,27.6
EMP01554,CRS0031,2025-08-15,In Progress,,23.9
EMP01554,CRS0048,2025-04-27,Dropped,,13.3
EMP01554,CRS0102,2024-11-22,Completed,3.7,12.0
EMP01554,CRS0020,2024-12-27,In Progress,,35.4
EMP01554,CRS0117,2024-01-25,Dropped,,13.4
EMP01554,CRS0104,2025-12-11,Completed,3.3,34.2
EMP01555,CRS0106,2026-02-23,Dropped,,6.2
EMP01555,CRS0118,2026-02-24,Completed,3.6,20.6
EMP01555,CRS0065,2024-08-19,Dropped,,3.1
EMP01556,CRS0121,2024-12-23,Completed,2.0,26.6
EMP01556,CRS0103,2024-03-08,Completed,4.3,10.3
EMP01556,CRS0099,2025-02-06,Completed,2.5,3.1
EMP01556,CRS0012,2026-12-13,Dropped,,38.9
EMP01556,CRS0014,2024-03-12,Completed,3.9,7.6
EMP01557,CRS0007,2025-06-09,In Progress,,23.6
EMP01557,CRS0065,2025-07-11,Completed,3.0,13.9
EMP01557,CRS0028,2025-10-11,Completed,3.8,10.4
EMP01557,CRS0021,2025-03-17,Completed,3.8,35.3
EMP01558,CRS0124,2026-04-28,In Progress,,5.8
EMP01558,CRS0095,2024-09-17,Completed,2.3,11.0
EMP01558,CRS0126,2026-10-10,Dropped,,37.8
EMP01558,CRS0040,2024-07-20,Completed,3.8,24.2
EMP01558,CRS0016,2026-03-08,Completed,4.2,6.3
EMP01558,CRS0050,2024-05-10,In Progress,,20.0
EMP01559,CRS0016,2025-12-18,Completed,3.6,25.3
EMP01559,CRS0127,2025-09-01,In Progress,,19.7
EMP01559,CRS0025,2025-08-20,Completed,2.3,26.5
EMP01559,CRS0027,2026-09-24,In Progress,,14.8
EMP01559,CRS0058,2026-10-11,Completed,2.2,28.3
EMP01559,CRS0109,2026-08-21,Completed,4.3,38.5
EMP01560,CRS0059,2024-04-17,In Progress,,31.8
EMP01560,CRS0119,2025-11-27,Completed,2.1,36.4
EMP01561,CRS0043,2025-03-07,Completed,2.4,2.3
EMP01561,CRS0107,2024-12-28,In Progress,,37.4
EMP01561,CRS0080,2025-09-13,In Progress,,39.2
EMP01562,CRS0049,2025-03-03,Completed,3.6,25.4
EMP01562,CRS0058,2025-08-11,Completed,2.9,26.5
EMP01562,CRS0067,2024-12-11,In Progress,,20.5
EMP01563,CRS0065,2024-02-06,Completed,3.3,19.3
EMP01563,CRS0028,2025-10-05,Completed,2.4,29.7
EMP01564,CRS0122,2024-12-02,Completed,2.7,26.2
EMP01564,CRS0103,2025-02-28,Completed,3.0,16.6
EMP01564,CRS0030,2025-10-27,Completed,3.5,12.3
EMP01564,CRS0119,2025-02-08,Dropped,,32.8
EMP01565,CRS0099,2024-06-02,Dropped,,34.6
EMP01565,CRS0050,2026-10-05,Dropped,,23.0
EMP01565,CRS0002,2024-03-03,Completed,3.5,3.7
EMP01566,CRS0053,2024-11-17,Completed,3.0,28.6
EMP01566,CRS0119,2025-04-02,Completed,2.0,8.2
EMP01566,CRS0008,2025-06-04,Completed,3.5,9.1
EMP01567,CRS0095,2026-12-11,In Progress,,39.8
EMP01567,CRS0030,2024-02-13,Completed,3.2,25.7
EMP01567,CRS0114,2024-08-17,Dropped,,3.5
EMP01568,CRS0051,2025-12-04,In Progress,,15.7
EMP01568,CRS0076,2025-10-27,Completed,4.5,39.7
EMP01568,CRS0137,2024-02-04,In Progress,,37.3
EMP01568,CRS0113,2024-02-13,Completed,4.5,30.9
EMP01568,CRS0108,2025-08-23,In Progress,,14.7
EMP01569,CRS0087,2024-11-18,Completed,4.8,7.0
EMP01569,CRS0114,2024-05-06,In Progress,,21.7
EMP01569,CRS0027,2026-06-21,In Progress,,22.9
EMP01569,CRS0055,2026-06-10,Completed,3.4,17.2
EMP01569,CRS0069,2026-06-11,Dropped,,3.6
EMP01569,CRS0019,2026-11-25,Completed,3.6,14.8
EMP01570,CRS0100,2026-09-18,Completed,3.7,22.8
EMP01570,CRS0013,2025-10-21,Dropped,,24.0
EMP01571,CRS0078,2024-10-21,In Progress,,24.0
EMP01571,CRS0072,2026-03-04,Completed,2.9,15.1
EMP01571,CRS0001,2026-01-06,Dropped,,22.0
EMP01571,CRS0102,2025-08-16,Dropped,,32.2
EMP01571,CRS0010,2024-06-08,Completed,3.6,36.0
EMP01571,CRS0038,2024-07-26,Completed,4.9,10.4
EMP01572,CRS0115,2024-12-25,Completed,3.1,22.5
EMP01572,CRS0016,2026-02-26,Completed,4.5,19.1
EMP01572,CRS0089,2024-12-12,Completed,3.1,37.0
EMP01572,CRS0037,2026-12-01,Completed,3.7,31.7
EMP01572,CRS0127,2025-03-05,Completed,2.2,8.6
EMP01573,CRS0033,2025-05-21,Completed,4.5,33.7
EMP01573,CRS0029,2025-01-05,Completed,3.9,21.5
EMP01574,CRS0105,2024-08-04,In Progress,,5.6
EMP01574,CRS0019,2026-08-08,Completed,3.4,27.8
EMP01574,CRS0005,2024-12-10,Completed,3.9,26.0
EMP01574,CRS0100,2024-08-06,Completed,4.4,2.4
EMP01575,CRS0079,2025-01-10,Completed,2.5,27.6
EMP01575,CRS0011,2025-09-11,Completed,2.1,8.0
EMP01576,CRS0053,2024-10-01,Completed,3.1,3.2
EMP01576,CRS0080,2025-09-28,Completed,2.2,8.1
EMP01576,CRS0052,2025-07-20,Completed,3.4,15.1
EMP01576,CRS0103,2026-04-13,Dropped,,33.0
EMP01576,CRS0018,2026-05-17,Completed,4.3,7.7
EMP01577,CRS0105,2026-10-22,In Progress,,9.2
EMP01577,CRS0130,2024-02-25,Completed,4.1,19.9
EMP01578,CRS0098,2026-12-06,In Progress,,4.2
EMP01578,CRS0029,2024-05-26,Completed,4.5,35.8
EMP01578,CRS0132,2025-12-26,Completed,3.6,10.8
EMP01578,CRS0121,2026-09-24,Completed,2.5,31.3
EMP01579,CRS0061,2025-11-24,Completed,3.9,33.7
EMP01579,CRS0037,2025-04-05,Completed,4.2,19.0
EMP01579,CRS0068,2026-12-23,Completed,2.5,34.9
EMP01580,CRS0043,2025-02-17,Completed,2.9,2.2
EMP01580,CRS0023,2024-06-13,Completed,3.8,13.0
EMP01580,CRS0064,2025-06-01,Completed,4.7,36.6
EMP01581,CRS0105,2026-10-04,Completed,4.7,35.6
EMP01581,CRS0092,2026-11-25,Completed,4.9,25.9
EMP01581,CRS0135,2024-03-11,Completed,4.3,23.3
EMP01581,CRS0043,2026-08-09,In Progress,,8.4
EMP01582,CRS0112,2025-06-13,Completed,2.9,28.3
EMP01582,CRS0013,2025-07-10,Completed,2.2,17.0
EMP01582,CRS0077,2024-05-15,Completed,4.6,3.0
EMP01582,CRS0015,2026-01-12,In Progress,,35.9
EMP01582,CRS0038,2024-10-23,In Progress,,10.3
EMP01583,CRS0136,2024-08-16,Completed,4.4,24.9
EMP01583,CRS0054,2024-05-25,In Progress,,36.6
EMP01583,CRS0119,2024-08-17,In Progress,,36.0
EMP01583,CRS0073,2026-11-16,Completed,4.1,8.7
EMP01583,CRS0123,2024-03-25,Completed,4.3,38.8
EMP01584,CRS0038,2026-09-03,Completed,3.7,34.1
EMP01584,CRS0110,2026-09-04,Completed,4.1,3.4
EMP01584,CRS0028,2024-12-01,Completed,3.4,17.3
EMP01584,CRS0041,2024-03-11,Completed,2.1,18.2
EMP01584,CRS0072,2026-05-17,In Progress,,37.6
EMP01584,CRS0119,2025-02-13,Completed,3.1,8.1
EMP01585,CRS0101,2024-01-11,In Progress,,4.6
EMP01585,CRS0050,2024-12-16,Completed,3.1,6.9
EMP01585,CRS0138,2025-01-04,Completed,4.6,13.4
EMP01585,CRS0108,2024-12-05,Completed,3.7,40.0
EMP01586,CRS0050,2024-11-18,Completed,2.1,16.1
EMP01586,CRS0098,2025-07-23,Completed,4.4,22.5
EMP01586,CRS0033,2024-06-21,Completed,2.6,13.2
EMP01587,CRS0042,2025-04-23,Completed,3.6,23.5
EMP01587,CRS0005,2024-05-27,Completed,4.5,37.3
EMP01588,CRS0087,2026-01-24,Completed,4.5,32.0
EMP01588,CRS0011,2025-09-17,Completed,3.1,17.5
EMP01589,CRS0081,2026-09-03,Completed,2.6,26.3
EMP01589,CRS0041,2024-03-12,Completed,3.6,21.4
EMP01590,CRS0015,2024-03-27,Completed,3.2,38.9
EMP01590,CRS0044,2026-02-09,Completed,4.0,28.6
EMP01590,CRS0029,2025-11-19,Completed,3.8,36.7
EMP01590,CRS0028,2026-08-18,In Progress,,5.6
EMP01590,CRS0106,2025-05-22,Completed,4.3,36.4
EMP01591,CRS0049,2026-05-10,Completed,2.7,16.4
EMP01591,CRS0099,2024-01-08,Completed,2.8,28.6
EMP01591,CRS0023,2025-09-24,Completed,2.4,37.8
EMP01591,CRS0018,2025-07-24,In Progress,,32.9
EMP01591,CRS0081,2025-06-13,Dropped,,4.5
EMP01591,CRS0062,2024-10-13,Completed,2.2,17.5
EMP01592,CRS0015,2026-02-16,Completed,3.3,3.0
EMP01592,CRS0095,2026-07-28,Dropped,,8.0
EMP01592,CRS0113,2025-04-01,Completed,4.6,30.5
EMP01592,CRS0131,2024-08-20,Completed,4.8,29.3
EMP01593,CRS0035,2025-10-26,In Progress,,36.1
EMP01593,CRS0128,2025-03-04,In Progress,,13.6
EMP01593,CRS0052,2025-09-19,Completed,4.6,26.8
EMP01593,CRS0004,2025-04-26,Dropped,,22.8
EMP01593,CRS0029,2024-12-18,Completed,3.7,33.4
EMP01594,CRS0101,2026-06-12,Completed,4.5,16.2
EMP01594,CRS0134,2026-08-07,Dropped,,32.9
EMP01595,CRS0017,2024-11-01,Completed,3.0,18.1
EMP01595,CRS0088,2024-08-28,Completed,4.4,10.6
EMP01595,CRS0109,2024-07-23,Dropped,,10.2
EMP01595,CRS0116,2025-04-25,Completed,3.9,31.6
EMP01595,CRS0121,2026-08-22,In Progress,,19.1
EMP01595,CRS0034,2025-05-28,In Progress,,15.9
EMP01596,CRS0028,2026-07-04,Dropped,,12.1
EMP01596,CRS0137,2026-10-15,Dropped,,23.8
EMP01596,CRS0021,2024-02-26,In Progress,,33.9
EMP01596,CRS0124,2025-05-02,Completed,3.3,10.3
EMP01596,CRS0092,2024-07-27,Completed,2.5,3.3
EMP01597,CRS0111,2025-09-23,Dropped,,8.2
EMP01597,CRS0107,2024-03-26,In Progress,,39.2
EMP01597,CRS0108,2024-08-07,In Progress,,16.4
EMP01598,CRS0106,2024-03-02,Completed,2.6,24.1
EMP01598,CRS0133,2025-03-14,Completed,3.4,28.2
EMP01599,CRS0031,2024-02-06,In Progress,,19.8
EMP01599,CRS0095,2026-10-24,Completed,4.8,10.0
EMP01599,CRS0109,2025-02-26,In Progress,,28.1
EMP01599,CRS0023,2024-06-02,Completed,3.2,20.5
EMP01599,CRS0078,2025-03-18,Completed,3.9,27.8
EMP01600,CRS0052,2025-09-28,Completed,3.4,26.8
EMP01600,CRS0013,2024-03-28,In Progress,,25.5
EMP01600,CRS0009,2025-06-24,Completed,4.2,4.0
EMP01600,CRS0067,2026-08-10,In Progress,,36.3
EMP01601,CRS0077,2024-04-10,Completed,2.2,21.3
EMP01601,CRS0070,2025-12-18,Dropped,,2.0
EMP01602,CRS0045,2026-08-21,In Progress,,18.3
EMP01602,CRS0018,2026-11-18,In Progress,,38.4
EMP01602,CRS0128,2024-02-14,Completed,3.5,16.7
EMP01602,CRS0008,2025-12-11,Completed,2.4,3.5
EMP01602,CRS0072,2025-10-20,Completed,4.9,17.1
EMP01603,CRS0001,2024-07-26,In Progress,,5.9
EMP01603,CRS0025,2024-01-18,Completed,2.5,30.9
EMP01603,CRS0105,2024-04-28,Completed,2.2,3.0
EMP01603,CRS0107,2026-07-27,Completed,4.1,2.9
EMP01603,CRS0092,2024-05-17,Completed,3.7,20.4
EMP01603,CRS0140,2026-09-05,Completed,4.1,17.1
EMP01604,CRS0114,2025-05-10,Completed,4.6,37.2
EMP01604,CRS0078,2025-06-13,In Progress,,27.5
EMP01604,CRS0004,2026-07-06,Completed,3.2,33.6
EMP01604,CRS0120,2026-03-20,Completed,2.5,39.1
EMP01605,CRS0003,2024-07-11,Completed,4.3,7.1
EMP01605,CRS0030,2024-09-15,In Progress,,21.1
EMP01605,CRS0124,2026-06-22,Completed,4.0,27.8
EMP01605,CRS0099,2026-09-07,Completed,2.3,10.5
EMP01606,CRS0005,2025-03-20,Completed,3.5,17.0
EMP01606,CRS0070,2024-01-09,In Progress,,24.8
EMP01607,CRS0009,2024-02-03,Completed,4.3,8.1
EMP01607,CRS0023,2025-06-28,In Progress,,18.7
EMP01607,CRS0094,2024-03-17,Completed,4.8,9.1
EMP01608,CRS0086,2025-10-20,Completed,2.3,27.7
EMP01608,CRS0007,2026-03-23,Completed,2.6,8.9
EMP01608,CRS0064,2025-01-23,In Progress,,11.7
EMP01608,CRS0133,2024-06-19,In Progress,,18.4
EMP01608,CRS0080,2026-08-27,Completed,4.1,7.1
EMP01609,CRS0072,2025-06-23,In Progress,,23.3
EMP01609,CRS0139,2024-02-23,Completed,2.9,8.7
EMP01609,CRS0099,2024-06-03,Completed,2.8,16.3
EMP01609,CRS0017,2026-07-04,Completed,2.2,26.3
EMP01609,CRS0049,2026-01-17,In Progress,,19.2
EMP01610,CRS0029,2024-03-09,In Progress,,18.8
EMP01610,CRS0052,2025-08-02,Completed,2.2,35.9
EMP01610,CRS0088,2026-06-19,In Progress,,18.4
EMP01610,CRS0058,2024-08-27,Completed,3.4,20.7
EMP01610,CRS0133,2026-01-23,In Progress,,23.9
EMP01611,CRS0111,2024-11-08,In Progress,,7.4
EMP01611,CRS0138,2024-07-16,Completed,2.5,18.4
EMP01611,CRS0019,2025-01-05,Completed,4.7,20.1
EMP01611,CRS0018,2024-07-06,Completed,2.9,3.4
EMP01612,CRS0005,2024-10-03,Completed,3.6,33.7
EMP01612,CRS0137,2026-04-18,Completed,2.7,6.6
EMP01613,CRS0018,2026-10-06,In Progress,,28.9
EMP01613,CRS0085,2024-10-15,Completed,3.4,10.8
EMP01613,CRS0064,2024-09-15,Completed,3.6,19.9
EMP01613,CRS0024,2026-01-10,Dropped,,4.8
EMP01614,CRS0060,2024-12-19,In Progress,,21.2
EMP01614,CRS0130,2026-12-15,Completed,4.2,20.4
EMP01614,CRS0121,2025-12-02,Completed,2.8,29.3
EMP01615,CRS0119,2026-02-07,In Progress,,31.2
EMP01615,CRS0136,2025-02-08,Dropped,,14.3
EMP01615,CRS0095,2025-05-18,Completed,4.1,25.8
EMP01615,CRS0039,2026-02-26,In Progress,,14.7
EMP01615,CRS0096,2026-04-07,Completed,2.8,37.9
EMP01615,CRS0063,2026-11-17,Completed,2.1,16.2
EMP01616,CRS0085,2025-02-01,Completed,2.5,33.0
EMP01616,CRS0017,2025-09-11,In Progress,,27.2
EMP01616,CRS0003,2026-10-14,Completed,3.0,33.7
EMP01616,CRS0135,2026-12-15,Completed,4.5,28.5
EMP01617,CRS0087,2025-04-17,In Progress,,39.0
EMP01617,CRS0065,2026-08-26,In Progress,,22.8
EMP01617,CRS0128,2025-08-17,Completed,2.7,9.2
EMP01618,CRS0029,2024-07-05,In Progress,,27.2
EMP01618,CRS0003,2025-05-25,Completed,3.8,23.6
EMP01619,CRS0108,2026-06-22,In Progress,,35.1
EMP01619,CRS0052,2026-02-23,In Progress,,16.8
EMP01619,CRS0024,2025-06-04,Completed,3.5,26.0
EMP01619,CRS0023,2024-04-24,Completed,3.1,33.6
EMP01620,CRS0098,2024-08-21,Completed,4.4,25.4
EMP01620,CRS0109,2025-03-11,Completed,3.6,38.9
EMP01621,CRS0069,2026-05-27,Completed,2.7,16.5
EMP01621,CRS0105,2026-10-01,Dropped,,36.7
EMP01621,CRS0119,2024-06-18,In Progress,,20.2
EMP01622,CRS0053,2024-04-07,Dropped,,39.1
EMP01622,CRS0042,2026-10-12,Completed,4.7,37.5
EMP01622,CRS0070,2024-03-09,Dropped,,9.5
EMP01622,CRS0054,2025-10-16,Completed,2.7,15.5
EMP01622,CRS0085,2025-08-16,Completed,4.4,27.0
EMP01622,CRS0093,2025-04-19,In Progress,,30.9
EMP01623,CRS0031,2026-07-11,Completed,2.3,16.3
EMP01623,CRS0129,2024-10-28,Completed,4.8,15.7
EMP01623,CRS0132,2024-04-09,Dropped,,21.8
EMP01623,CRS0070,2026-06-23,Completed,4.8,17.3
EMP01623,CRS0037,2025-09-20,Completed,4.5,2.0
EMP01624,CRS0077,2026-09-01,Completed,3.7,2.2
EMP01624,CRS0039,2025-03-04,Completed,3.9,33.8
EMP01624,CRS0088,2026-04-24,In Progress,,23.6
EMP01624,CRS0056,2025-07-21,Completed,2.5,28.4
EMP01624,CRS0042,2026-04-18,Completed,3.3,33.4
EMP01624,CRS0132,2024-09-27,Completed,2.4,29.9
EMP01625,CRS0018,2026-06-18,Dropped,,28.2
EMP01625,CRS0028,2024-09-27,Completed,4.9,30.3
EMP01625,CRS0063,2025-04-12,Completed,2.9,20.8
EMP01625,CRS0111,2026-05-19,Completed,4.4,21.5
EMP01625,CRS0070,2024-03-17,Completed,2.9,16.7
EMP01626,CRS0091,2024-03-08,Completed,4.5,35.8
EMP01626,CRS0105,2024-08-21,Completed,4.6,29.6
EMP01626,CRS0058,2024-09-06,Completed,2.4,35.8
EMP01626,CRS0059,2024-01-27,Dropped,,23.8
EMP01627,CRS0019,2026-02-09,Completed,2.1,36.2
EMP01627,CRS0006,2026-01-23,Completed,4.6,23.8
EMP01627,CRS0040,2024-01-19,Completed,2.4,39.1
EMP01627,CRS0117,2025-07-17,Completed,3.7,36.7
EMP01628,CRS0087,2025-04-28,Completed,2.5,14.3
EMP01628,CRS0069,2024-01-02,In Progress,,9.9
EMP01628,CRS0051,2025-11-13,Completed,2.0,19.3
EMP01628,CRS0067,2025-11-06,In Progress,,7.8
EMP01628,CRS0099,2024-03-21,Completed,4.2,33.6
EMP01628,CRS0071,2025-01-25,Completed,3.9,5.4
EMP01629,CRS0028,2026-12-17,Completed,3.0,4.0
EMP01629,CRS0023,2024-05-13,Completed,3.5,27.0
EMP01630,CRS0107,2024-11-22,Completed,3.9,31.2
EMP01630,CRS0061,2025-02-09,Completed,4.3,19.3
EMP01630,CRS0116,2025-12-09,Completed,4.9,34.7
EMP01630,CRS0012,2026-12-10,Completed,2.5,7.8
EMP01631,CRS0104,2024-10-03,Completed,4.7,31.5
EMP01631,CRS0100,2025-09-04,Completed,3.1,25.0
EMP01631,CRS0010,2025-10-27,Completed,2.9,22.7
EMP01631,CRS0015,2025-09-20,Dropped,,4.2
EMP01631,CRS0125,2024-09-09,In Progress,,14.7
EMP01632,CRS0095,2025-02-06,Dropped,,15.7
EMP01632,CRS0070,2026-06-05,Completed,2.1,39.4
EMP01632,CRS0081,2026-02-12,Completed,2.1,13.2
EMP01632,CRS0097,2025-03-01,Completed,3.3,24.6
EMP01632,CRS0120,2024-01-19,Completed,4.2,19.4
EMP01633,CRS0057,2024-11-20,Completed,4.8,13.3
EMP01633,CRS0066,2026-08-07,Completed,3.1,19.3
EMP01633,CRS0045,2025-03-07,Completed,4.0,11.1
EMP01633,CRS0048,2025-02-21,Completed,4.1,10.6
EMP01634,CRS0100,2026-06-07,Completed,2.8,20.9
EMP01634,CRS0018,2025-03-11,In Progress,,35.0
EMP01634,CRS0129,2025-11-24,Completed,4.6,32.7
EMP01635,CRS0088,2026-08-05,Completed,4.8,13.0
EMP01635,CRS0031,2026-09-10,In Progress,,10.9
EMP01635,CRS0081,2025-11-04,Completed,3.2,3.2
EMP01635,CRS0070,2026-03-12,Dropped,,13.3
EMP01635,CRS0027,2024-10-28,In Progress,,35.7
EMP01635,CRS0075,2024-08-11,In Progress,,24.0
EMP01636,CRS0013,2026-06-17,Completed,2.0,18.3
EMP01636,CRS0026,2025-12-22,Completed,2.8,2.3
EMP01636,CRS0084,2025-04-16,Completed,4.9,24.9
EMP01636,CRS0092,2025-12-17,Completed,4.6,11.7
EMP01636,CRS0005,2025-07-18,In Progress,,25.1
EMP01637,CRS0081,2024-03-15,Completed,3.6,12.5
EMP01637,CRS0014,2024-02-09,Completed,2.8,20.6
EMP01637,CRS0091,2024-11-07,Completed,4.8,14.9
EMP01638,CRS0063,2025-06-10,Completed,4.6,6.7
EMP01638,CRS0098,2026-11-27,In Progress,,21.7
EMP01638,CRS0140,2025-01-13,Dropped,,26.0
EMP01638,CRS0058,2024-01-20,Completed,4.7,26.1
EMP01638,CRS0077,2024-05-20,Completed,4.6,36.6
EMP01639,CRS0107,2025-08-15,In Progress,,16.2
EMP01639,CRS0097,2026-01-09,Dropped,,34.3
EMP01640,CRS0087,2024-02-20,Dropped,,32.6
EMP01640,CRS0076,2024-02-23,Dropped,,39.6
EMP01640,CRS0050,2024-02-22,Completed,2.2,3.8
EMP01640,CRS0107,2026-08-16,Dropped,,3.5
EMP01641,CRS0007,2026-10-26,In Progress,,31.7
EMP01641,CRS0009,2026-12-13,In Progress,,5.6
EMP01641,CRS0115,2026-07-28,Completed,4.8,36.8
EMP01642,CRS0111,2025-06-02,In Progress,,37.6
EMP01642,CRS0131,2024-11-06,Completed,2.6,36.2
EMP01642,CRS0130,2024-02-28,Completed,4.4,25.0
EMP01642,CRS0077,2025-04-20,Dropped,,4.1
EMP01642,CRS0052,2026-09-09,Completed,3.1,25.6
EMP01643,CRS0063,2024-06-24,In Progress,,34.6
EMP01643,CRS0132,2024-11-12,Completed,2.3,36.7
EMP01643,CRS0073,2024-01-07,Completed,3.7,7.8
EMP01643,CRS0064,2024-12-20,Completed,2.7,8.2
EMP01643,CRS0082,2025-01-28,Completed,4.0,38.5
EMP01644,CRS0126,2025-01-12,Completed,3.0,15.8
EMP01644,CRS0059,2025-11-13,Completed,3.6,33.4
EMP01645,CRS0078,2024-07-16,Completed,3.3,13.2
EMP01645,CRS0041,2026-12-03,Completed,4.1,33.4
EMP01646,CRS0005,2025-05-20,Completed,3.9,8.8
EMP01646,CRS0129,2025-05-28,Completed,4.8,26.9
EMP01647,CRS0092,2025-10-03,Completed,4.2,5.4
EMP01647,CRS0104,2025-07-12,Completed,4.3,18.8
EMP01647,CRS0069,2025-04-28,Completed,4.7,20.9
EMP01647,CRS0036,2024-01-25,Completed,3.7,4.8
EMP01647,CRS0096,2024-03-09,In Progress,,30.6
EMP01647,CRS0039,2024-08-15,Completed,4.7,4.7
EMP01648,CRS0008,2025-09-16,In Progress,,16.1
EMP01648,CRS0100,2026-05-17,Completed,2.3,6.9
EMP01648,CRS0102,2024-08-09,Completed,2.3,39.0
EMP01648,CRS0035,2024-02-23,In Progress,,39.9
EMP01648,CRS0096,2025-08-18,Completed,2.2,30.2
EMP01649,CRS0023,2026-11-28,Completed,3.3,39.0
EMP01649,CRS0052,2026-02-21,Completed,4.2,23.5
EMP01649,CRS0111,2026-03-15,Completed,4.6,28.2
EMP01649,CRS0123,2025-06-21,In Progress,,13.7
EMP01649,CRS0029,2026-08-08,Dropped,,15.1
EMP01649,CRS0112,2024-10-17,In Progress,,10.0
EMP01650,CRS0012,2026-06-24,In Progress,,36.6
EMP01650,CRS0057,2026-11-08,Completed,2.2,25.4
EMP01650,CRS0132,2025-04-26,Completed,4.7,37.9
EMP01650,CRS0042,2025-05-19,In Progress,,16.6
EMP01650,CRS0071,2024-02-01,Completed,3.0,6.6
EMP01651,CRS0096,2026-09-03,In Progress,,29.3
EMP01651,CRS0033,2026-09-03,Completed,4.3,15.5
EMP01652,CRS0051,2024-04-05,Completed,2.1,27.0
EMP01652,CRS0109,2026-10-11,Completed,3.1,4.7
EMP01652,CRS0135,2026-05-19,In Progress,,8.6
EMP01653,CRS0093,2024-02-25,Completed,3.2,27.0
EMP01653,CRS0116,2025-08-02,In Progress,,33.6
EMP01653,CRS0005,2026-02-10,In Progress,,9.1
EMP01653,CRS0054,2025-08-09,Completed,2.5,10.5
EMP01654,CRS0071,2026-04-01,In Progress,,10.8
EMP01654,CRS0096,2026-08-13,Completed,3.0,39.4
EMP01654,CRS0032,2025-12-19,Completed,3.6,38.4
EMP01654,CRS0114,2025-06-21,Completed,3.2,39.0
EMP01655,CRS0113,2024-02-25,In Progress,,16.7
EMP01655,CRS0038,2024-05-16,Completed,2.2,6.3
EMP01656,CRS0045,2026-06-03,Completed,4.8,23.4
EMP01656,CRS0033,2024-09-22,Completed,4.4,35.4
EMP01656,CRS0073,2024-09-11,Completed,3.0,34.5
EMP01657,CRS0133,2025-10-13,In Progress,,2.7
EMP01657,CRS0004,2026-01-28,In Progress,,28.5
EMP01657,CRS0070,2026-07-11,Completed,3.4,22.6
EMP01658,CRS0021,2026-08-17,Dropped,,27.2
EMP01658,CRS0058,2025-12-19,In Progress,,14.7
EMP01658,CRS0026,2025-02-14,Dropped,,6.6
EMP01658,CRS0027,2024-11-19,In Progress,,18.5
EMP01658,CRS0128,2026-09-11,Completed,3.3,20.7
EMP01658,CRS0006,2024-09-27,Completed,3.3,8.8
EMP01659,CRS0038,2025-05-23,Completed,4.4,4.5
EMP01659,CRS0133,2026-10-18,Completed,3.1,2.7
EMP01659,CRS0094,2024-02-13,Completed,2.3,23.0
EMP01659,CRS0120,2025-09-16,In Progress,,31.2
EMP01660,CRS0070,2026-07-28,Completed,3.0,28.5
EMP01660,CRS0131,2026-07-19,Completed,3.1,27.0
EMP01660,CRS0015,2024-12-10,Completed,2.1,9.3
EMP01661,CRS0099,2024-11-21,Completed,3.0,5.6
EMP01661,CRS0051,2024-07-18,Completed,3.1,2.8
EMP01661,CRS0098,2026-03-06,Dropped,,15.2
EMP01662,CRS0016,2026-10-22,In Progress,,32.7
EMP01662,CRS0045,2026-02-10,Dropped,,3.7
EMP01662,CRS0057,2024-05-01,In Progress,,16.9
EMP01662,CRS0133,2026-07-05,Completed,4.6,35.3
EMP01663,CRS0042,2026-09-28,Completed,2.4,2.2
EMP01663,CRS0039,2025-03-26,Completed,2.5,18.9
EMP01663,CRS0090,2025-06-09,Dropped,,18.4
EMP01663,CRS0092,2025-10-16,In Progress,,26.6
EMP01663,CRS0052,2026-04-16,Completed,2.0,19.4
EMP01663,CRS0114,2026-01-17,In Progress,,16.2
EMP01664,CRS0053,2025-10-23,Completed,3.3,35.7
EMP01664,CRS0002,2025-12-20,Completed,2.4,13.3
EMP01664,CRS0103,2024-07-28,In Progress,,36.6
EMP01664,CRS0036,2026-09-25,Dropped,,19.2
EMP01664,CRS0067,2025-03-01,Dropped,,3.4
EMP01664,CRS0133,2026-12-06,Completed,4.2,37.6
EMP01665,CRS0114,2025-08-02,In Progress,,37.8
EMP01665,CRS0125,2024-12-10,In Progress,,14.0
EMP01665,CRS0001,2025-04-03,In Progress,,39.4
EMP01666,CRS0033,2024-07-16,In Progress,,5.6
EMP01666,CRS0056,2024-01-19,In Progress,,12.0
EMP01667,CRS0088,2024-12-28,Completed,4.4,21.6
EMP01667,CRS0068,2024-05-07,Completed,2.4,22.7
EMP01667,CRS0038,2026-09-21,Completed,3.4,13.5
EMP01668,CRS0011,2024-08-21,Completed,4.4,32.0
EMP01668,CRS0085,2026-07-17,Completed,4.7,22.7
EMP01668,CRS0079,2025-05-17,Completed,3.7,24.6
EMP01669,CRS0077,2025-03-27,Completed,2.5,22.4
EMP01669,CRS0107,2025-02-23,Completed,2.9,12.6
EMP01669,CRS0113,2025-05-05,Dropped,,30.1
EMP01669,CRS0067,2025-01-14,Completed,4.4,22.7
EMP01669,CRS0140,2025-01-03,Completed,2.3,7.7
EMP01669,CRS0040,2024-11-09,Completed,4.0,32.8
EMP01670,CRS0027,2025-03-24,In Progress,,4.0
EMP01670,CRS0026,2026-11-24,Completed,3.8,33.0
EMP01671,CRS0105,2024-03-02,Completed,2.8,8.9
EMP01671,CRS0047,2024-10-05,Completed,2.2,13.9
EMP01671,CRS0024,2026-05-01,Completed,2.6,24.2
EMP01672,CRS0112,2024-12-16,Completed,3.7,17.0
EMP01672,CRS0136,2025-03-26,Completed,2.8,40.0
EMP01672,CRS0100,2026-10-16,Completed,2.6,21.9
EMP01672,CRS0074,2025-03-01,Completed,4.7,13.7
EMP01673,CRS0114,2026-10-03,In Progress,,20.1
EMP01673,CRS0073,2024-05-23,In Progress,,27.8
EMP01673,CRS0074,2024-02-09,Completed,3.9,11.7
EMP01674,CRS0119,2026-07-27,In Progress,,38.7
EMP01674,CRS0020,2025-01-07,Completed,2.4,24.5
EMP01675,CRS0057,2025-11-22,Completed,3.5,17.8
EMP01675,CRS0075,2026-08-26,Completed,2.4,6.9
EMP01675,CRS0045,2026-05-02,In Progress,,5.7
EMP01675,CRS0119,2026-12-19,In Progress,,12.6
EMP01675,CRS0030,2024-11-09,Completed,2.5,6.5
EMP01675,CRS0068,2026-12-12,In Progress,,36.1
EMP01676,CRS0079,2024-12-02,Completed,3.5,33.9
EMP01676,CRS0105,2025-06-21,Completed,2.7,37.5
EMP01676,CRS0102,2026-08-11,Completed,4.1,25.5
EMP01676,CRS0056,2025-05-13,In Progress,,19.5
EMP01676,CRS0124,2025-08-26,In Progress,,20.8
EMP01677,CRS0024,2026-05-01,Completed,4.8,31.0
EMP01677,CRS0057,2024-07-23,Completed,2.9,7.4
EMP01677,CRS0078,2026-05-24,Completed,3.1,28.7
EMP01677,CRS0131,2024-02-10,Dropped,,28.3
EMP01678,CRS0025,2024-06-27,Completed,4.8,3.6
EMP01678,CRS0004,2024-07-12,Completed,4.3,38.4
EMP01678,CRS0005,2025-10-22,Completed,2.9,24.1
EMP01678,CRS0073,2025-04-20,Completed,4.7,20.3
EMP01678,CRS0132,2025-09-07,Completed,4.3,3.4
EMP01679,CRS0024,2025-01-22,Completed,2.1,36.3
EMP01679,CRS0005,2025-05-12,Dropped,,10.0
EMP01679,CRS0139,2024-03-24,Completed,4.7,39.1
EMP01679,CRS0013,2024-12-05,In Progress,,35.8
EMP01680,CRS0086,2024-12-27,Completed,2.6,32.1
EMP01680,CRS0083,2026-10-28,Completed,3.0,23.8
EMP01681,CRS0045,2024-07-26,Completed,3.2,14.3
EMP01681,CRS0069,2025-01-07,Completed,3.6,6.1
EMP01681,CRS0018,2026-06-07,Completed,2.1,11.5
EMP01681,CRS0113,2025-12-23,Completed,3.2,35.3
EMP01682,CRS0032,2024-02-04,Completed,4.5,39.5
EMP01682,CRS0121,2025-09-16,In Progress,,34.7
EMP01682,CRS0040,2024-08-08,Dropped,,16.4
EMP01682,CRS0019,2026-05-12,Completed,2.5,16.2
EMP01682,CRS0108,2026-10-13,Completed,2.6,14.4
EMP01682,CRS0087,2024-11-04,Dropped,,10.5
EMP01683,CRS0031,2024-05-07,Dropped,,36.1
EMP01683,CRS0052,2025-03-27,Completed,4.0,16.4
EMP01683,CRS0020,2025-03-03,Completed,4.9,37.0
EMP01684,CRS0059,2025-07-24,In Progress,,2.1
EMP01684,CRS0071,2026-05-20,Completed,2.4,15.0
EMP01684,CRS0067,2024-10-07,Completed,2.8,19.2
EMP01684,CRS0004,2026-02-07,Completed,2.2,20.2
EMP01685,CRS0095,2025-10-09,Dropped,,11.3
EMP01685,CRS0061,2024-11-01,Completed,3.3,6.2
EMP01685,CRS0055,2024-06-11,Completed,3.0,16.0
EMP01686,CRS0131,2025-02-05,Completed,4.9,36.5
EMP01686,CRS0062,2026-08-20,Completed,5.0,14.9
EMP01686,CRS0130,2024-01-23,Completed,3.0,20.2
EMP01686,CRS0110,2024-10-09,In Progress,,4.3
EMP01687,CRS0081,2026-12-13,Completed,2.3,37.1
EMP01687,CRS0099,2025-04-07,In Progress,,28.2
EMP01687,CRS0064,2024-02-22,Completed,3.4,13.7
EMP01687,CRS0100,2026-06-20,Completed,2.3,9.5
EMP01687,CRS0110,2026-04-19,In Progress,,30.2
EMP01687,CRS0104,2026-12-25,Completed,4.7,39.5
EMP01688,CRS0137,2025-12-20,In Progress,,35.6
EMP01688,CRS0131,2025-01-06,In Progress,,16.5
EMP01688,CRS0031,2025-01-13,Completed,3.4,13.6
EMP01689,CRS0139,2026-10-26,Completed,3.6,37.5
EMP01689,CRS0021,2024-04-11,Completed,4.6,12.8
EMP01689,CRS0053,2026-05-07,In Progress,,17.4
EMP01689,CRS0062,2024-11-27,In Progress,,11.4
EMP01690,CRS0100,2026-03-19,Completed,2.4,25.6
EMP01690,CRS0007,2026-11-16,Completed,4.8,30.3
EMP01690,CRS0101,2025-12-22,Completed,4.4,32.6
EMP01690,CRS0038,2024-11-04,In Progress,,2.6
EMP01690,CRS0109,2026-07-12,Completed,4.5,22.6
EMP01690,CRS0051,2025-09-04,Completed,3.4,33.4
EMP01691,CRS0106,2024-08-16,Dropped,,12.8
EMP01691,CRS0076,2024-11-04,Completed,4.2,15.2
EMP01691,CRS0083,2026-04-13,Completed,3.8,6.2
EMP01692,CRS0080,2025-05-02,Completed,2.4,21.1
EMP01692,CRS0115,2025-08-25,In Progress,,6.4
EMP01692,CRS0121,2024-02-22,In Progress,,23.2
EMP01692,CRS0042,2024-06-17,Completed,3.1,19.9
EMP01693,CRS0035,2026-01-09,Dropped,,26.3
EMP01693,CRS0133,2024-09-28,Completed,3.8,5.5
EMP01693,CRS0067,2024-03-04,Dropped,,23.5
EMP01693,CRS0068,2025-11-10,Completed,4.0,20.1
EMP01693,CRS0044,2025-12-24,In Progress,,37.3
EMP01693,CRS0114,2024-08-01,Completed,3.0,34.4
EMP01694,CRS0118,2026-12-06,In Progress,,31.0
EMP01694,CRS0011,2024-12-05,Completed,3.1,21.4
EMP01694,CRS0042,2025-09-04,Completed,4.8,39.2
EMP01694,CRS0050,2026-11-22,In Progress,,39.0
EMP01695,CRS0085,2026-10-15,Completed,2.8,15.9
EMP01695,CRS0022,2024-10-22,Completed,4.5,15.8
EMP01695,CRS0111,2025-03-28,Completed,4.4,38.8
EMP01695,CRS0047,2024-03-12,Completed,2.5,18.7
EMP01695,CRS0068,2026-06-11,Completed,4.4,12.8
EMP01696,CRS0035,2025-03-27,Completed,4.9,29.6
EMP01696,CRS0041,2024-03-20,In Progress,,32.3
EMP01696,CRS0010,2025-08-08,Completed,4.1,27.9
EMP01696,CRS0083,2024-08-01,Completed,3.1,34.9
EMP01697,CRS0056,2026-06-12,Completed,3.3,25.1
EMP01697,CRS0038,2025-04-05,In Progress,,20.1
EMP01697,CRS0053,2025-07-05,Completed,3.1,33.6
EMP01697,CRS0014,2025-05-26,Completed,3.0,18.1
EMP01697,CRS0001,2025-01-08,Completed,3.1,20.9
EMP01698,CRS0055,2026-12-02,Completed,4.9,21.6
EMP01698,CRS0106,2024-11-15,Completed,3.9,19.3
EMP01699,CRS0129,2026-07-11,Completed,4.3,22.2
EMP01699,CRS0067,2026-08-13,Completed,2.5,21.3
EMP01699,CRS0006,2025-05-14,In Progress,,19.0
EMP01699,CRS0086,2024-06-28,Completed,2.7,13.2
EMP01700,CRS0045,2026-12-23,Completed,2.3,24.4
EMP01700,CRS0136,2024-10-16,Completed,2.8,2.6
EMP01700,CRS0116,2025-01-26,Completed,2.8,27.1
EMP01700,CRS0008,2024-11-06,Dropped,,20.0
EMP01700,CRS0061,2025-07-04,In Progress,,10.7
EMP01700,CRS0096,2025-03-27,Completed,4.5,14.5
EMP01701,CRS0008,2024-01-17,Completed,3.1,4.4
EMP01701,CRS0036,2026-06-07,Dropped,,36.0
EMP01701,CRS0113,2025-11-22,Completed,4.3,26.2
EMP01701,CRS0048,2024-03-25,In Progress,,6.7
EMP01702,CRS0068,2025-01-22,In Progress,,22.9
EMP01702,CRS0084,2024-12-28,In Progress,,20.2
EMP01702,CRS0015,2025-08-01,Completed,4.6,31.2
EMP01703,CRS0016,2025-05-01,In Progress,,4.3
EMP01703,CRS0099,2026-12-09,Completed,2.3,10.7
EMP01703,CRS0003,2025-12-09,Completed,4.1,5.7
EMP01703,CRS0110,2026-10-25,Completed,3.9,12.4
EMP01703,CRS0014,2024-08-07,In Progress,,14.2
EMP01703,CRS0088,2025-02-12,In Progress,,34.8
EMP01704,CRS0041,2026-02-05,Completed,4.8,5.0
EMP01704,CRS0040,2025-06-18,Completed,3.6,7.1
EMP01704,CRS0075,2026-03-16,In Progress,,14.5
EMP01704,CRS0021,2026-10-14,Completed,2.6,38.6
EMP01705,CRS0140,2025-08-02,In Progress,,21.4
EMP01705,CRS0083,2024-10-12,Dropped,,34.4
EMP01705,CRS0105,2026-02-06,Completed,4.0,18.3
EMP01705,CRS0007,2026-05-28,Dropped,,11.3
EMP01705,CRS0069,2026-05-20,Completed,4.4,26.6
EMP01705,CRS0084,2025-06-15,Completed,3.4,28.4
EMP01706,CRS0068,2025-11-13,Completed,4.6,6.4
EMP01706,CRS0065,2024-11-22,In Progress,,37.0
EMP01706,CRS0016,2024-02-03,Dropped,,23.1
EMP01706,CRS0044,2024-01-17,Completed,3.3,33.7
EMP01706,CRS0060,2026-09-04,Completed,4.7,22.8
EMP01706,CRS0015,2025-09-02,In Progress,,30.7
EMP01707,CRS0029,2025-05-23,Completed,2.0,26.9
EMP01707,CRS0012,2024-11-05,In Progress,,11.7
EMP01708,CRS0104,2024-10-22,Dropped,,36.6
EMP01708,CRS0121,2024-01-19,In Progress,,4.9
EMP01708,CRS0035,2024-07-12,Completed,4.2,27.8
EMP01708,CRS0023,2024-02-14,In Progress,,22.0
EMP01709,CRS0092,2024-01-18,Completed,4.6,2.4
EMP01709,CRS0023,2026-11-16,Dropped,,22.6
EMP01709,CRS0077,2025-04-15,Completed,2.9,31.9
EMP01709,CRS0112,2024-09-12,In Progress,,8.3
EMP01710,CRS0110,2024-12-02,Completed,3.1,22.4
EMP01710,CRS0049,2024-08-14,In Progress,,20.7
EMP01710,CRS0021,2024-10-22,In Progress,,37.8
EMP01710,CRS0072,2024-08-16,Dropped,,29.4
EMP01711,CRS0064,2024-08-22,In Progress,,14.1
EMP01711,CRS0023,2025-09-11,Completed,4.7,10.3
EMP01711,CRS0025,2026-05-19,Completed,5.0,27.4
EMP01711,CRS0003,2025-08-05,Completed,4.0,20.8
EMP01711,CRS0044,2026-09-03,Completed,3.4,25.7
EMP01712,CRS0135,2024-08-13,Completed,4.3,30.4
EMP01712,CRS0130,2024-06-22,In Progress,,31.0
EMP01713,CRS0094,2025-07-19,Completed,2.7,18.6
EMP01713,CRS0082,2026-04-05,In Progress,,17.4
EMP01713,CRS0138,2026-07-13,In Progress,,35.7
EMP01713,CRS0119,2024-03-18,Completed,4.5,20.5
EMP01713,CRS0012,2025-03-07,Completed,2.6,30.6
EMP01713,CRS0065,2024-02-13,Completed,3.1,6.4
EMP01714,CRS0047,2026-05-06,Completed,3.6,35.0
EMP01714,CRS0099,2025-07-27,Completed,3.0,28.1
EMP01714,CRS0134,2026-07-17,Completed,4.0,29.2
EMP01714,CRS0123,2026-10-26,Completed,3.0,21.2
EMP01714,CRS0059,2024-10-03,In Progress,,39.4
EMP01715,CRS0049,2024-05-23,Completed,2.3,25.0
EMP01715,CRS0009,2025-12-01,Completed,3.0,11.6
EMP01715,CRS0072,2025-11-25,Completed,3.2,11.8
EMP01716,CRS0025,2025-05-27,Completed,4.0,29.4
EMP01716,CRS0104,2024-08-19,Completed,2.2,4.4
EMP01716,CRS0056,2025-03-04,Completed,4.9,35.5
EMP01716,CRS0024,2026-07-01,Completed,4.7,18.2
EMP01717,CRS0129,2026-09-22,Completed,4.8,30.6
EMP01717,CRS0007,2026-09-01,Completed,3.9,4.0
EMP01717,CRS0138,2024-08-11,Completed,2.4,7.7
EMP01717,CRS0084,2026-08-28,Completed,4.9,23.3
EMP01718,CRS0038,2026-06-28,Dropped,,10.6
EMP01718,CRS0039,2024-02-24,Completed,4.9,18.6
EMP01718,CRS0098,2026-06-25,Completed,2.1,22.1
EMP01718,CRS0109,2025-06-03,Completed,2.2,13.1
EMP01718,CRS0101,2024-02-05,Completed,3.5,34.1
EMP01719,CRS0017,2026-10-14,Completed,3.5,19.9
EMP01719,CRS0082,2025-03-01,Completed,4.6,29.1
EMP01719,CRS0037,2025-09-21,Dropped,,31.3
EMP01719,CRS0104,2025-02-08,In Progress,,37.8
EMP01719,CRS0024,2026-10-23,Completed,4.0,23.0
EMP01720,CRS0054,2024-07-05,In Progress,,13.5
EMP01720,CRS0065,2025-10-04,Dropped,,26.4
EMP01720,CRS0024,2026-11-24,In Progress,,11.3
EMP01720,CRS0059,2026-02-18,Completed,4.0,2.3
EMP01720,CRS0005,2024-05-14,Completed,3.1,36.9
EMP01721,CRS0024,2026-02-19,Dropped,,36.6
EMP01721,CRS0008,2025-02-17,Completed,3.5,4.6
EMP01721,CRS0017,2026-07-11,Completed,4.1,23.8
EMP01721,CRS0009,2024-05-12,Completed,3.3,16.6
EMP01721,CRS0112,2025-09-12,Completed,2.2,4.7
EMP01722,CRS0059,2024-03-11,Completed,4.1,16.6
EMP01722,CRS0119,2026-07-04,Completed,2.5,27.1
EMP01723,CRS0021,2026-10-08,Completed,2.2,26.8
EMP01723,CRS0034,2025-04-01,In Progress,,10.1
EMP01723,CRS0080,2026-03-27,Completed,3.2,32.3
EMP01723,CRS0017,2025-10-26,Dropped,,21.2
EMP01723,CRS0084,2025-04-15,Dropped,,15.6
EMP01723,CRS0041,2025-12-24,In Progress,,19.5
EMP01724,CRS0027,2025-10-09,Completed,3.4,38.8
EMP01724,CRS0006,2025-05-19,In Progress,,9.3
EMP01724,CRS0079,2024-10-17,Completed,2.2,39.2
EMP01724,CRS0095,2026-06-12,In Progress,,39.0
EMP01725,CRS0035,2024-03-17,Completed,4.6,28.8
EMP01725,CRS0096,2024-04-25,Completed,4.6,4.7
EMP01725,CRS0083,2025-09-25,Completed,2.6,15.3
EMP01726,CRS0028,2024-02-03,Completed,2.3,36.0
EMP01726,CRS0061,2024-04-23,Completed,4.0,11.3
EMP01726,CRS0055,2025-12-23,Dropped,,33.6
EMP01726,CRS0049,2024-04-24,Completed,3.5,30.2
EMP01726,CRS0003,2024-12-05,In Progress,,29.6
EMP01727,CRS0031,2026-04-22,Completed,3.8,37.9
EMP01727,CRS0020,2026-10-07,In Progress,,21.3
EMP01728,CRS0053,2026-11-20,Completed,4.4,25.0
EMP01728,CRS0012,2024-03-01,Completed,5.0,18.1
EMP01728,CRS0017,2026-03-18,In Progress,,33.3
EMP01729,CRS0105,2026-07-06,Completed,3.0,39.9
EMP01729,CRS0130,2025-09-23,Dropped,,11.4
EMP01729,CRS0031,2025-08-22,Completed,3.1,22.6
EMP01729,CRS0140,2026-01-15,Dropped,,24.5
EMP01729,CRS0069,2025-05-14,Completed,3.5,4.0
EMP01729,CRS0061,2025-10-17,Completed,2.5,9.6
EMP01730,CRS0070,2025-06-09,Completed,2.4,3.5
EMP01730,CRS0132,2024-11-09,Dropped,,32.3
EMP01730,CRS0008,2025-07-18,Completed,3.7,5.4
EMP01730,CRS0048,2025-04-21,Completed,4.3,33.0
EMP01730,CRS0121,2025-10-13,In Progress,,30.7
EMP01731,CRS0131,2024-04-27,In Progress,,6.1
EMP01731,CRS0097,2025-06-08,Completed,4.6,35.7
EMP01731,CRS0107,2024-11-25,Completed,3.7,35.6
EMP01731,CRS0135,2025-11-15,Completed,3.2,10.3
EMP01732,CRS0130,2026-07-14,Completed,3.4,39.3
EMP01732,CRS0019,2025-05-22,In Progress,,38.2
EMP01733,CRS0100,2025-08-04,Completed,3.8,37.2
EMP01733,CRS0096,2025-01-06,Completed,2.1,6.4
EMP01733,CRS0133,2026-07-01,Completed,2.6,26.3
EMP01733,CRS0069,2025-03-06,Completed,3.1,14.7
EMP01733,CRS0016,2025-01-20,In Progress,,24.3
EMP01734,CRS0074,2026-05-18,In Progress,,12.3
EMP01734,CRS0055,2025-12-25,In Progress,,29.1
EMP01734,CRS0112,2025-12-11,Completed,2.3,12.8
EMP01734,CRS0005,2026-04-26,Completed,3.6,6.9
EMP01735,CRS0004,2026-12-28,Completed,2.1,18.1
EMP01735,CRS0010,2025-07-15,In Progress,,19.7
EMP01735,CRS0130,2024-05-01,In Progress,,11.5
EMP01735,CRS0122,2025-06-26,Completed,4.0,4.0
EMP01735,CRS0060,2024-04-07,Completed,4.1,27.5
EMP01736,CRS0059,2025-10-14,Dropped,,20.5
EMP01736,CRS0023,2026-06-08,In Progress,,5.7
EMP01736,CRS0121,2024-07-04,In Progress,,2.8
EMP01736,CRS0035,2025-12-17,In Progress,,3.8
EMP01737,CRS0039,2026-12-21,Completed,2.3,18.9
EMP01737,CRS0098,2026-12-18,Dropped,,19.8
EMP01737,CRS0054,2025-03-01,Completed,2.4,3.2
EMP01737,CRS0044,2026-07-13,In Progress,,5.3
EMP01738,CRS0045,2025-10-15,Completed,4.3,22.7
EMP01738,CRS0121,2025-02-18,In Progress,,18.7
EMP01738,CRS0043,2026-03-15,Dropped,,33.2
EMP01738,CRS0103,2026-02-25,Completed,3.1,36.3
EMP01738,CRS0059,2024-12-18,Completed,2.3,12.3
EMP01738,CRS0078,2024-05-07,Completed,2.4,17.8
EMP01739,CRS0068,2026-09-25,Completed,4.1,22.1
EMP01739,CRS0111,2024-08-10,Completed,5.0,20.0
EMP01739,CRS0060,2025-03-15,Completed,2.3,33.7
EMP01739,CRS0096,2024-02-23,Completed,4.0,19.3
EMP01739,CRS0115,2024-08-03,In Progress,,24.8
EMP01739,CRS0027,2024-11-05,Completed,2.6,18.8
EMP01740,CRS0085,2024-08-08,Completed,4.4,8.1
EMP01740,CRS0091,2026-01-09,Completed,3.8,19.2
EMP01741,CRS0065,2025-02-07,Dropped,,22.5
EMP01741,CRS0087,2026-01-13,Completed,2.6,11.3
EMP01742,CRS0033,2026-09-10,Completed,4.3,37.8
EMP01742,CRS0130,2024-11-20,Completed,2.0,7.7
EMP01742,CRS0118,2025-08-14,Completed,3.8,21.8
EMP01743,CRS0018,2025-11-15,In Progress,,36.7
EMP01743,CRS0104,2024-08-18,Completed,4.5,23.5
EMP01744,CRS0100,2026-08-24,Completed,3.8,29.2
EMP01744,CRS0009,2026-11-06,In Progress,,22.3
EMP01744,CRS0127,2026-10-17,In Progress,,21.0
EMP01745,CRS0063,2024-07-05,In Progress,,6.1
EMP01745,CRS0134,2026-06-26,Completed,3.5,9.3
EMP01745,CRS0019,2026-07-09,In Progress,,29.2
EMP01746,CRS0124,2026-03-05,In Progress,,9.3
EMP01746,CRS0074,2025-01-12,Dropped,,36.8
EMP01746,CRS0065,2026-11-10,Completed,3.1,30.0
EMP01746,CRS0083,2024-06-19,Completed,3.7,33.8
EMP01746,CRS0106,2024-03-18,Completed,3.4,8.9
EMP01747,CRS0039,2026-05-07,Dropped,,34.9
EMP01747,CRS0058,2024-02-08,In Progress,,27.1
EMP01747,CRS0078,2024-11-09,Dropped,,19.5
EMP01747,CRS0057,2024-12-26,Completed,3.6,34.9
EMP01747,CRS0116,2025-04-17,Completed,3.8,17.9
EMP01747,CRS0025,2026-08-11,In Progress,,14.8
EMP01748,CRS0046,2025-10-22,Completed,2.4,33.3
EMP01748,CRS0039,2024-03-06,Completed,4.8,14.5
EMP01749,CRS0069,2024-04-26,Completed,3.9,39.9
EMP01749,CRS0127,2025-09-01,In Progress,,34.6
EMP01749,CRS0010,2026-07-09,Completed,3.6,2.4
EMP01750,CRS0060,2024-01-02,Completed,3.3,24.3
EMP01750,CRS0093,2024-11-05,In Progress,,29.7
EMP01750,CRS0084,2026-12-19,In Progress,,13.4
EMP01751,CRS0057,2025-06-22,Completed,4.5,2.0
EMP01751,CRS0011,2024-10-07,In Progress,,4.1
EMP01752,CRS0066,2026-03-06,Completed,2.3,35.8
EMP01752,CRS0001,2024-12-24,Completed,2.3,27.5
EMP01752,CRS0098,2024-03-07,Completed,2.2,3.0
EMP01752,CRS0071,2024-04-19,In Progress,,8.0
EMP01752,CRS0026,2026-06-27,Completed,4.0,37.2
EMP01753,CRS0031,2026-02-13,Completed,2.4,29.1
EMP01753,CRS0073,2024-10-27,In Progress,,4.0
EMP01753,CRS0048,2026-03-03,In Progress,,14.9
EMP01753,CRS0127,2025-11-26,Completed,3.8,21.1
EMP01753,CRS0060,2026-02-26,Completed,4.6,37.2
EMP01753,CRS0082,2025-02-23,Completed,4.0,11.4
EMP01754,CRS0078,2026-12-28,Completed,2.1,6.0
EMP01754,CRS0032,2025-05-26,In Progress,,5.9
EMP01754,CRS0120,2025-12-15,Dropped,,29.8
EMP01754,CRS0138,2025-02-01,Dropped,,5.0
EMP01754,CRS0023,2026-09-17,Dropped,,38.6
EMP01754,CRS0125,2025-07-05,Completed,2.1,12.0
EMP01755,CRS0007,2025-03-21,Completed,4.1,9.2
EMP01755,CRS0049,2024-10-15,In Progress,,23.4
EMP01756,CRS0096,2025-06-14,In Progress,,26.2
EMP01756,CRS0033,2026-02-25,In Progress,,19.6
EMP01756,CRS0014,2024-08-27,Completed,4.8,4.7
EMP01757,CRS0080,2024-04-21,Completed,3.7,7.0
EMP01757,CRS0070,2026-10-15,In Progress,,13.8
EMP01757,CRS0005,2024-01-13,In Progress,,19.4
EMP01757,CRS0025,2026-07-27,Completed,4.6,21.4
EMP01757,CRS0059,2024-12-22,Completed,2.5,37.4
EMP01757,CRS0006,2026-03-18,Dropped,,7.2
EMP01758,CRS0074,2025-09-22,Completed,4.3,18.3
EMP01758,CRS0012,2025-12-21,Completed,4.1,5.8
EMP01758,CRS0069,2026-02-20,Completed,3.0,22.5
EMP01758,CRS0004,2025-06-27,In Progress,,17.5
EMP01759,CRS0140,2026-07-10,Dropped,,15.0
EMP01759,CRS0048,2025-03-19,Completed,3.4,5.7
EMP01759,CRS0113,2025-04-08,Completed,3.2,21.5
EMP01759,CRS0017,2026-05-27,Completed,5.0,10.6
EMP01759,CRS0073,2026-08-17,Completed,3.8,7.3
EMP01759,CRS0122,2026-03-25,Completed,2.6,6.5
EMP01760,CRS0129,2025-07-09,In Progress,,3.6
EMP01760,CRS0088,2025-05-02,Completed,3.6,39.3
EMP01761,CRS0138,2026-04-25,Completed,4.4,30.4
EMP01761,CRS0092,2025-12-22,Completed,3.0,3.3
EMP01761,CRS0112,2026-10-24,Completed,2.9,35.1
EMP01761,CRS0094,2026-01-19,In Progress,,7.3
EMP01762,CRS0072,2026-04-03,Dropped,,5.3
EMP01762,CRS0082,2026-10-28,In Progress,,32.6
EMP01762,CRS0094,2025-03-06,Completed,4.7,13.2
EMP01762,CRS0070,2026-11-19,In Progress,,11.0
EMP01763,CRS0129,2026-07-24,Completed,4.9,36.2
EMP01763,CRS0118,2025-11-11,Completed,4.6,25.4
EMP01763,CRS0076,2025-09-21,Completed,4.9,35.1
EMP01763,CRS0040,2024-07-07,In Progress,,29.0
EMP01764,CRS0044,2026-10-24,Completed,2.5,6.6
EMP01764,CRS0130,2024-02-03,In Progress,,16.5
EMP01764,CRS0017,2025-07-08,Completed,4.7,16.0
EMP01764,CRS0004,2024-01-02,In Progress,,18.2
EMP01764,CRS0087,2026-04-07,Dropped,,13.2
EMP01764,CRS0042,2025-07-27,Completed,4.6,3.5
EMP01765,CRS0004,2024-05-13,In Progress,,23.5
EMP01765,CRS0118,2024-06-20,Dropped,,36.5
EMP01765,CRS0094,2026-04-24,Dropped,,7.5
EMP01765,CRS0085,2024-06-25,In Progress,,25.4
EMP01766,CRS0118,2025-07-22,In Progress,,35.7
EMP01766,CRS0068,2025-01-13,Completed,2.9,19.6
EMP01766,CRS0026,2025-02-15,Completed,3.1,14.9
EMP01766,CRS0101,2025-08-19,Completed,2.2,23.7
EMP01766,CRS0032,2024-05-19,Completed,2.7,35.6
EMP01767,CRS0040,2025-02-12,Completed,4.8,21.1
EMP01767,CRS0059,2025-10-25,Completed,4.1,9.8
EMP01767,CRS0080,2025-12-07,Completed,3.3,13.0
EMP01767,CRS0073,2024-02-02,Completed,2.7,30.1
EMP01767,CRS0052,2025-08-13,Dropped,,38.1
EMP01768,CRS0095,2025-09-27,Completed,5.0,3.4
EMP01768,CRS0055,2025-11-24,In Progress,,38.9
EMP01769,CRS0080,2026-08-13,Completed,4.5,16.5
EMP01769,CRS0139,2025-07-10,Completed,3.6,38.4
EMP01769,CRS0015,2025-04-22,Completed,4.5,9.7
EMP01769,CRS0101,2025-07-06,Completed,2.8,22.4
EMP01770,CRS0128,2025-07-14,Completed,2.7,16.7
EMP01770,CRS0026,2026-01-16,Completed,5.0,4.1
EMP01770,CRS0037,2025-03-26,Dropped,,20.9
EMP01771,CRS0106,2025-07-12,Completed,4.8,19.5
EMP01771,CRS0096,2025-11-04,In Progress,,30.2
EMP01771,CRS0115,2025-02-23,Completed,2.1,7.9
EMP01772,CRS0051,2026-05-20,In Progress,,8.6
EMP01772,CRS0066,2025-09-23,Dropped,,19.3
EMP01772,CRS0087,2025-09-21,Dropped,,18.1
EMP01773,CRS0007,2024-09-08,Dropped,,20.2
EMP01773,CRS0088,2024-04-21,Completed,3.9,2.6
EMP01774,CRS0030,2024-06-07,In Progress,,38.8
EMP01774,CRS0090,2026-01-18,In Progress,,26.6
EMP01774,CRS0101,2026-04-18,In Progress,,5.3
EMP01775,CRS0015,2026-06-14,Dropped,,22.8
EMP01775,CRS0102,2024-04-01,In Progress,,5.3
EMP01775,CRS0104,2026-08-28,Dropped,,33.6
EMP01775,CRS0047,2026-01-09,Completed,3.2,23.1
EMP01775,CRS0079,2025-02-13,Completed,2.9,12.2
EMP01776,CRS0026,2025-02-21,Completed,3.0,23.8
EMP01776,CRS0052,2024-05-26,In Progress,,31.7
EMP01776,CRS0001,2024-06-28,Completed,2.1,23.4
EMP01776,CRS0102,2026-10-17,In Progress,,36.0
EMP01776,CRS0084,2026-12-09,In Progress,,20.4
EMP01777,CRS0044,2025-02-27,In Progress,,11.3
EMP01777,CRS0077,2025-10-23,Completed,3.8,30.8
EMP01778,CRS0087,2026-12-25,In Progress,,14.8
EMP01778,CRS0073,2024-11-02,Completed,3.0,29.9
EMP01778,CRS0068,2026-06-05,Dropped,,24.5
EMP01779,CRS0020,2025-07-08,Completed,2.9,29.9
EMP01779,CRS0071,2026-02-14,Completed,2.1,6.2
EMP01779,CRS0091,2024-02-15,Completed,3.3,24.2
EMP01779,CRS0114,2026-06-13,Completed,4.3,9.5
EMP01779,CRS0133,2026-06-15,Completed,2.7,23.7
EMP01780,CRS0016,2025-04-04,Completed,2.1,28.8
EMP01780,CRS0030,2026-03-07,Dropped,,18.3
EMP01781,CRS0104,2025-02-25,Completed,2.6,16.0
EMP01781,CRS0048,2025-08-10,In Progress,,2.6
EMP01781,CRS0032,2026-07-01,Completed,4.5,10.3
EMP01781,CRS0062,2024-11-22,Completed,2.6,25.2
EMP01782,CRS0115,2024-02-22,Completed,4.1,35.5
EMP01782,CRS0009,2026-10-23,In Progress,,19.9
EMP01782,CRS0037,2026-10-13,Completed,2.1,31.1
EMP01782,CRS0065,2025-04-21,Completed,3.7,19.7
EMP01782,CRS0095,2026-04-09,Dropped,,39.4
EMP01782,CRS0103,2024-07-23,Completed,4.0,20.7
EMP01783,CRS0093,2024-01-25,Completed,3.2,17.5
EMP01783,CRS0109,2024-11-06,In Progress,,5.0
EMP01784,CRS0018,2025-09-10,Completed,4.7,20.9
EMP01784,CRS0047,2024-07-20,Completed,5.0,3.5
EMP01784,CRS0049,2024-04-24,Dropped,,9.5
EMP01785,CRS0033,2026-01-09,Completed,3.8,29.8
EMP01785,CRS0012,2024-11-03,Completed,4.7,23.1
EMP01785,CRS0103,2026-12-08,In Progress,,22.0
EMP01785,CRS0038,2025-04-21,Completed,2.2,4.5
EMP01786,CRS0127,2025-07-13,Completed,4.4,27.9
EMP01786,CRS0089,2025-12-13,Dropped,,38.9
EMP01786,CRS0136,2024-12-16,Completed,3.8,4.1
EMP01786,CRS0116,2025-08-10,Completed,2.0,36.2
EMP01786,CRS0060,2025-04-17,In Progress,,34.3
EMP01787,CRS0005,2026-06-25,Completed,3.4,12.7
EMP01787,CRS0135,2026-09-18,Completed,2.5,11.3
EMP01787,CRS0133,2024-02-02,Dropped,,25.9
EMP01787,CRS0043,2025-05-22,Completed,2.7,22.7
EMP01788,CRS0068,2026-01-25,Completed,4.5,33.3
EMP01788,CRS0131,2026-04-19,In Progress,,16.0
EMP01788,CRS0060,2025-07-15,Completed,4.1,24.4
EMP01788,CRS0002,2024-01-28,In Progress,,38.3
EMP01788,CRS0031,2025-01-19,In Progress,,11.6
EMP01789,CRS0062,2026-11-01,Completed,4.0,10.2
EMP01789,CRS0106,2025-04-09,Dropped,,16.0
EMP01789,CRS0086,2026-07-16,Completed,4.7,5.0
EMP01789,CRS0075,2025-11-22,Completed,2.8,33.0
EMP01789,CRS0135,2025-11-22,In Progress,,23.1
EMP01789,CRS0077,2025-03-19,In Progress,,13.8
EMP01790,CRS0095,2025-09-01,Dropped,,24.1
EMP01790,CRS0132,2024-11-17,Completed,2.8,23.7
EMP01790,CRS0048,2025-09-16,Completed,2.3,29.1
EMP01791,CRS0134,2025-12-16,Completed,2.8,5.1
EMP01791,CRS0103,2026-11-15,Completed,2.3,21.0
EMP01791,CRS0066,2026-12-04,In Progress,,38.7
EMP01791,CRS0098,2024-07-06,Completed,3.2,9.4
EMP01791,CRS0017,2024-03-25,In Progress,,18.1
EMP01792,CRS0127,2026-07-14,In Progress,,14.7
EMP01792,CRS0139,2024-04-05,Completed,4.7,18.2
EMP01792,CRS0107,2026-12-06,In Progress,,6.2
EMP01792,CRS0087,2025-08-20,Completed,3.7,5.1
EMP01793,CRS0130,2026-03-16,Completed,3.8,21.5
EMP01793,CRS0077,2026-10-21,In Progress,,37.8
EMP01793,CRS0068,2024-01-12,Completed,2.4,10.3
EMP01793,CRS0026,2024-12-20,Completed,2.0,8.2
EMP01793,CRS0140,2024-03-16,Completed,2.8,28.9
EMP01793,CRS0090,2025-04-23,In Progress,,9.0
EMP01794,CRS0081,2026-12-28,Completed,3.7,36.9
EMP01794,CRS0139,2026-06-03,Dropped,,37.8
EMP01794,CRS0026,2025-08-27,Completed,4.0,39.7
EMP01794,CRS0027,2026-04-17,Completed,2.6,28.1
EMP01794,CRS0110,2026-08-17,Completed,4.4,7.4
EMP01795,CRS0029,2026-11-09,Completed,4.1,12.7
EMP01795,CRS0024,2024-11-17,Completed,2.4,26.4
EMP01795,CRS0133,2026-09-24,In Progress,,10.5
EMP01795,CRS0017,2026-04-12,Completed,3.7,12.7
EMP01795,CRS0043,2026-06-25,Completed,2.2,37.2
EMP01796,CRS0075,2025-07-15,Dropped,,8.8
EMP01796,CRS0041,2025-04-25,In Progress,,18.5
EMP01796,CRS0001,2025-06-21,Completed,3.2,21.6
EMP01796,CRS0077,2025-02-28,Completed,3.8,6.9
EMP01796,CRS0093,2024-08-07,Dropped,,9.6
EMP01796,CRS0065,2025-01-17,Completed,2.5,17.0
EMP01797,CRS0077,2024-01-17,Completed,3.7,4.3
EMP01797,CRS0080,2026-10-04,Completed,4.4,10.9
EMP01798,CRS0033,2025-12-17,In Progress,,11.8
EMP01798,CRS0024,2025-02-26,In Progress,,8.2
EMP01798,CRS0081,2026-09-15,Completed,4.4,13.9
EMP01798,CRS0122,2024-05-14,Completed,2.4,3.8
EMP01798,CRS0130,2024-11-22,Dropped,,16.2
EMP01798,CRS0110,2025-07-05,In Progress,,35.1
EMP01799,CRS0075,2024-12-02,In Progress,,33.9
EMP01799,CRS0057,2025-11-21,Completed,4.8,11.9
EMP01799,CRS0119,2025-01-15,Completed,3.5,37.0
EMP01799,CRS0107,2025-12-12,Completed,4.5,23.5
EMP01800,CRS0091,2025-09-09,Dropped,,31.5
EMP01800,CRS0060,2024-08-21,In Progress,,19.4
EMP01800,CRS0130,2026-09-12,In Progress,,34.0
EMP01800,CRS0136,2025-10-04,In Progress,,28.5
EMP01800,CRS0034,2025-09-03,In Progress,,29.3
EMP01801,CRS0125,2026-04-15,Completed,4.7,7.3
EMP01801,CRS0085,2024-10-12,Completed,2.2,26.6
EMP01801,CRS0130,2024-02-01,Completed,3.0,17.3
EMP01801,CRS0023,2025-08-23,Dropped,,33.5
EMP01801,CRS0093,2025-01-14,In Progress,,32.0
EMP01801,CRS0031,2026-06-26,In Progress,,36.0
EMP01802,CRS0010,2024-05-14,Dropped,,39.8
EMP01802,CRS0015,2024-03-26,In Progress,,24.4
EMP01802,CRS0050,2024-04-16,In Progress,,26.1
EMP01802,CRS0114,2025-11-14,In Progress,,21.2
EMP01802,CRS0002,2025-08-01,Completed,2.7,29.5
EMP01802,CRS0139,2025-11-01,Dropped,,38.9
EMP01803,CRS0105,2024-01-04,Completed,2.5,10.9
EMP01803,CRS0041,2024-02-09,Dropped,,10.8
EMP01803,CRS0033,2025-04-01,In Progress,,33.1
EMP01803,CRS0104,2024-09-04,Completed,3.8,17.0
EMP01804,CRS0005,2025-04-12,Completed,3.2,21.8
EMP01804,CRS0052,2026-03-22,Completed,2.6,15.3
EMP01805,CRS0064,2026-03-10,Dropped,,34.7
EMP01805,CRS0128,2026-08-18,Completed,3.9,6.7
EMP01805,CRS0073,2025-03-07,Completed,2.6,23.6
EMP01805,CRS0115,2024-11-25,In Progress,,23.0
EMP01805,CRS0135,2025-06-10,Completed,2.5,28.6
EMP01806,CRS0053,2025-01-26,Completed,3.1,14.1
EMP01806,CRS0136,2025-06-12,Dropped,,28.2
EMP01807,CRS0047,2026-01-26,Dropped,,18.0
EMP01807,CRS0076,2026-05-19,Completed,4.4,8.0
EMP01807,CRS0029,2024-12-16,Completed,2.4,27.6
EMP01808,CRS0121,2026-04-23,Completed,3.3,30.5
EMP01808,CRS0118,2025-05-11,Completed,2.0,12.5
EMP01809,CRS0073,2025-12-19,Completed,3.4,8.3
EMP01809,CRS0036,2024-05-10,In Progress,,9.6
EMP01809,CRS0128,2024-03-06,Completed,4.8,29.5
EMP01809,CRS0095,2025-11-21,Completed,3.8,37.6
EMP01809,CRS0059,2024-01-02,In Progress,,17.8
EMP01810,CRS0025,2024-03-20,In Progress,,30.3
EMP01810,CRS0037,2025-04-17,Completed,2.1,37.1
EMP01810,CRS0089,2025-01-14,Dropped,,28.8
EMP01810,CRS0131,2024-08-09,In Progress,,3.3
EMP01810,CRS0096,2024-07-27,Completed,3.2,21.0
EMP01810,CRS0061,2025-07-03,Completed,3.5,25.1
EMP01811,CRS0085,2025-08-20,Completed,4.7,13.2
EMP01811,CRS0063,2026-12-11,Completed,2.1,3.4
EMP01812,CRS0086,2025-07-21,Completed,3.2,4.3
EMP01812,CRS0070,2024-07-03,In Progress,,8.1
EMP01813,CRS0093,2024-10-21,Completed,4.3,5.8
EMP01813,CRS0011,2024-08-16,Completed,3.3,23.1
EMP01814,CRS0002,2026-12-04,Completed,3.1,10.1
EMP01814,CRS0135,2026-02-14,Completed,4.6,14.3
EMP01814,CRS0080,2026-09-05,Completed,4.2,28.2
EMP01814,CRS0122,2025-01-02,Completed,2.7,34.1
EMP01815,CRS0117,2024-10-22,In Progress,,20.6
EMP01815,CRS0065,2024-11-25,Dropped,,22.8
EMP01815,CRS0027,2025-06-23,In Progress,,4.0
EMP01815,CRS0107,2026-07-27,Dropped,,33.5
EMP01815,CRS0036,2026-05-04,In Progress,,16.4
EMP01815,CRS0126,2024-01-24,In Progress,,9.5
EMP01816,CRS0053,2025-03-20,Completed,2.1,26.7
EMP01816,CRS0042,2024-10-21,Dropped,,11.1
EMP01816,CRS0043,2024-09-23,Completed,2.2,34.7
EMP01816,CRS0006,2026-07-07,In Progress,,37.1
EMP01816,CRS0105,2024-03-14,In Progress,,21.4
EMP01816,CRS0075,2024-09-02,Completed,3.8,26.9
EMP01817,CRS0020,2025-11-26,Completed,2.5,30.2
EMP01817,CRS0089,2024-10-21,Completed,4.1,18.8
EMP01817,CRS0028,2025-04-14,Completed,3.0,22.2
EMP01818,CRS0028,2024-01-03,In Progress,,7.3
EMP01818,CRS0033,2024-04-01,Completed,3.6,6.1
EMP01818,CRS0057,2026-11-02,Completed,3.6,37.7
EMP01818,CRS0005,2024-03-03,Dropped,,4.9
EMP01818,CRS0084,2026-07-12,Completed,3.9,30.4
EMP01818,CRS0039,2024-01-03,Dropped,,38.1
EMP01819,CRS0114,2025-12-02,Completed,4.7,3.8
EMP01819,CRS0070,2026-11-24,Completed,4.8,5.0
EMP01820,CRS0030,2024-12-03,In Progress,,25.9
EMP01820,CRS0083,2025-01-22,In Progress,,34.4
EMP01820,CRS0130,2024-12-28,In Progress,,6.1
EMP01820,CRS0008,2024-09-15,Completed,4.5,6.3
EMP01820,CRS0131,2024-09-06,In Progress,,37.4
EMP01821,CRS0120,2024-05-20,Completed,2.0,25.4
EMP01821,CRS0011,2024-10-03,Dropped,,20.7
EMP01821,CRS0050,2025-07-23,Completed,3.1,13.5
EMP01821,CRS0015,2025-06-25,Completed,4.4,6.6
EMP01821,CRS0125,2024-05-18,Completed,2.1,15.3
EMP01822,CRS0087,2026-03-10,Completed,4.6,38.5
EMP01822,CRS0017,2026-12-02,Dropped,,20.0
EMP01822,CRS0041,2026-11-24,Completed,4.3,27.9
EMP01823,CRS0122,2025-12-14,In Progress,,22.9
EMP01823,CRS0087,2025-01-21,Completed,3.9,37.3
EMP01823,CRS0004,2026-06-17,Dropped,,27.4
EMP01823,CRS0018,2025-08-03,Completed,2.3,16.1
EMP01824,CRS0006,2025-02-02,Completed,4.7,36.6
EMP01824,CRS0114,2024-01-10,In Progress,,29.0
EMP01824,CRS0116,2025-04-23,Completed,4.3,11.5
EMP01824,CRS0093,2025-09-05,In Progress,,10.9
EMP01824,CRS0121,2026-08-18,In Progress,,4.5
EMP01825,CRS0003,2026-07-04,Dropped,,26.8
EMP01825,CRS0120,2024-01-27,Dropped,,18.3
EMP01826,CRS0082,2024-05-10,Completed,3.3,38.7
EMP01826,CRS0063,2026-05-09,Dropped,,11.0
EMP01826,CRS0067,2024-07-25,Completed,3.8,17.2
EMP01826,CRS0120,2026-09-04,Completed,4.7,5.6
EMP01826,CRS0084,2024-04-09,In Progress,,10.7
EMP01826,CRS0081,2026-05-03,Dropped,,35.2
EMP01827,CRS0087,2024-06-18,Completed,5.0,19.2
EMP01827,CRS0047,2024-07-01,Completed,4.9,26.6
EMP01827,CRS0041,2026-11-16,Completed,2.6,6.4
EMP01827,CRS0119,2025-11-20,Completed,2.2,37.8
EMP01828,CRS0135,2025-09-10,Dropped,,7.3
EMP01828,CRS0043,2024-07-06,Completed,4.4,25.0
EMP01828,CRS0062,2025-07-23,Completed,2.1,39.9
EMP01828,CRS0015,2024-07-17,Completed,3.2,14.7
EMP01828,CRS0116,2025-12-12,Completed,4.8,36.1
EMP01829,CRS0130,2025-11-01,Completed,3.9,12.0
EMP01829,CRS0134,2025-02-14,Completed,2.3,3.0
EMP01829,CRS0117,2024-08-15,Dropped,,31.5
EMP01830,CRS0049,2024-06-08,In Progress,,3.2
EMP01830,CRS0128,2024-02-22,In Progress,,9.4
EMP01830,CRS0113,2026-07-10,Completed,3.0,34.2
EMP01831,CRS0006,2025-12-10,Completed,2.6,11.4
EMP01831,CRS0067,2024-06-13,In Progress,,33.9
EMP01831,CRS0136,2025-12-23,Completed,2.7,20.0
EMP01831,CRS0096,2025-09-17,Dropped,,2.4
EMP01831,CRS0082,2024-01-03,Completed,3.5,18.6
EMP01832,CRS0009,2025-03-02,Dropped,,32.7
EMP01832,CRS0037,2026-08-19,Completed,4.8,31.6
EMP01832,CRS0028,2025-02-24,Completed,4.4,13.9
EMP01833,CRS0111,2025-09-15,Completed,3.8,11.3
EMP01833,CRS0115,2026-05-19,In Progress,,26.4
EMP01833,CRS0037,2026-04-04,In Progress,,34.4
EMP01833,CRS0095,2026-09-03,Completed,2.3,2.3
EMP01833,CRS0005,2024-04-11,In Progress,,21.5
EMP01833,CRS0007,2026-01-19,In Progress,,4.7
EMP01834,CRS0105,2026-02-17,Completed,3.2,21.3
EMP01834,CRS0109,2024-08-27,In Progress,,35.7
EMP01834,CRS0029,2026-08-03,Completed,2.1,4.6
EMP01835,CRS0091,2025-10-07,In Progress,,15.1
EMP01835,CRS0088,2026-03-27,Completed,4.4,20.2
EMP01835,CRS0015,2024-09-07,In Progress,,17.9
EMP01836,CRS0070,2026-06-19,Completed,4.7,21.8
EMP01836,CRS0079,2025-02-16,Completed,2.3,21.4
EMP01836,CRS0054,2024-06-16,Completed,3.3,29.7
EMP01836,CRS0071,2026-02-18,Completed,4.5,33.5
EMP01837,CRS0134,2026-07-11,Completed,4.2,23.0
EMP01837,CRS0052,2024-02-04,In Progress,,10.9
EMP01837,CRS0042,2024-09-20,Completed,3.2,24.6
EMP01837,CRS0016,2025-07-03,Completed,2.4,12.0
EMP01837,CRS0003,2024-05-27,Dropped,,31.6
EMP01838,CRS0127,2025-03-09,Completed,4.1,22.3
EMP01838,CRS0122,2025-08-04,Completed,2.2,6.7
EMP01838,CRS0098,2024-03-28,Completed,2.4,16.8
EMP01838,CRS0012,2025-07-14,Completed,4.1,17.3
EMP01838,CRS0025,2025-07-12,In Progress,,35.6
EMP01838,CRS0057,2026-10-03,Completed,2.1,9.0
EMP01839,CRS0056,2025-06-14,Completed,4.8,9.4
EMP01839,CRS0114,2026-03-10,Completed,2.2,33.3
EMP01840,CRS0115,2026-03-04,Completed,4.6,30.2
EMP01840,CRS0111,2024-12-20,In Progress,,38.4
EMP01840,CRS0078,2024-10-28,Completed,3.7,16.4
EMP01840,CRS0020,2026-03-19,In Progress,,3.8
EMP01840,CRS0083,2024-08-26,Completed,3.5,8.7
EMP01840,CRS0091,2026-02-07,Dropped,,31.3
EMP01841,CRS0008,2026-05-20,Completed,4.3,24.4
EMP01841,CRS0059,2025-05-10,Completed,3.7,18.2
EMP01841,CRS0049,2025-02-19,Completed,2.5,13.0
EMP01841,CRS0105,2025-05-19,Dropped,,38.2
EMP01842,CRS0139,2024-12-06,In Progress,,3.6
EMP01842,CRS0065,2025-02-16,In Progress,,5.5
EMP01842,CRS0122,2025-05-10,Completed,4.9,24.4
EMP01842,CRS0041,2025-04-27,Completed,4.8,9.2
EMP01842,CRS0117,2025-03-19,Completed,3.5,36.3
EMP01843,CRS0083,2024-07-18,Completed,2.1,10.8
EMP01843,CRS0070,2024-05-05,Completed,2.1,32.1
EMP01843,CRS0121,2025-07-23,Completed,3.9,20.0
EMP01843,CRS0030,2026-10-19,Completed,3.0,6.8
EMP01844,CRS0057,2026-12-10,Completed,2.9,6.5
EMP01844,CRS0026,2026-02-03,Completed,2.8,33.4
EMP01844,CRS0123,2024-12-09,In Progress,,21.8
EMP01844,CRS0088,2024-07-20,Completed,2.1,2.7
EMP01844,CRS0014,2026-02-01,Completed,4.4,20.6
EMP01844,CRS0093,2025-01-22,In Progress,,17.1
EMP01845,CRS0044,2024-06-10,Completed,2.2,11.4
EMP01845,CRS0019,2026-01-25,Completed,3.8,39.0
EMP01845,CRS0096,2025-01-23,Completed,3.0,8.5
EMP01845,CRS0010,2025-06-01,Dropped,,4.7
EMP01845,CRS0033,2026-02-10,Completed,4.0,14.4
EMP01846,CRS0039,2026-06-08,Dropped,,2.9
EMP01846,CRS0121,2024-11-18,Completed,4.6,20.8
EMP01847,CRS0044,2024-12-03,In Progress,,21.1
EMP01847,CRS0032,2025-11-26,In Progress,,38.4
EMP01847,CRS0040,2024-07-06,Completed,4.3,11.6
EMP01848,CRS0065,2025-07-16,Completed,4.2,34.3
EMP01848,CRS0055,2025-03-10,Dropped,,24.5
EMP01848,CRS0043,2024-03-14,In Progress,,8.5
EMP01848,CRS0058,2024-11-08,Completed,3.4,21.1
EMP01848,CRS0125,2025-01-25,Completed,4.2,8.0
EMP01848,CRS0099,2024-03-05,In Progress,,28.1
EMP01849,CRS0115,2025-09-07,Completed,4.0,37.1
EMP01849,CRS0085,2025-04-01,Completed,2.8,36.5
EMP01849,CRS0097,2026-02-24,Completed,4.4,32.5
EMP01850,CRS0022,2026-08-12,Completed,4.9,15.5
EMP01850,CRS0037,2024-01-25,Completed,3.5,21.3
EMP01850,CRS0074,2026-09-02,Completed,3.8,31.2
EMP01850,CRS0072,2026-03-20,In Progress,,33.2
EMP01850,CRS0029,2024-05-12,Completed,3.3,22.3
EMP01850,CRS0044,2025-05-24,Completed,4.3,24.6
EMP01851,CRS0037,2024-04-26,Completed,3.7,8.2
EMP01851,CRS0119,2025-06-23,Completed,2.6,20.4
EMP01851,CRS0057,2024-08-18,Completed,3.9,33.2
EMP01851,CRS0126,2024-02-28,Completed,2.7,24.6
EMP01852,CRS0085,2026-07-15,Completed,4.8,28.4
EMP01852,CRS0056,2024-06-16,Dropped,,33.9
EMP01852,CRS0030,2026-11-03,Completed,4.6,5.6
EMP01852,CRS0038,2024-04-08,In Progress,,10.5
EMP01852,CRS0108,2025-06-01,Completed,2.5,26.0
EMP01853,CRS0053,2024-12-24,In Progress,,13.6
EMP01853,CRS0086,2024-08-07,Completed,2.8,5.0
EMP01854,CRS0007,2026-03-28,Completed,4.9,19.3
EMP01854,CRS0033,2025-09-13,Completed,3.3,38.9
EMP01854,CRS0034,2026-11-14,Completed,4.6,23.1
EMP01855,CRS0059,2026-07-26,In Progress,,22.7
EMP01855,CRS0001,2025-06-14,Completed,3.8,25.2
EMP01855,CRS0124,2026-06-19,Completed,2.3,8.4
EMP01855,CRS0005,2024-03-20,In Progress,,5.1
EMP01855,CRS0106,2026-04-17,Dropped,,13.6
EMP01856,CRS0082,2026-12-13,Completed,3.3,9.2
EMP01856,CRS0004,2024-11-22,Completed,4.5,30.3
EMP01856,CRS0063,2024-12-25,Completed,4.1,5.1
EMP01857,CRS0102,2024-10-23,In Progress,,9.7
EMP01857,CRS0083,2026-02-27,Dropped,,36.7
EMP01858,CRS0097,2024-06-03,Completed,4.0,6.2
EMP01858,CRS0098,2026-11-27,Dropped,,16.6
EMP01859,CRS0106,2026-08-18,Completed,4.3,37.2
EMP01859,CRS0086,2024-01-10,Completed,3.8,4.0
EMP01859,CRS0038,2024-12-01,Completed,2.6,8.1
EMP01859,CRS0050,2026-05-28,In Progress,,21.2
EMP01860,CRS0021,2024-06-07,Completed,2.7,35.5
EMP01860,CRS0052,2024-02-25,Completed,3.6,27.1
EMP01860,CRS0069,2026-05-06,Completed,4.1,13.8
EMP01861,CRS0038,2026-08-05,In Progress,,2.8
EMP01861,CRS0061,2026-11-07,In Progress,,34.0
EMP01861,CRS0108,2024-12-27,In Progress,,8.5
EMP01861,CRS0032,2024-01-14,Completed,2.1,38.7
EMP01861,CRS0111,2026-08-26,Dropped,,34.4
EMP01861,CRS0009,2025-11-21,Completed,3.7,27.7
EMP01862,CRS0009,2025-11-27,In Progress,,17.4
EMP01862,CRS0113,2025-06-07,Completed,4.9,3.9
EMP01862,CRS0118,2026-11-09,Completed,4.2,32.0
EMP01863,CRS0035,2024-05-28,Completed,4.4,8.2
EMP01863,CRS0055,2025-01-16,Completed,4.1,26.5
EMP01863,CRS0099,2024-04-27,Dropped,,32.8
EMP01864,CRS0118,2025-09-08,Completed,2.8,13.7
EMP01864,CRS0096,2026-05-24,Completed,4.8,31.6
EMP01864,CRS0011,2024-02-13,Completed,4.6,39.7
EMP01865,CRS0112,2025-04-24,Completed,4.2,33.4
EMP01865,CRS0132,2024-11-11,Completed,3.5,19.7
EMP01866,CRS0096,2024-02-27,Completed,3.8,18.9
EMP01866,CRS0140,2024-01-05,Completed,3.5,23.2
EMP01866,CRS0067,2024-03-22,Completed,4.5,23.1
EMP01866,CRS0136,2025-09-14,Completed,4.9,27.7
EMP01866,CRS0062,2026-03-08,Completed,2.8,34.8
EMP01867,CRS0034,2024-04-01,Completed,2.4,26.2
EMP01867,CRS0037,2025-08-14,Completed,4.5,31.8
EMP01867,CRS0107,2026-03-12,Completed,4.3,6.1
EMP01867,CRS0078,2024-05-06,Dropped,,20.5
EMP01868,CRS0008,2026-10-07,Completed,5.0,22.4
EMP01868,CRS0139,2024-12-04,In Progress,,23.6
EMP01869,CRS0106,2025-11-28,Completed,4.9,33.4
EMP01869,CRS0067,2026-09-12,In Progress,,20.1
EMP01869,CRS0100,2025-11-23,Completed,3.9,18.9
EMP01869,CRS0111,2025-08-26,In Progress,,6.4
EMP01869,CRS0133,2026-09-11,In Progress,,16.3
EMP01870,CRS0117,2026-11-02,Dropped,,16.0
EMP01870,CRS0097,2025-12-10,Completed,4.9,20.0
EMP01870,CRS0109,2026-09-06,Completed,4.9,12.6
EMP01870,CRS0078,2025-04-10,Completed,2.9,13.9
EMP01870,CRS0110,2024-01-02,Completed,3.4,23.2
EMP01870,CRS0041,2024-06-28,Completed,3.5,16.7
EMP01871,CRS0134,2024-05-14,Completed,4.0,8.6
EMP01871,CRS0020,2025-03-03,In Progress,,10.6
EMP01871,CRS0061,2025-08-05,In Progress,,26.2
EMP01872,CRS0127,2025-04-07,Completed,4.2,9.3
EMP01872,CRS0117,2024-12-01,Completed,4.4,19.6
EMP01872,CRS0050,2025-04-06,Completed,2.4,5.4
EMP01872,CRS0012,2026-10-11,Completed,3.6,4.4
EMP01872,CRS0013,2024-08-04,Completed,2.0,32.5
EMP01873,CRS0032,2025-07-15,Completed,2.8,22.6
EMP01873,CRS0014,2026-07-05,In Progress,,16.5
EMP01873,CRS0099,2026-12-14,Completed,4.4,38.6
EMP01873,CRS0052,2025-06-28,Completed,3.2,5.2
EMP01873,CRS0019,2024-08-02,In Progress,,36.7
EMP01873,CRS0137,2025-02-12,Completed,4.4,4.5
EMP01874,CRS0061,2025-01-25,Dropped,,30.5
EMP01874,CRS0116,2025-01-14,Completed,3.7,15.0
EMP01874,CRS0113,2025-07-08,Completed,2.6,14.9
EMP01875,CRS0132,2026-04-21,Completed,3.0,13.3
EMP01875,CRS0030,2024-04-16,Completed,2.1,16.9
EMP01875,CRS0048,2026-01-21,Dropped,,4.1
EMP01876,CRS0009,2026-01-08,Dropped,,17.9
EMP01876,CRS0115,2025-01-15,Completed,4.5,26.4
EMP01876,CRS0064,2025-11-14,In Progress,,2.5
EMP01876,CRS0121,2024-12-03,Completed,3.0,24.5
EMP01876,CRS0061,2025-05-20,Completed,2.8,39.3
EMP01877,CRS0018,2026-09-05,In Progress,,18.7
EMP01877,CRS0100,2025-06-15,Completed,2.5,37.9
EMP01877,CRS0022,2024-10-09,In Progress,,35.5
EMP01877,CRS0094,2024-09-21,In Progress,,39.9
EMP01877,CRS0012,2025-01-08,Dropped,,3.5
EMP01877,CRS0048,2024-12-25,Completed,2.8,24.1
EMP01878,CRS0021,2024-07-07,Dropped,,34.9
EMP01878,CRS0107,2024-05-22,Completed,4.4,8.6
EMP01878,CRS0056,2025-05-09,Completed,2.5,30.9
EMP01878,CRS0032,2024-07-10,In Progress,,31.8
EMP01878,CRS0063,2025-03-21,Completed,2.8,36.6
EMP01879,CRS0105,2025-12-27,Completed,4.0,2.7
EMP01879,CRS0030,2026-10-23,Completed,3.7,18.7
EMP01879,CRS0084,2026-02-05,Completed,2.0,29.9
EMP01879,CRS0028,2024-12-20,Completed,4.6,16.9
EMP01879,CRS0093,2026-10-23,Completed,2.5,7.6
EMP01879,CRS0106,2025-08-12,Completed,2.9,4.0
EMP01880,CRS0101,2026-08-25,In Progress,,30.3
EMP01880,CRS0085,2026-08-01,In Progress,,18.0
EMP01880,CRS0009,2025-11-01,In Progress,,28.2
EMP01880,CRS0005,2025-07-14,Completed,3.0,4.6
EMP01880,CRS0047,2024-03-28,Completed,3.2,24.1
EMP01880,CRS0029,2024-09-24,Completed,3.3,32.4
EMP01881,CRS0045,2025-03-05,Dropped,,31.9
EMP01881,CRS0098,2026-05-16,In Progress,,37.0
EMP01882,CRS0099,2026-02-20,In Progress,,10.0
EMP01882,CRS0125,2025-05-24,Completed,4.3,2.8
EMP01882,CRS0134,2024-01-24,Completed,4.7,28.1
EMP01882,CRS0089,2024-10-03,Completed,2.4,31.9
EMP01883,CRS0027,2025-09-17,Completed,2.5,3.5
EMP01883,CRS0069,2024-10-07,Dropped,,21.1
EMP01883,CRS0032,2026-03-13,Dropped,,26.1
EMP01883,CRS0028,2024-12-10,Completed,4.3,10.0
EMP01883,CRS0035,2024-12-17,Completed,3.3,19.7
EMP01884,CRS0087,2026-06-06,Dropped,,27.2
EMP01884,CRS0033,2024-05-06,Completed,4.8,10.3
EMP01884,CRS0028,2025-05-16,In Progress,,5.0
EMP01885,CRS0116,2024-07-22,Completed,4.6,37.4
EMP01885,CRS0003,2025-04-25,Completed,4.5,24.1
EMP01885,CRS0066,2025-06-27,In Progress,,36.4
EMP01885,CRS0137,2026-10-07,Completed,4.8,33.7
EMP01885,CRS0131,2025-04-03,Completed,4.1,37.0
EMP01885,CRS0059,2025-09-15,Completed,2.9,36.1
EMP01886,CRS0072,2024-02-18,In Progress,,24.2
EMP01886,CRS0046,2025-11-27,Completed,3.5,35.5
EMP01886,CRS0114,2026-03-27,Completed,3.9,9.5
EMP01886,CRS0056,2026-01-03,Completed,2.2,16.3
EMP01886,CRS0002,2024-08-08,In Progress,,22.5
EMP01887,CRS0133,2026-12-02,In Progress,,25.8
EMP01887,CRS0027,2026-10-01,Completed,2.5,21.1
EMP01887,CRS0119,2024-11-11,Completed,4.7,15.3
EMP01888,CRS0093,2025-02-14,Completed,2.5,27.9
EMP01888,CRS0095,2025-04-22,Completed,2.4,19.4
EMP01888,CRS0060,2024-11-03,Completed,3.7,14.6
EMP01888,CRS0072,2025-02-27,In Progress,,25.9
EMP01888,CRS0006,2025-12-06,Completed,3.2,21.7
EMP01889,CRS0130,2024-05-22,Completed,3.7,11.2
EMP01889,CRS0095,2024-10-09,Dropped,,25.0
EMP01890,CRS0120,2025-08-02,In Progress,,6.4
EMP01890,CRS0103,2024-10-06,In Progress,,5.6
EMP01890,CRS0027,2025-09-23,Completed,4.5,20.1
EMP01890,CRS0105,2025-02-20,Completed,3.0,27.4
EMP01890,CRS0106,2026-01-07,Completed,4.9,20.3
EMP01891,CRS0018,2025-08-22,In Progress,,4.7
EMP01891,CRS0059,2026-12-21,Dropped,,27.0
EMP01891,CRS0140,2024-08-06,In Progress,,26.6
EMP01891,CRS0108,2025-04-12,Completed,3.8,29.1
EMP01892,CRS0057,2024-10-28,Completed,3.8,24.9
EMP01892,CRS0031,2025-09-14,Completed,2.5,29.6
EMP01892,CRS0041,2024-06-17,Completed,4.1,5.7
EMP01892,CRS0093,2024-10-03,Completed,3.4,28.1
EMP01892,CRS0020,2025-11-19,Completed,4.8,11.6
EMP01892,CRS0012,2025-04-17,Completed,3.4,15.7
EMP01893,CRS0083,2024-10-14,In Progress,,22.8
EMP01893,CRS0064,2026-11-02,Completed,4.5,35.9
EMP01893,CRS0084,2024-08-25,Completed,4.6,10.9
EMP01893,CRS0071,2025-08-25,In Progress,,39.0
EMP01894,CRS0133,2026-01-24,Completed,4.1,33.5
EMP01894,CRS0018,2026-04-07,In Progress,,20.8
EMP01895,CRS0135,2025-05-25,In Progress,,29.1
EMP01895,CRS0048,2025-06-08,In Progress,,38.6
EMP01895,CRS0106,2025-07-18,Completed,4.7,37.5
EMP01895,CRS0017,2024-08-11,Completed,3.3,34.2
EMP01895,CRS0075,2024-03-12,Completed,2.2,21.9
EMP01896,CRS0034,2025-05-15,Completed,3.8,20.8
EMP01896,CRS0026,2025-09-21,Completed,2.2,37.0
EMP01896,CRS0104,2025-10-27,Completed,4.8,22.0
EMP01896,CRS0089,2025-03-28,Completed,4.4,15.7
EMP01897,CRS0049,2026-02-05,Dropped,,29.9
EMP01897,CRS0039,2024-10-15,Completed,4.9,24.1
EMP01897,CRS0071,2024-02-02,Completed,4.2,13.9
EMP01897,CRS0008,2025-02-10,Completed,4.7,11.4
EMP01897,CRS0036,2026-01-02,In Progress,,27.6
EMP01897,CRS0009,2024-08-27,In Progress,,13.5
EMP01898,CRS0067,2024-01-19,Completed,3.7,33.1
EMP01898,CRS0025,2026-08-01,In Progress,,35.7
EMP01898,CRS0045,2025-10-03,In Progress,,8.7
EMP01898,CRS0131,2024-05-24,Completed,3.2,34.8
EMP01898,CRS0052,2025-03-20,Completed,3.7,19.2
EMP01899,CRS0070,2024-12-16,In Progress,,19.5
EMP01899,CRS0100,2026-10-23,In Progress,,8.7
EMP01899,CRS0113,2026-01-23,In Progress,,7.2
EMP01899,CRS0054,2026-11-09,In Progress,,17.4
EMP01899,CRS0001,2024-09-16,Dropped,,17.0
EMP01900,CRS0078,2025-09-28,Dropped,,9.2
EMP01900,CRS0094,2024-02-28,In Progress,,9.3
EMP01900,CRS0114,2025-09-13,Completed,2.9,25.3
EMP01901,CRS0071,2024-09-04,Dropped,,6.6
EMP01901,CRS0082,2025-02-07,In Progress,,16.2
EMP01901,CRS0105,2026-12-05,Completed,2.6,35.4
EMP01901,CRS0075,2025-01-28,Completed,2.1,13.1
EMP01901,CRS0080,2026-08-10,Completed,2.9,27.9
EMP01902,CRS0121,2024-12-04,Completed,4.3,37.3
EMP01902,CRS0035,2024-08-20,Completed,3.9,25.0
EMP01903,CRS0139,2024-08-15,Completed,3.0,28.6
EMP01903,CRS0066,2026-03-16,In Progress,,4.7
EMP01904,CRS0004,2024-05-02,Completed,5.0,11.1
EMP01904,CRS0120,2024-03-27,In Progress,,33.9
EMP01904,CRS0053,2024-11-27,Completed,3.2,26.4
EMP01904,CRS0109,2025-10-20,In Progress,,37.7
EMP01905,CRS0027,2025-02-26,Completed,3.4,39.6
EMP01905,CRS0022,2025-08-04,In Progress,,24.8
EMP01906,CRS0113,2024-07-26,Completed,3.5,30.8
EMP01906,CRS0111,2026-08-02,Completed,3.2,28.2
EMP01906,CRS0135,2024-03-15,Completed,2.6,8.1
EMP01906,CRS0018,2025-02-25,Completed,4.2,7.3
EMP01906,CRS0098,2024-10-27,Completed,3.3,26.7
EMP01906,CRS0045,2025-08-07,Completed,2.5,10.3
EMP01907,CRS0039,2025-09-28,Completed,3.2,5.5
EMP01907,CRS0067,2026-02-05,Completed,3.0,22.6
EMP01907,CRS0037,2026-08-08,Completed,2.3,30.0
EMP01907,CRS0111,2026-09-15,Completed,2.3,12.1
EMP01908,CRS0026,2026-06-20,Completed,2.3,29.7
EMP01908,CRS0094,2026-10-03,Completed,2.6,39.4
EMP01908,CRS0135,2024-07-17,Completed,4.7,27.3
EMP01908,CRS0033,2025-02-03,Completed,4.5,8.0
EMP01908,CRS0127,2025-02-01,Dropped,,7.1
EMP01909,CRS0017,2026-10-26,Completed,4.0,15.4
EMP01909,CRS0035,2026-11-21,Completed,2.6,20.7
EMP01909,CRS0136,2025-03-14,Completed,4.8,8.0
EMP01909,CRS0039,2025-04-01,In Progress,,31.3
EMP01909,CRS0123,2025-11-05,Completed,4.8,33.2
EMP01909,CRS0125,2025-01-15,Completed,3.8,12.2
EMP01910,CRS0104,2025-05-16,In Progress,,20.4
EMP01910,CRS0037,2025-01-21,Completed,4.6,13.7
EMP01911,CRS0099,2024-12-05,Completed,2.1,17.3
EMP01911,CRS0065,2025-06-04,Completed,4.6,7.5
EMP01911,CRS0031,2024-10-19,Completed,4.2,35.1
EMP01911,CRS0059,2024-07-18,Completed,4.0,32.2
EMP01912,CRS0015,2025-11-01,Completed,4.6,33.6
EMP01912,CRS0110,2024-11-26,Dropped,,26.4
EMP01913,CRS0111,2026-05-07,Completed,2.1,39.9
EMP01913,CRS0044,2024-08-18,Completed,2.6,17.9
EMP01913,CRS0059,2024-05-28,Completed,3.2,28.6
EMP01914,CRS0097,2026-05-23,Completed,3.4,14.8
EMP01914,CRS0133,2024-04-25,Completed,3.4,28.5
EMP01915,CRS0121,2026-01-14,Completed,3.0,13.6
EMP01915,CRS0017,2025-08-20,Completed,2.9,16.2
EMP01916,CRS0034,2026-11-12,Completed,2.8,5.8
EMP01916,CRS0074,2025-08-14,Dropped,,2.6
EMP01916,CRS0006,2026-03-04,Completed,3.7,25.8
EMP01916,CRS0138,2025-03-28,Completed,4.4,23.7
EMP01917,CRS0016,2024-12-28,Completed,4.2,5.0
EMP01917,CRS0073,2024-03-14,Completed,2.2,8.7
EMP01917,CRS0051,2026-07-16,In Progress,,39.0
EMP01917,CRS0103,2025-07-05,In Progress,,25.5
EMP01918,CRS0059,2024-05-17,In Progress,,39.6
EMP01918,CRS0072,2026-12-13,In Progress,,3.6
EMP01918,CRS0025,2025-02-10,Completed,4.2,37.2
EMP01918,CRS0119,2024-12-03,Completed,2.5,38.5
EMP01919,CRS0057,2026-09-16,Completed,2.3,36.5
EMP01919,CRS0098,2025-08-26,Completed,2.0,11.5
EMP01919,CRS0138,2024-04-20,Completed,3.2,13.3
EMP01919,CRS0119,2025-03-23,Completed,2.1,4.0
EMP01919,CRS0093,2026-04-11,In Progress,,30.9
EMP01919,CRS0123,2025-02-10,In Progress,,14.4
EMP01920,CRS0120,2026-03-23,Dropped,,24.6
EMP01920,CRS0009,2025-04-11,Completed,3.0,26.9
EMP01920,CRS0056,2024-03-28,Completed,2.4,39.3
EMP01921,CRS0107,2024-10-01,Completed,3.0,17.7
EMP01921,CRS0104,2025-05-03,In Progress,,21.6
EMP01921,CRS0046,2024-01-03,Completed,2.2,6.5
EMP01921,CRS0012,2024-06-12,Completed,2.5,16.3
EMP01921,CRS0109,2024-08-23,In Progress,,11.7
EMP01922,CRS0024,2026-09-16,Dropped,,7.2
EMP01922,CRS0070,2026-01-26,Completed,4.2,21.3
EMP01922,CRS0017,2026-11-09,Dropped,,25.5
EMP01922,CRS0014,2024-07-01,Dropped,,28.4
EMP01922,CRS0080,2026-09-12,Completed,4.6,38.8
EMP01923,CRS0099,2024-03-06,Completed,4.4,23.3
EMP01923,CRS0071,2025-04-14,Completed,2.9,23.2
EMP01923,CRS0025,2025-05-18,Completed,2.1,25.1
EMP01923,CRS0052,2026-11-20,Completed,5.0,23.4
EMP01924,CRS0085,2026-12-10,Completed,2.2,17.6
EMP01924,CRS0048,2024-10-21,Completed,4.9,35.4
EMP01924,CRS0106,2026-02-14,Completed,4.8,22.6
EMP01924,CRS0089,2024-10-22,Completed,4.5,38.8
EMP01924,CRS0126,2026-11-14,Completed,4.2,29.7
EMP01925,CRS0050,2024-04-16,Completed,4.4,2.3
EMP01925,CRS0098,2024-02-26,Completed,3.9,23.7
EMP01926,CRS0003,2026-12-16,In Progress,,3.4
EMP01926,CRS0108,2024-06-12,Completed,4.1,19.0
EMP01926,CRS0132,2024-12-07,In Progress,,14.6
EMP01927,CRS0073,2025-09-26,In Progress,,33.7
EMP01927,CRS0128,2026-12-01,Completed,4.5,35.1
EMP01927,CRS0107,2024-10-11,Completed,2.4,29.6
EMP01927,CRS0080,2025-01-28,Completed,4.3,4.3
EMP01927,CRS0105,2025-03-24,Completed,2.4,33.9
EMP01927,CRS0017,2024-04-04,In Progress,,29.9
EMP01928,CRS0064,2024-03-09,In Progress,,11.1
EMP01928,CRS0007,2026-12-14,Completed,4.8,17.9
EMP01928,CRS0131,2026-01-14,Completed,3.7,34.6
EMP01928,CRS0120,2026-01-20,Dropped,,5.4
EMP01929,CRS0002,2026-12-14,In Progress,,36.1
EMP01929,CRS0121,2026-06-12,Completed,2.5,31.3
EMP01930,CRS0088,2025-10-03,Completed,2.6,9.7
EMP01930,CRS0115,2024-04-21,Completed,4.6,27.2
EMP01931,CRS0127,2025-10-09,Completed,2.7,37.5
EMP01931,CRS0011,2024-07-07,Completed,3.5,20.6
EMP01931,CRS0086,2026-10-28,Completed,3.7,14.8
EMP01931,CRS0137,2026-07-24,Dropped,,37.7
EMP01932,CRS0097,2024-06-05,Dropped,,5.0
EMP01932,CRS0060,2025-06-02,Completed,2.8,5.9
EMP01932,CRS0065,2024-01-12,Completed,4.5,10.0
EMP01933,CRS0016,2026-03-15,Completed,3.5,16.6
EMP01933,CRS0104,2024-10-08,Completed,3.2,39.3
EMP01933,CRS0109,2026-03-09,Completed,3.7,26.1
EMP01933,CRS0095,2025-08-04,In Progress,,4.8
EMP01934,CRS0091,2024-02-04,Completed,4.1,32.2
EMP01934,CRS0050,2026-11-06,Completed,2.3,28.4
EMP01934,CRS0110,2024-07-01,In Progress,,30.3
EMP01934,CRS0126,2026-10-12,Completed,3.5,19.9
EMP01935,CRS0026,2026-09-14,In Progress,,25.9
EMP01935,CRS0060,2025-04-11,In Progress,,21.8
EMP01935,CRS0024,2026-08-28,Completed,2.3,10.6
EMP01935,CRS0007,2024-08-24,Completed,4.3,13.5
EMP01936,CRS0010,2024-07-01,Completed,2.6,31.5
EMP01936,CRS0102,2024-10-03,Dropped,,6.2
EMP01936,CRS0065,2024-05-11,Completed,2.4,9.3
EMP01936,CRS0040,2024-08-23,In Progress,,4.2
EMP01936,CRS0035,2024-03-12,Completed,3.0,18.5
EMP01937,CRS0036,2026-01-16,Dropped,,9.0
EMP01937,CRS0035,2026-09-13,Completed,2.2,6.0
EMP01937,CRS0128,2026-04-05,Completed,4.5,29.2
EMP01937,CRS0019,2026-02-25,Completed,4.7,14.3
EMP01938,CRS0032,2026-01-24,In Progress,,28.5
EMP01938,CRS0112,2025-09-24,Completed,3.8,10.6
EMP01938,CRS0015,2025-12-03,Completed,2.2,7.5
EMP01939,CRS0068,2026-02-22,Completed,2.8,39.2
EMP01939,CRS0120,2025-10-06,Completed,2.5,33.4
EMP01939,CRS0073,2025-11-21,Completed,3.3,13.3
EMP01939,CRS0067,2024-09-19,In Progress,,35.2
EMP01939,CRS0011,2025-11-09,In Progress,,13.6
EMP01939,CRS0016,2024-12-07,Dropped,,24.2
EMP01940,CRS0082,2026-07-25,Completed,2.9,8.9
EMP01940,CRS0052,2024-06-04,Completed,3.1,22.8
EMP01940,CRS0122,2025-03-13,Completed,4.7,29.6
EMP01941,CRS0083,2025-09-17,Completed,4.9,35.9
EMP01941,CRS0088,2026-09-19,Completed,3.7,5.7
EMP01942,CRS0057,2026-10-19,Completed,4.1,11.6
EMP01942,CRS0069,2024-12-20,Completed,4.6,23.1
EMP01943,CRS0032,2024-03-24,Completed,2.2,22.3
EMP01943,CRS0018,2024-02-28,In Progress,,5.1
EMP01944,CRS0026,2026-08-07,Dropped,,30.9
EMP01944,CRS0116,2024-03-26,In Progress,,5.8
EMP01944,CRS0108,2024-04-04,Completed,3.8,26.2
EMP01944,CRS0036,2026-09-04,Completed,3.0,32.7
EMP01944,CRS0092,2026-09-18,Completed,2.2,18.9
EMP01945,CRS0123,2026-01-02,Completed,2.8,11.3
EMP01945,CRS0020,2026-11-03,Completed,3.1,17.6
EMP01945,CRS0003,2025-03-05,Completed,2.6,11.4
EMP01945,CRS0092,2024-10-07,In Progress,,11.2
EMP01945,CRS0066,2025-10-22,Completed,4.3,23.8
EMP01945,CRS0134,2026-03-01,Completed,4.8,28.4
EMP01946,CRS0077,2025-10-03,Completed,4.7,7.7
EMP01946,CRS0134,2024-08-16,Completed,4.0,25.5
EMP01946,CRS0135,2024-03-02,Completed,3.8,15.8
EMP01946,CRS0093,2025-03-11,Completed,4.0,17.9
EMP01947,CRS0125,2026-05-02,Completed,4.3,2.5
EMP01947,CRS0003,2024-03-05,Completed,4.8,21.7
EMP01948,CRS0033,2025-09-16,In Progress,,20.8
EMP01948,CRS0080,2025-01-12,Completed,4.0,20.4
EMP01948,CRS0132,2026-07-15,Completed,3.2,20.2
EMP01948,CRS0083,2025-11-27,Completed,2.0,9.2
EMP01948,CRS0058,2025-03-18,Completed,3.7,17.4
EMP01949,CRS0052,2026-10-09,Completed,2.4,37.6
EMP01949,CRS0105,2024-02-06,In Progress,,30.2
EMP01950,CRS0087,2025-10-24,Completed,2.5,26.3
EMP01950,CRS0124,2025-01-14,Completed,2.1,22.6
EMP01950,CRS0135,2024-07-10,Completed,2.4,16.0
EMP01951,CRS0019,2026-05-11,In Progress,,18.7
EMP01951,CRS0070,2026-04-13,Completed,3.7,6.6
EMP01951,CRS0138,2026-09-23,Completed,4.2,22.6
EMP01951,CRS0122,2024-03-01,In Progress,,24.3
EMP01952,CRS0100,2024-06-27,Completed,3.1,33.4
EMP01952,CRS0073,2024-11-06,In Progress,,24.8
EMP01952,CRS0075,2025-03-11,In Progress,,37.8
EMP01952,CRS0135,2024-09-19,Completed,2.1,35.0
EMP01952,CRS0017,2024-12-16,In Progress,,19.7
EMP01953,CRS0013,2024-02-27,Completed,2.6,34.8
EMP01953,CRS0045,2024-11-13,Completed,4.6,21.0
EMP01953,CRS0121,2024-09-27,Completed,2.6,34.9
EMP01953,CRS0133,2025-04-21,Completed,4.2,18.3
EMP01953,CRS0122,2026-09-08,Completed,2.9,28.0
EMP01954,CRS0101,2025-01-14,Dropped,,18.7
EMP01954,CRS0036,2026-05-23,Dropped,,3.5
EMP01954,CRS0030,2024-09-26,Dropped,,39.1
EMP01955,CRS0133,2024-10-14,Completed,2.4,31.2
EMP01955,CRS0004,2025-07-26,Completed,2.6,2.6
EMP01955,CRS0100,2026-04-18,In Progress,,29.6
EMP01955,CRS0089,2024-01-24,Dropped,,13.3
EMP01955,CRS0019,2025-08-28,Completed,4.1,5.8
EMP01955,CRS0060,2025-06-17,Completed,3.9,19.9
EMP01956,CRS0131,2026-02-17,Completed,2.9,5.8
EMP01956,CRS0034,2025-03-08,Dropped,,32.5
EMP01956,CRS0057,2026-04-04,Completed,2.6,34.0
EMP01956,CRS0017,2024-08-05,Completed,2.5,3.8
EMP01956,CRS0105,2026-08-28,Dropped,,27.8
EMP01956,CRS0038,2024-12-20,Completed,4.0,27.2
EMP01957,CRS0023,2024-11-01,Completed,3.1,37.6
EMP01957,CRS0051,2024-06-16,Completed,3.8,8.4
EMP01957,CRS0014,2024-10-22,Completed,4.6,34.4
EMP01957,CRS0126,2026-01-07,Completed,4.0,17.8
EMP01958,CRS0128,2025-02-27,In Progress,,10.9
EMP01958,CRS0130,2026-05-25,Completed,4.4,7.6
EMP01959,CRS0026,2026-03-07,In Progress,,6.7
EMP01959,CRS0038,2024-04-02,Completed,4.5,28.0
EMP01959,CRS0091,2026-06-13,Completed,3.8,9.0
EMP01959,CRS0126,2025-01-28,Completed,4.0,39.4
EMP01959,CRS0138,2024-09-26,Completed,2.3,10.0
EMP01960,CRS0073,2025-09-04,Completed,4.5,4.7
EMP01960,CRS0015,2024-04-05,Completed,4.1,21.5
EMP01961,CRS0071,2026-11-03,Completed,2.4,29.9
EMP01961,CRS0096,2026-02-13,In Progress,,27.9
EMP01961,CRS0066,2024-08-14,Completed,2.3,12.4
EMP01962,CRS0111,2024-07-07,Completed,2.5,28.2
EMP01962,CRS0087,2024-02-10,In Progress,,4.1
EMP01962,CRS0113,2024-02-28,Completed,4.7,16.3
EMP01962,CRS0006,2025-05-11,Completed,2.2,3.8
EMP01963,CRS0129,2024-12-05,In Progress,,11.7
EMP01963,CRS0048,2024-07-04,In Progress,,11.6
EMP01963,CRS0002,2025-06-08,Dropped,,13.7
EMP01963,CRS0007,2024-04-24,In Progress,,2.1
EMP01964,CRS0121,2026-07-15,In Progress,,33.9
EMP01964,CRS0133,2025-04-28,Completed,2.1,22.9
EMP01964,CRS0061,2024-08-02,Completed,2.4,28.3
EMP01964,CRS0047,2026-02-22,Completed,4.4,14.0
EMP01964,CRS0058,2025-03-09,Completed,3.1,37.0
EMP01964,CRS0044,2026-08-04,Completed,3.9,34.7
EMP01965,CRS0004,2025-02-04,Completed,3.7,38.4
EMP01965,CRS0027,2024-11-05,In Progress,,8.9
EMP01965,CRS0104,2026-01-14,Completed,2.1,27.5
EMP01966,CRS0013,2025-08-09,In Progress,,31.5
EMP01966,CRS0036,2026-08-15,Dropped,,34.7
EMP01967,CRS0007,2026-05-18,In Progress,,39.1
EMP01967,CRS0050,2024-09-11,Completed,3.1,13.9
EMP01967,CRS0073,2025-08-04,Completed,5.0,20.5
EMP01967,CRS0027,2026-07-09,Completed,3.2,21.8
EMP01967,CRS0112,2025-10-13,Completed,2.5,11.9
EMP01967,CRS0060,2024-06-18,Completed,4.4,37.7
EMP01968,CRS0108,2024-01-27,Completed,2.2,7.7
EMP01968,CRS0001,2025-03-03,Completed,2.4,2.8
EMP01968,CRS0051,2024-11-17,Completed,2.6,6.2
EMP01968,CRS0041,2024-12-07,In Progress,,39.1
EMP01968,CRS0100,2025-02-11,In Progress,,8.9
EMP01968,CRS0052,2026-10-20,In Progress,,15.0
EMP01969,CRS0122,2024-09-04,In Progress,,23.6
EMP01969,CRS0060,2026-06-21,Dropped,,31.4
EMP01969,CRS0016,2025-04-26,In Progress,,11.5
EMP01969,CRS0049,2026-01-26,In Progress,,10.7
EMP01969,CRS0027,2025-12-07,In Progress,,15.5
EMP01970,CRS0101,2024-02-11,Completed,3.6,24.6
EMP01970,CRS0133,2024-11-05,In Progress,,29.7
EMP01970,CRS0112,2024-10-24,Dropped,,25.9
EMP01970,CRS0119,2025-11-26,In Progress,,16.2
EMP01971,CRS0009,2026-09-24,In Progress,,17.8
EMP01971,CRS0013,2026-07-09,In Progress,,4.0
EMP01971,CRS0083,2024-09-06,Completed,4.7,30.6
EMP01972,CRS0027,2024-10-09,Completed,3.2,28.4
EMP01972,CRS0139,2026-02-03,Dropped,,39.2
EMP01973,CRS0057,2025-04-13,In Progress,,29.6
EMP01973,CRS0001,2026-03-16,Completed,2.2,38.7
EMP01973,CRS0028,2024-10-19,Completed,4.9,12.6
EMP01973,CRS0039,2025-05-12,Dropped,,38.1
EMP01974,CRS0117,2025-03-14,Completed,2.7,7.9
EMP01974,CRS0017,2025-06-23,In Progress,,27.6
EMP01975,CRS0087,2024-06-14,Completed,4.5,33.8
EMP01975,CRS0114,2025-04-02,In Progress,,28.1
EMP01975,CRS0105,2025-12-09,In Progress,,11.6
EMP01975,CRS0132,2025-03-22,Completed,4.7,9.8
EMP01975,CRS0032,2025-10-23,Completed,2.0,26.8
EMP01976,CRS0059,2026-03-08,Completed,2.6,13.4
EMP01976,CRS0091,2024-02-24,In Progress,,22.7
EMP01976,CRS0046,2026-02-23,Completed,2.1,9.7
EMP01977,CRS0140,2024-10-22,Completed,3.8,11.2
EMP01977,CRS0111,2025-05-07,In Progress,,37.3
EMP01978,CRS0086,2024-09-09,In Progress,,12.8
EMP01978,CRS0128,2026-09-15,In Progress,,35.0
EMP01978,CRS0020,2026-12-03,In Progress,,11.6
EMP01978,CRS0035,2025-04-05,Completed,4.4,22.8
EMP01979,CRS0050,2024-04-27,Completed,3.0,25.4
EMP01979,CRS0084,2026-12-19,Completed,2.8,27.7
EMP01979,CRS0027,2026-04-28,In Progress,,30.5
EMP01980,CRS0140,2026-11-08,In Progress,,20.5
EMP01980,CRS0061,2026-03-20,Completed,3.6,14.4
EMP01980,CRS0063,2026-12-11,Completed,4.4,37.5
EMP01980,CRS0051,2026-09-01,Completed,3.5,12.8
EMP01980,CRS0054,2025-07-16,Completed,3.8,4.5
EMP01980,CRS0115,2024-08-07,Completed,2.9,34.1
EMP01981,CRS0010,2026-08-02,Completed,2.9,3.4
EMP01981,CRS0107,2024-05-22,Completed,2.4,36.7
EMP01982,CRS0028,2026-10-08,Completed,3.9,19.3
EMP01982,CRS0037,2024-02-08,Completed,4.8,31.6
EMP01982,CRS0075,2025-07-28,In Progress,,9.6
EMP01982,CRS0070,2024-12-16,Completed,2.8,6.1
EMP01982,CRS0114,2025-10-28,Completed,3.4,31.9
EMP01982,CRS0109,2024-09-02,In Progress,,10.2
EMP01983,CRS0125,2024-06-12,Dropped,,8.3
EMP01983,CRS0018,2024-04-05,Completed,2.8,40.0
EMP01983,CRS0059,2026-09-17,Completed,2.2,10.4
EMP01984,CRS0018,2026-06-16,Completed,4.4,5.0
EMP01984,CRS0104,2026-06-24,Completed,2.8,37.1
EMP01984,CRS0111,2026-04-24,Completed,4.0,11.7
EMP01984,CRS0008,2024-11-02,Completed,4.9,39.2
EMP01984,CRS0121,2026-05-01,Dropped,,15.3
EMP01985,CRS0057,2024-01-22,Completed,4.7,26.3
EMP01985,CRS0076,2026-10-26,Completed,4.3,19.9
EMP01985,CRS0128,2025-06-03,In Progress,,12.3
EMP01985,CRS0074,2024-08-22,In Progress,,24.4
EMP01986,CRS0100,2024-12-08,In Progress,,33.9
EMP01986,CRS0117,2026-10-03,Completed,2.4,29.6
EMP01986,CRS0077,2026-03-16,Completed,3.7,3.1
EMP01987,CRS0082,2025-12-06,In Progress,,19.2
EMP01987,CRS0048,2024-09-14,In Progress,,36.6
EMP01988,CRS0120,2026-04-11,Completed,2.2,30.8
EMP01988,CRS0029,2024-06-05,Completed,4.4,21.3
EMP01989,CRS0083,2025-03-03,Completed,3.9,10.0
EMP01989,CRS0004,2024-11-25,In Progress,,37.5
EMP01989,CRS0049,2024-05-09,Completed,3.4,32.1
EMP01989,CRS0081,2026-08-20,Completed,2.2,19.4
EMP01990,CRS0078,2024-11-15,Completed,4.9,5.2
EMP01990,CRS0057,2025-06-25,Completed,3.1,37.6
EMP01990,CRS0022,2026-01-01,In Progress,,2.4
EMP01990,CRS0088,2026-03-07,Completed,4.2,32.0
EMP01990,CRS0044,2026-05-06,Completed,2.9,33.7
EMP01990,CRS0042,2024-05-06,Completed,2.8,36.2
EMP01991,CRS0076,2026-10-08,Completed,2.4,14.8
EMP01991,CRS0129,2025-12-23,Completed,2.2,2.8
EMP01991,CRS0081,2024-02-19,Completed,4.5,18.8
EMP01991,CRS0013,2026-07-10,Completed,3.1,13.3
EMP01991,CRS0020,2026-03-01,Completed,2.1,24.4
EMP01991,CRS0052,2026-04-21,Completed,3.3,15.0
EMP01992,CRS0127,2026-12-20,In Progress,,7.2
EMP01992,CRS0030,2024-05-18,Completed,3.7,20.8
EMP01992,CRS0121,2025-05-05,Completed,3.7,21.7
EMP01992,CRS0134,2025-01-04,Completed,3.9,6.5
EMP01993,CRS0123,2026-12-28,Completed,2.2,17.9
EMP01993,CRS0090,2025-04-14,In Progress,,6.7
EMP01993,CRS0072,2026-12-14,Completed,4.2,27.4
EMP01993,CRS0116,2024-10-01,Completed,2.3,3.0
EMP01993,CRS0009,2024-12-20,Dropped,,22.1
EMP01994,CRS0015,2025-01-18,Dropped,,14.6
EMP01994,CRS0079,2024-08-06,Completed,3.5,35.6
EMP01994,CRS0114,2025-02-18,Completed,4.4,9.8
EMP01994,CRS0104,2025-09-05,In Progress,,21.8
EMP01994,CRS0087,2025-07-06,Completed,3.2,29.1
EMP01995,CRS0128,2024-03-04,In Progress,,13.6
EMP01995,CRS0060,2025-04-20,Completed,3.2,32.0
EMP01996,CRS0108,2025-05-16,In Progress,,21.3
EMP01996,CRS0129,2026-10-20,Completed,2.6,8.5
EMP01996,CRS0037,2025-04-26,Completed,3.0,19.0
EMP01996,CRS0090,2024-07-12,In Progress,,10.7
EMP01996,CRS0033,2024-10-27,In Progress,,11.6
EMP01997,CRS0121,2026-08-19,In Progress,,11.4
EMP01997,CRS0071,2024-03-04,Completed,4.3,9.1
EMP01998,CRS0061,2026-12-05,In Progress,,7.9
EMP01998,CRS0116,2025-01-22,Completed,4.9,25.1
EMP01998,CRS0003,2024-11-12,Completed,4.0,18.5
EMP01999,CRS0016,2024-07-25,Completed,4.5,12.9
EMP01999,CRS0109,2026-11-15,Completed,4.0,20.8
EMP01999,CRS0030,2025-04-22,Completed,4.7,11.2
EMP02000,CRS0121,2026-08-06,Completed,3.6,29.1
EMP02000,CRS0053,2026-01-27,In Progress,,21.6
EMP02000,CRS0104,2024-07-20,In Progress,,28.8
EMP02000,CRS0076,2024-12-07,Completed,4.9,13.2
EMP02000,CRS0038,2026-07-20,Completed,2.2,38.2
EMP02001,CRS0022,2025-05-11,Completed,4.6,6.0
EMP02001,CRS0134,2025-11-07,Completed,2.4,19.1
EMP02002,CRS0003,2024-09-13,Completed,2.6,34.2
EMP02002,CRS0007,2026-03-16,Completed,2.2,16.9
EMP02002,CRS0065,2026-04-22,Completed,2.1,37.9
EMP02002,CRS0029,2026-11-14,In Progress,,27.5
EMP02002,CRS0009,2024-07-23,In Progress,,24.1
EMP02003,CRS0116,2024-02-20,Completed,3.5,24.4
EMP02003,CRS0020,2025-06-09,Completed,2.1,5.2
EMP02003,CRS0109,2025-09-16,Completed,4.3,30.6
EMP02003,CRS0136,2026-02-23,In Progress,,35.5
EMP02004,CRS0025,2026-03-08,In Progress,,31.3
EMP02004,CRS0124,2025-04-13,Completed,3.1,10.9
EMP02004,CRS0069,2025-07-05,Completed,2.1,14.6
EMP02004,CRS0075,2024-12-28,Dropped,,32.3
EMP02004,CRS0006,2026-04-04,Completed,3.2,17.4
EMP02005,CRS0094,2025-04-19,Completed,3.1,24.9
EMP02005,CRS0129,2024-03-09,Completed,4.0,20.7
EMP02005,CRS0087,2024-05-05,Completed,2.9,4.2
EMP02005,CRS0045,2025-04-10,Completed,4.3,31.5
EMP02005,CRS0026,2024-01-28,Completed,3.7,2.2
EMP02005,CRS0134,2026-10-13,Completed,2.9,26.9
EMP02006,CRS0018,2026-07-16,Completed,3.5,35.3
EMP02006,CRS0058,2026-01-26,Completed,4.3,17.4
EMP02007,CRS0050,2025-06-11,Completed,2.3,21.5
EMP02007,CRS0080,2025-08-05,In Progress,,8.5
EMP02007,CRS0087,2026-05-26,Completed,2.2,35.7
EMP02007,CRS0118,2025-06-16,Completed,2.5,36.8
EMP02007,CRS0032,2025-09-03,Completed,4.9,30.7
EMP02008,CRS0077,2025-12-13,In Progress,,19.6
EMP02008,CRS0059,2026-12-19,In Progress,,10.8
EMP02008,CRS0076,2025-02-06,Completed,4.0,19.0
EMP02009,CRS0067,2025-08-28,Dropped,,20.8
EMP02009,CRS0091,2025-01-09,In Progress,,38.8
EMP02010,CRS0090,2024-10-28,Completed,4.0,18.3
EMP02010,CRS0008,2024-07-05,Completed,4.0,6.7
EMP02010,CRS0102,2025-07-16,Completed,3.6,31.3
EMP02010,CRS0043,2026-04-19,Completed,3.8,36.2
EMP02010,CRS0022,2025-09-13,Completed,4.2,7.7
EMP02010,CRS0032,2026-07-07,Dropped,,38.2
EMP02011,CRS0068,2026-10-15,Completed,4.2,3.3
EMP02011,CRS0023,2024-03-01,Completed,4.5,5.1
EMP02012,CRS0019,2025-09-11,Completed,4.8,10.7
EMP02012,CRS0007,2026-05-15,Completed,2.7,37.4
EMP02013,CRS0032,2026-08-25,In Progress,,24.2
EMP02013,CRS0030,2026-02-03,Completed,4.6,2.4
EMP02013,CRS0086,2024-02-06,In Progress,,15.5
EMP02013,CRS0088,2026-07-16,Completed,4.0,20.2
EMP02013,CRS0137,2026-07-25,Completed,4.1,5.9
EMP02014,CRS0075,2025-11-27,Completed,2.7,6.7
EMP02014,CRS0091,2024-01-16,Completed,3.2,39.5
EMP02014,CRS0052,2024-10-14,Completed,2.6,16.0
EMP02014,CRS0063,2024-08-26,Completed,2.8,13.7
EMP02014,CRS0133,2026-09-18,In Progress,,20.2
EMP02015,CRS0045,2026-11-07,In Progress,,4.2
EMP02015,CRS0118,2024-10-17,Completed,4.7,4.7
EMP02016,CRS0092,2025-08-12,In Progress,,4.1
EMP02016,CRS0088,2024-03-26,In Progress,,19.5
EMP02016,CRS0080,2026-08-02,In Progress,,2.7
EMP02016,CRS0103,2024-07-07,Completed,2.3,39.8
EMP02016,CRS0128,2026-04-02,Completed,2.2,5.5
EMP02017,CRS0096,2025-09-01,Completed,4.8,26.1
EMP02017,CRS0050,2024-09-18,Completed,4.2,17.5
EMP02018,CRS0050,2024-10-09,In Progress,,13.8
EMP02018,CRS0074,2026-06-16,Completed,2.8,25.6
EMP02018,CRS0022,2024-09-07,Completed,2.7,27.2
EMP02018,CRS0099,2025-04-17,Completed,3.4,28.8
EMP02018,CRS0036,2026-05-04,Completed,2.6,16.3
EMP02019,CRS0089,2026-07-20,Completed,3.7,8.8
EMP02019,CRS0022,2025-09-16,In Progress,,26.5
EMP02019,CRS0120,2026-08-23,In Progress,,23.6
EMP02019,CRS0103,2026-06-13,Completed,4.1,29.7
EMP02019,CRS0061,2026-06-24,Completed,4.4,29.8
EMP02019,CRS0026,2025-07-12,In Progress,,27.0
EMP02020,CRS0031,2025-09-16,Dropped,,26.3
EMP02020,CRS0098,2026-01-04,Completed,4.5,30.5
EMP02020,CRS0056,2026-05-26,Completed,4.8,26.7
EMP02021,CRS0097,2024-06-18,In Progress,,8.0
EMP02021,CRS0078,2026-08-25,Completed,3.7,39.4
EMP02021,CRS0032,2025-03-13,Completed,2.1,22.3
EMP02022,CRS0115,2025-12-23,Completed,3.2,33.4
EMP02022,CRS0063,2024-10-03,Completed,3.2,15.9
EMP02022,CRS0138,2026-10-06,In Progress,,19.9
EMP02023,CRS0026,2025-11-19,Dropped,,28.7
EMP02023,CRS0025,2026-04-14,Completed,4.2,11.3
EMP02023,CRS0138,2025-11-09,Completed,4.8,17.2
EMP02023,CRS0016,2024-10-24,In Progress,,38.6
EMP02023,CRS0084,2024-01-28,Completed,2.4,5.4
EMP02024,CRS0119,2025-11-22,Completed,2.7,4.6
EMP02024,CRS0044,2026-10-05,Completed,3.9,34.4
EMP02024,CRS0046,2025-01-20,In Progress,,11.2
EMP02025,CRS0138,2024-07-25,Completed,3.8,11.5
EMP02025,CRS0102,2025-03-19,In Progress,,18.3
EMP02025,CRS0063,2026-07-13,In Progress,,39.6
EMP02025,CRS0082,2025-05-05,In Progress,,24.5
EMP02026,CRS0109,2024-03-27,Completed,3.6,39.9
EMP02026,CRS0053,2026-12-28,Completed,3.4,26.0
EMP02026,CRS0054,2026-04-03,Completed,3.9,39.2
EMP02026,CRS0129,2024-07-04,Completed,3.4,11.3
EMP02026,CRS0022,2024-09-19,Completed,3.8,9.7
EMP02027,CRS0088,2026-06-06,In Progress,,28.2
EMP02027,CRS0072,2026-08-05,Completed,3.6,15.0
EMP02027,CRS0114,2025-08-23,Completed,4.9,31.4
EMP02027,CRS0090,2024-08-27,Completed,2.4,34.9
EMP02028,CRS0005,2025-04-20,Completed,2.9,16.9
EMP02028,CRS0061,2024-04-19,Completed,2.3,27.7
EMP02029,CRS0058,2024-09-03,Completed,4.5,2.5
EMP02029,CRS0049,2024-11-13,Completed,4.0,22.3
EMP02029,CRS0035,2024-11-02,Completed,3.8,32.7
EMP02029,CRS0109,2026-10-03,In Progress,,16.7
EMP02030,CRS0073,2025-02-05,Completed,4.4,16.6
EMP02030,CRS0105,2025-03-14,Completed,4.7,34.0
EMP02030,CRS0011,2025-09-18,Completed,2.6,34.3
EMP02031,CRS0128,2025-12-02,Completed,3.2,24.6
EMP02031,CRS0039,2026-05-21,Dropped,,9.9
EMP02031,CRS0124,2024-12-25,Dropped,,5.9
EMP02031,CRS0087,2025-10-17,Completed,4.0,9.8
EMP02031,CRS0051,2026-08-19,Completed,4.6,31.7
EMP02032,CRS0096,2024-06-26,Completed,3.5,38.6
EMP02032,CRS0063,2025-07-12,In Progress,,17.0
EMP02032,CRS0078,2026-12-18,In Progress,,25.6
EMP02032,CRS0035,2026-01-26,Dropped,,16.2
EMP02032,CRS0008,2025-11-14,Completed,2.4,32.9
EMP02032,CRS0085,2026-06-04,Dropped,,37.4
EMP02033,CRS0006,2025-01-02,In Progress,,29.3
EMP02033,CRS0025,2024-07-09,Completed,4.4,30.3
EMP02034,CRS0037,2026-04-25,Completed,2.4,2.4
EMP02034,CRS0116,2025-05-03,Dropped,,33.8
EMP02034,CRS0027,2026-08-09,Completed,3.5,8.0
EMP02034,CRS0107,2024-11-11,Completed,4.4,39.7
EMP02034,CRS0117,2026-06-20,Completed,2.3,34.6
EMP02035,CRS0080,2024-12-04,Completed,4.0,16.2
EMP02035,CRS0110,2024-03-21,In Progress,,3.1
EMP02035,CRS0084,2025-11-18,Completed,3.7,24.4
EMP02035,CRS0023,2026-05-04,Dropped,,20.4
EMP02035,CRS0137,2024-07-25,In Progress,,36.7
EMP02036,CRS0092,2026-11-17,Completed,4.6,21.1
EMP02036,CRS0035,2026-12-02,Completed,2.6,13.9
EMP02036,CRS0133,2024-01-01,In Progress,,7.8
EMP02037,CRS0133,2024-09-16,Completed,3.2,28.4
EMP02037,CRS0008,2025-08-22,Completed,4.7,11.0
EMP02037,CRS0075,2026-09-24,Completed,3.8,18.9
EMP02038,CRS0010,2024-08-17,Completed,2.4,7.8
EMP02038,CRS0112,2026-11-23,Completed,4.2,22.3
EMP02038,CRS0019,2025-07-20,Completed,3.3,9.0
EMP02038,CRS0099,2024-04-28,Completed,2.8,35.7
EMP02039,CRS0136,2024-08-19,Dropped,,17.2
EMP02039,CRS0074,2025-10-24,In Progress,,38.4
EMP02039,CRS0078,2026-02-15,Completed,4.2,33.0
EMP02040,CRS0076,2025-04-13,Completed,2.9,26.1
EMP02040,CRS0066,2024-11-22,Dropped,,11.8
EMP02041,CRS0056,2024-05-27,Completed,3.1,20.0
EMP02041,CRS0019,2024-01-02,Completed,4.7,16.9
EMP02041,CRS0059,2024-08-13,Dropped,,6.9
EMP02041,CRS0039,2025-12-02,Completed,4.6,4.7
EMP02041,CRS0025,2024-06-18,Completed,3.3,3.3
EMP02041,CRS0135,2026-05-10,In Progress,,30.3
EMP02042,CRS0027,2024-10-09,Dropped,,31.7
EMP02042,CRS0035,2026-09-03,In Progress,,36.0
EMP02042,CRS0129,2025-10-16,Completed,3.3,36.9
EMP02042,CRS0044,2024-06-26,Completed,2.8,30.4
EMP02043,CRS0083,2024-04-09,Completed,3.5,24.1
EMP02043,CRS0127,2024-09-18,Completed,3.7,31.6
EMP02043,CRS0077,2025-07-24,Completed,3.5,17.1
EMP02043,CRS0094,2026-11-25,Completed,3.0,23.4
EMP02043,CRS0028,2025-11-26,Completed,3.8,33.0
EMP02043,CRS0057,2025-08-22,Completed,3.6,20.0
EMP02044,CRS0114,2025-08-21,In Progress,,17.9
EMP02044,CRS0092,2025-01-14,Completed,2.5,10.2
EMP02044,CRS0019,2025-05-15,Completed,2.9,28.9
EMP02044,CRS0049,2025-06-11,Completed,2.5,20.9
EMP02044,CRS0024,2026-10-18,In Progress,,16.8
EMP02044,CRS0083,2024-02-20,In Progress,,21.0
EMP02045,CRS0136,2026-07-01,Completed,4.7,10.0
EMP02045,CRS0064,2025-08-04,Dropped,,13.9
EMP02045,CRS0052,2026-08-16,Completed,4.1,24.0
EMP02045,CRS0057,2025-11-09,In Progress,,4.9
EMP02046,CRS0094,2025-05-03,Completed,3.8,34.6
EMP02046,CRS0101,2024-07-09,Dropped,,12.7
EMP02046,CRS0021,2024-06-05,In Progress,,14.4
EMP02046,CRS0068,2024-03-15,Dropped,,10.4
EMP02047,CRS0125,2026-04-05,Completed,3.5,12.6
EMP02047,CRS0049,2025-10-03,In Progress,,5.5
EMP02047,CRS0016,2024-11-23,Completed,4.4,23.8
EMP02047,CRS0084,2025-12-19,Completed,3.0,8.2
EMP02047,CRS0117,2024-06-11,In Progress,,21.7
EMP02048,CRS0126,2026-09-16,Dropped,,34.0
EMP02048,CRS0014,2024-11-05,Dropped,,32.5
EMP02048,CRS0015,2024-01-27,In Progress,,17.9
EMP02048,CRS0107,2025-05-02,Completed,3.2,11.4
EMP02049,CRS0116,2026-09-06,Completed,4.0,30.4
EMP02049,CRS0105,2025-04-04,Dropped,,33.5
EMP02049,CRS0038,2025-03-12,Completed,3.7,30.6
EMP02049,CRS0140,2025-08-25,Dropped,,13.4
EMP02049,CRS0042,2026-12-25,In Progress,,22.5
EMP02049,CRS0114,2025-09-05,In Progress,,38.5
EMP02050,CRS0072,2025-08-07,Completed,3.6,7.1
EMP02050,CRS0056,2026-03-22,Completed,3.4,19.6
EMP02051,CRS0138,2025-03-15,In Progress,,19.9
EMP02051,CRS0068,2026-07-11,Completed,4.3,12.4
EMP02051,CRS0049,2026-01-27,In Progress,,29.5
EMP02051,CRS0123,2025-04-04,In Progress,,23.7
EMP02051,CRS0140,2026-11-09,Completed,2.9,3.8
EMP02052,CRS0120,2026-11-10,Completed,3.9,10.2
EMP02052,CRS0087,2026-04-05,Completed,4.5,21.4
EMP02052,CRS0049,2025-02-27,Completed,5.0,4.5
EMP02052,CRS0070,2024-03-27,Dropped,,3.3
EMP02052,CRS0010,2025-01-07,In Progress,,6.5
EMP02052,CRS0124,2025-11-21,Completed,3.7,20.2
EMP02053,CRS0064,2025-10-02,Completed,3.7,12.7
EMP02053,CRS0055,2026-09-04,In Progress,,17.6
EMP02053,CRS0099,2024-12-23,Completed,4.0,35.9
EMP02053,CRS0114,2025-12-16,Completed,4.1,5.8
EMP02053,CRS0139,2025-08-11,In Progress,,17.1
EMP02053,CRS0060,2024-04-12,In Progress,,30.1
EMP02054,CRS0098,2026-11-19,Completed,3.3,39.8
EMP02054,CRS0064,2025-04-02,Dropped,,21.0
EMP02054,CRS0133,2026-06-02,Completed,2.9,8.9
EMP02054,CRS0043,2024-07-18,Completed,3.3,26.2
EMP02054,CRS0131,2025-04-13,Completed,2.2,27.2
EMP02055,CRS0037,2025-07-03,In Progress,,15.1
EMP02055,CRS0005,2024-12-06,Completed,2.8,24.3
EMP02055,CRS0023,2025-11-15,Completed,3.6,26.8
EMP02056,CRS0027,2025-10-05,In Progress,,26.9
EMP02056,CRS0067,2026-02-04,Completed,4.8,27.6
EMP02056,CRS0031,2024-03-01,Completed,4.1,38.4
EMP02057,CRS0055,2026-12-21,Completed,3.9,5.9
EMP02057,CRS0024,2024-05-20,Completed,3.7,17.6
EMP02057,CRS0083,2025-12-08,Completed,4.9,22.9
EMP02058,CRS0122,2024-09-02,Completed,3.0,7.5
EMP02058,CRS0058,2025-07-07,Completed,4.1,23.0
EMP02058,CRS0004,2026-01-24,Completed,2.8,15.2
EMP02058,CRS0134,2025-09-04,Completed,3.3,17.2
EMP02059,CRS0067,2026-08-06,In Progress,,5.7
EMP02059,CRS0003,2024-10-06,Completed,3.7,6.9
EMP02059,CRS0134,2025-08-04,Completed,4.0,30.4
EMP02059,CRS0094,2025-04-05,Completed,2.8,4.8
EMP02060,CRS0077,2026-07-15,In Progress,,25.9
EMP02060,CRS0063,2024-01-04,In Progress,,11.6
EMP02060,CRS0007,2025-11-28,Completed,4.2,29.1
EMP02060,CRS0114,2026-06-07,Completed,4.7,24.3
EMP02060,CRS0101,2024-03-09,Completed,3.1,18.9
EMP02061,CRS0065,2026-06-13,Completed,4.1,35.4
EMP02061,CRS0122,2024-09-02,Completed,4.1,30.9
EMP02062,CRS0133,2026-04-15,In Progress,,33.9
EMP02062,CRS0136,2025-11-17,Completed,4.7,29.2
EMP02062,CRS0019,2024-01-24,Completed,2.2,17.3
EMP02063,CRS0081,2024-02-15,In Progress,,38.1
EMP02063,CRS0015,2025-09-03,Completed,3.2,20.8
EMP02063,CRS0118,2026-02-13,Completed,4.9,2.4
EMP02063,CRS0117,2025-09-09,Completed,4.0,31.8
EMP02063,CRS0087,2024-04-14,Completed,4.5,18.1
EMP02064,CRS0025,2026-07-12,Completed,4.7,36.0
EMP02064,CRS0061,2026-02-22,Completed,3.4,22.9
EMP02065,CRS0066,2026-01-06,In Progress,,27.6
EMP02065,CRS0030,2026-05-14,Completed,4.3,4.2
EMP02065,CRS0078,2024-12-14,Completed,3.3,27.8
EMP02065,CRS0119,2026-02-09,In Progress,,12.6
EMP02065,CRS0098,2026-11-19,Dropped,,4.0
EMP02065,CRS0048,2024-07-07,Completed,2.5,27.1
EMP02066,CRS0038,2026-08-20,In Progress,,27.1
EMP02066,CRS0133,2024-04-25,In Progress,,2.2
EMP02066,CRS0008,2026-07-16,Completed,2.5,33.4
EMP02067,CRS0138,2024-08-27,Completed,2.2,18.4
EMP02067,CRS0109,2026-12-06,Completed,3.4,3.0
EMP02067,CRS0100,2025-04-18,Completed,3.9,24.6
EMP02068,CRS0114,2026-04-07,Completed,2.7,22.9
EMP02068,CRS0082,2024-02-10,In Progress,,30.9
EMP02068,CRS0001,2024-06-03,Completed,4.5,20.6
EMP02069,CRS0139,2024-04-06,Completed,4.1,35.3
EMP02069,CRS0133,2026-09-20,In Progress,,8.4
EMP02070,CRS0061,2025-06-15,Completed,4.7,19.1
EMP02070,CRS0097,2026-04-19,Completed,3.3,39.9
EMP02071,CRS0005,2025-12-17,Completed,5.0,31.9
EMP02071,CRS0138,2025-10-10,Dropped,,20.6
EMP02071,CRS0022,2024-03-15,Dropped,,19.2
EMP02071,CRS0034,2024-10-05,In Progress,,32.5
EMP02072,CRS0097,2024-08-04,Completed,3.8,16.5
EMP02072,CRS0119,2024-10-07,Dropped,,38.0
EMP02072,CRS0091,2026-08-04,Completed,4.6,3.2
EMP02072,CRS0081,2024-08-02,Completed,2.2,32.6
EMP02073,CRS0113,2024-07-19,Completed,2.5,7.8
EMP02073,CRS0102,2026-12-18,In Progress,,14.5
EMP02073,CRS0018,2026-11-15,Completed,3.0,8.2
EMP02074,CRS0072,2026-09-15,Completed,2.6,25.6
EMP02074,CRS0070,2026-01-03,Completed,3.7,30.2
EMP02074,CRS0113,2026-03-07,Completed,4.9,7.6
EMP02075,CRS0047,2025-07-01,Dropped,,14.2
EMP02075,CRS0094,2025-09-13,Completed,4.8,17.3
EMP02075,CRS0098,2024-04-11,Completed,2.2,39.1
EMP02075,CRS0137,2026-11-02,Completed,3.7,32.5
EMP02075,CRS0106,2024-07-13,In Progress,,28.0
EMP02076,CRS0092,2025-08-22,In Progress,,39.9
EMP02076,CRS0109,2024-07-01,In Progress,,26.3
EMP02077,CRS0138,2026-01-01,In Progress,,34.6
EMP02077,CRS0070,2024-12-20,Dropped,,18.2
EMP02078,CRS0060,2026-10-24,Completed,4.9,2.5
EMP02078,CRS0127,2025-03-27,In Progress,,27.2
EMP02078,CRS0136,2025-04-22,In Progress,,23.9
EMP02078,CRS0036,2024-07-11,Completed,4.0,25.3
EMP02078,CRS0063,2025-03-04,Completed,3.6,3.2
EMP02078,CRS0109,2024-01-20,Completed,3.0,35.8
EMP02079,CRS0085,2024-03-01,In Progress,,20.4
EMP02079,CRS0131,2026-06-01,Completed,4.2,37.7
EMP02079,CRS0116,2026-08-17,In Progress,,6.1
EMP02080,CRS0004,2024-11-07,Completed,3.1,27.2
EMP02080,CRS0015,2024-11-26,Completed,2.5,31.4
EMP02080,CRS0084,2024-03-11,Completed,2.5,13.5
EMP02080,CRS0048,2026-01-07,Completed,3.9,9.7
EMP02080,CRS0068,2025-07-24,Completed,2.2,7.1
EMP02080,CRS0037,2026-12-16,Completed,4.7,33.2
EMP02081,CRS0077,2024-12-15,Completed,4.2,5.9
EMP02081,CRS0128,2024-12-27,Dropped,,29.4
EMP02081,CRS0059,2026-05-11,Completed,3.3,16.5
EMP02081,CRS0004,2026-04-24,Completed,4.8,13.0
EMP02082,CRS0090,2026-02-17,Completed,3.4,31.7
EMP02082,CRS0118,2024-04-24,In Progress,,28.0
EMP02082,CRS0132,2024-07-07,Dropped,,35.0
EMP02083,CRS0084,2025-02-26,Completed,2.7,29.4
EMP02083,CRS0007,2026-11-25,In Progress,,17.0
EMP02083,CRS0108,2025-11-15,Completed,4.3,33.9
EMP02083,CRS0006,2024-06-28,Completed,2.7,32.9
EMP02083,CRS0081,2024-07-26,Completed,2.7,27.2
EMP02084,CRS0044,2024-07-20,In Progress,,9.1
EMP02084,CRS0113,2026-09-15,Completed,4.8,19.1
EMP02085,CRS0034,2026-08-11,Completed,4.2,2.6
EMP02085,CRS0048,2024-10-08,Completed,4.7,2.1
EMP02086,CRS0068,2025-11-13,In Progress,,23.2
EMP02086,CRS0003,2026-09-22,Completed,4.2,25.0
EMP02086,CRS0106,2024-04-06,Completed,4.5,4.4
EMP02086,CRS0091,2026-05-10,In Progress,,7.5
EMP02086,CRS0108,2025-12-07,Completed,2.5,10.1
EMP02086,CRS0120,2024-01-02,Completed,2.3,11.2
EMP02087,CRS0075,2024-10-07,Completed,3.1,9.2
EMP02087,CRS0043,2026-08-21,In Progress,,24.1
EMP02088,CRS0007,2024-06-12,Completed,2.2,33.9
EMP02088,CRS0044,2025-01-14,Completed,2.6,21.4
EMP02088,CRS0116,2026-02-09,In Progress,,10.5
EMP02089,CRS0135,2025-04-12,Completed,3.5,11.3
EMP02089,CRS0123,2024-01-02,Completed,2.4,20.5
EMP02089,CRS0073,2025-07-25,In Progress,,39.6
EMP02090,CRS0048,2025-08-25,Completed,2.7,18.7
EMP02090,CRS0084,2026-02-09,Completed,3.6,10.8
EMP02090,CRS0036,2025-07-20,Completed,2.0,38.9
EMP02091,CRS0017,2024-10-17,In Progress,,3.1
EMP02091,CRS0080,2026-06-08,Completed,4.1,13.7
EMP02091,CRS0064,2025-02-17,In Progress,,9.7
EMP02091,CRS0018,2024-09-10,Dropped,,11.7
EMP02092,CRS0138,2026-06-14,In Progress,,34.6
EMP02092,CRS0137,2024-11-18,In Progress,,21.1
EMP02093,CRS0039,2025-05-18,In Progress,,26.4
EMP02093,CRS0018,2026-02-28,In Progress,,28.6
EMP02093,CRS0014,2025-05-18,Dropped,,15.4
EMP02093,CRS0013,2024-03-04,Dropped,,33.4
EMP02094,CRS0119,2025-10-09,Completed,4.4,27.4
EMP02094,CRS0004,2026-09-23,Completed,4.2,4.6
EMP02094,CRS0062,2025-11-13,Completed,3.3,4.6
EMP02094,CRS0094,2024-03-09,Completed,4.1,16.6
EMP02094,CRS0011,2024-07-11,In Progress,,18.4
EMP02094,CRS0133,2026-08-05,Completed,2.4,27.3
EMP02095,CRS0087,2025-12-18,Dropped,,7.0
EMP02095,CRS0089,2025-01-12,Completed,4.8,27.9
EMP02095,CRS0022,2025-07-04,Completed,2.8,35.3
EMP02096,CRS0058,2025-08-24,In Progress,,12.9
EMP02096,CRS0081,2026-08-10,In Progress,,18.0
EMP02096,CRS0103,2025-01-05,Completed,4.2,28.0
EMP02096,CRS0015,2024-12-15,Completed,3.4,26.2
EMP02096,CRS0108,2025-05-17,In Progress,,6.1
EMP02097,CRS0038,2025-10-20,Completed,3.1,30.7
EMP02097,CRS0050,2024-01-25,In Progress,,36.3
EMP02098,CRS0138,2025-05-03,Completed,2.9,28.1
EMP02098,CRS0026,2026-03-05,In Progress,,8.9
EMP02098,CRS0073,2026-02-08,Completed,5.0,4.2
EMP02098,CRS0135,2026-02-16,In Progress,,8.9
EMP02098,CRS0077,2026-06-27,In Progress,,30.2
EMP02098,CRS0139,2025-09-28,Completed,2.2,17.7
EMP02099,CRS0055,2025-10-10,Completed,4.2,17.7
EMP02099,CRS0105,2024-08-18,In Progress,,23.2
EMP02099,CRS0124,2025-10-24,Completed,3.9,22.1
EMP02100,CRS0029,2026-08-01,Completed,3.6,6.3
EMP02100,CRS0021,2025-11-18,Dropped,,9.6
EMP02100,CRS0134,2025-03-23,In Progress,,11.9
EMP02100,CRS0124,2024-07-24,Completed,4.3,29.4
EMP02100,CRS0034,2026-12-20,Completed,2.7,4.5
EMP02101,CRS0103,2026-03-22,Completed,3.2,3.7
EMP02101,CRS0079,2025-05-21,Completed,4.8,29.1
EMP02101,CRS0013,2025-12-20,Dropped,,39.5
EMP02102,CRS0047,2026-03-08,Completed,3.8,29.8
EMP02102,CRS0072,2026-11-03,In Progress,,4.8
EMP02102,CRS0023,2024-06-28,Completed,2.2,15.4
EMP02102,CRS0063,2025-12-25,In Progress,,38.4
EMP02102,CRS0037,2024-05-07,In Progress,,6.5
EMP02103,CRS0038,2026-03-02,Dropped,,25.0
EMP02103,CRS0089,2024-06-19,Completed,2.2,11.5
EMP02103,CRS0016,2026-03-23,Completed,5.0,31.7
EMP02103,CRS0015,2026-05-05,Dropped,,9.1
EMP02103,CRS0135,2024-08-02,Completed,3.1,34.7
EMP02103,CRS0098,2026-02-09,Completed,3.3,26.6
EMP02104,CRS0123,2024-05-06,Completed,4.5,3.8
EMP02104,CRS0102,2026-08-19,Completed,2.8,39.6
EMP02104,CRS0075,2024-12-24,Dropped,,39.3
EMP02104,CRS0037,2024-06-06,Completed,4.0,19.4
EMP02104,CRS0060,2026-01-04,Completed,4.6,17.0
EMP02104,CRS0028,2024-01-19,Completed,3.4,6.6
EMP02105,CRS0074,2024-10-27,Completed,2.3,8.5
EMP02105,CRS0005,2024-08-17,In Progress,,33.5
EMP02105,CRS0041,2025-11-13,In Progress,,29.4
EMP02105,CRS0114,2025-04-14,In Progress,,5.4
EMP02105,CRS0009,2026-07-21,Completed,4.9,12.4
EMP02105,CRS0070,2025-06-13,In Progress,,26.6
EMP02106,CRS0100,2026-12-16,Completed,5.0,30.8
EMP02106,CRS0002,2026-11-26,In Progress,,25.0
EMP02106,CRS0107,2024-02-27,Completed,5.0,38.6
EMP02106,CRS0041,2025-04-12,In Progress,,36.8
EMP02106,CRS0133,2024-04-08,In Progress,,9.3
EMP02106,CRS0090,2024-11-16,Dropped,,5.5
EMP02107,CRS0112,2024-10-24,Completed,3.4,35.4
EMP02107,CRS0074,2025-10-16,In Progress,,33.9
EMP02108,CRS0023,2024-07-03,In Progress,,24.3
EMP02108,CRS0005,2024-03-20,Dropped,,14.7
EMP02108,CRS0062,2025-05-28,Completed,3.3,31.7
EMP02108,CRS0011,2025-08-15,Completed,2.6,3.1
EMP02108,CRS0054,2024-07-19,Completed,4.1,5.3
EMP02108,CRS0058,2024-06-10,In Progress,,16.9
EMP02109,CRS0107,2026-09-28,Dropped,,12.7
EMP02109,CRS0056,2025-05-10,In Progress,,6.1
EMP02109,CRS0089,2026-09-27,Completed,2.2,39.4
EMP02110,CRS0081,2025-06-05,In Progress,,31.5
EMP02110,CRS0139,2024-07-25,Completed,3.4,11.3
EMP02110,CRS0047,2026-01-10,Completed,3.4,24.8
EMP02111,CRS0137,2026-11-24,Completed,2.6,2.1
EMP02111,CRS0023,2025-07-04,In Progress,,15.4
EMP02111,CRS0014,2026-08-04,Completed,4.0,21.6
EMP02112,CRS0016,2024-01-02,In Progress,,4.2
EMP02112,CRS0124,2026-10-05,Completed,2.3,24.9
EMP02112,CRS0062,2024-10-17,Completed,3.1,15.3
EMP02112,CRS0058,2026-04-20,In Progress,,12.6
EMP02112,CRS0038,2025-07-20,Completed,3.9,27.5
EMP02113,CRS0108,2024-09-24,Completed,3.3,10.4
EMP02113,CRS0029,2024-09-21,Completed,4.3,7.6
EMP02114,CRS0047,2024-08-23,Completed,3.0,27.8
EMP02114,CRS0062,2025-01-21,Completed,3.8,30.7
EMP02114,CRS0096,2026-08-05,Completed,3.6,36.7
EMP02115,CRS0105,2025-07-16,Completed,4.3,32.1
EMP02115,CRS0103,2025-09-26,Dropped,,31.3
EMP02116,CRS0121,2026-08-05,In Progress,,21.1
EMP02116,CRS0032,2024-03-20,Completed,2.1,28.7
EMP02116,CRS0049,2025-06-15,Completed,3.5,22.6
EMP02116,CRS0003,2024-07-15,Completed,4.8,24.3
EMP02116,CRS0132,2025-12-03,In Progress,,26.3
EMP02116,CRS0066,2025-01-01,Completed,4.5,20.8
EMP02117,CRS0135,2026-01-03,Completed,2.8,35.3
EMP02117,CRS0020,2024-01-25,Completed,2.6,15.4
EMP02117,CRS0077,2024-05-23,Completed,3.6,16.1
EMP02118,CRS0083,2026-08-17,Completed,4.7,4.4
EMP02118,CRS0076,2025-07-01,Completed,4.6,34.8
EMP02118,CRS0048,2024-06-16,Completed,3.6,39.1
EMP02118,CRS0085,2024-12-13,In Progress,,21.4
EMP02118,CRS0102,2026-06-05,Completed,4.1,30.7
EMP02118,CRS0018,2026-04-25,Completed,4.2,30.9
EMP02119,CRS0014,2024-02-20,Completed,4.4,27.7
EMP02119,CRS0067,2025-12-26,Dropped,,37.0
EMP02119,CRS0048,2026-12-10,Completed,3.5,28.9
EMP02119,CRS0084,2025-06-16,Completed,2.6,33.0
EMP02119,CRS0006,2025-11-06,In Progress,,33.4
EMP02120,CRS0091,2026-12-08,Completed,4.3,14.7
EMP02120,CRS0020,2026-09-06,In Progress,,29.6
EMP02120,CRS0041,2025-09-26,Completed,2.1,7.9
EMP02120,CRS0040,2026-08-08,Completed,2.3,3.6
EMP02121,CRS0009,2025-01-21,In Progress,,26.3
EMP02121,CRS0020,2024-05-17,In Progress,,12.9
EMP02121,CRS0052,2024-03-11,Completed,2.8,10.0
EMP02121,CRS0047,2025-08-07,Completed,3.5,23.2
EMP02122,CRS0057,2026-07-06,Completed,3.1,7.1
EMP02122,CRS0126,2026-10-04,In Progress,,16.2
EMP02122,CRS0069,2024-06-07,Completed,4.0,31.1
EMP02122,CRS0044,2026-06-14,In Progress,,33.1
EMP02122,CRS0103,2024-08-02,Completed,2.4,39.1
EMP02122,CRS0002,2026-10-26,Completed,4.1,25.5
EMP02123,CRS0122,2026-03-16,Completed,4.5,5.7
EMP02123,CRS0050,2025-05-23,Dropped,,39.1
EMP02123,CRS0100,2025-05-18,Completed,4.7,6.7
EMP02124,CRS0137,2024-01-28,Completed,2.9,3.9
EMP02124,CRS0005,2025-09-15,Dropped,,15.0
EMP02124,CRS0092,2024-04-01,Completed,3.0,19.6
EMP02124,CRS0039,2024-08-25,Completed,4.6,3.2
EMP02124,CRS0026,2025-05-02,In Progress,,37.4
EMP02125,CRS0060,2025-11-15,In Progress,,5.6
EMP02125,CRS0052,2026-07-02,Completed,3.1,4.3
EMP02125,CRS0065,2024-10-18,Completed,4.2,9.5
EMP02125,CRS0001,2024-03-23,Completed,3.5,14.1
EMP02126,CRS0074,2026-04-06,Completed,3.6,6.0
EMP02126,CRS0103,2024-07-03,Dropped,,8.3
EMP02127,CRS0044,2026-12-15,Completed,2.2,20.3
EMP02127,CRS0082,2025-11-23,Completed,2.1,38.6
EMP02127,CRS0008,2024-06-27,Completed,4.6,17.2
EMP02127,CRS0021,2025-08-11,In Progress,,3.7
EMP02128,CRS0020,2025-01-23,Completed,3.7,33.2
EMP02128,CRS0120,2026-11-01,Completed,2.8,2.7
EMP02128,CRS0073,2026-07-11,Completed,2.2,15.6
EMP02128,CRS0140,2026-04-03,Completed,2.6,34.2
EMP02128,CRS0010,2025-10-17,In Progress,,8.1
EMP02128,CRS0046,2024-09-23,In Progress,,7.3
EMP02129,CRS0138,2025-06-03,In Progress,,28.0
EMP02129,CRS0115,2025-01-08,Completed,4.8,5.1
EMP02129,CRS0003,2026-08-17,Completed,4.5,27.4
EMP02129,CRS0029,2024-11-15,Completed,2.4,29.1
EMP02129,CRS0111,2026-12-04,Completed,2.7,11.3
EMP02129,CRS0040,2026-07-12,In Progress,,5.8
EMP02130,CRS0081,2024-12-25,Completed,2.2,27.5
EMP02130,CRS0072,2025-01-15,Completed,3.0,37.6
EMP02130,CRS0139,2026-04-07,Completed,2.2,34.7
EMP02130,CRS0007,2024-03-02,Completed,4.0,10.3
EMP02131,CRS0048,2025-06-26,In Progress,,39.1
EMP02131,CRS0037,2025-09-11,Completed,2.3,11.5
EMP02131,CRS0004,2025-03-27,In Progress,,19.0
EMP02131,CRS0083,2025-07-03,In Progress,,10.5
EMP02131,CRS0055,2024-02-04,Dropped,,10.0
EMP02132,CRS0106,2024-10-25,Completed,4.6,4.5
EMP02132,CRS0045,2026-05-06,Completed,3.9,33.2
EMP02132,CRS0002,2025-05-21,In Progress,,27.3
EMP02132,CRS0082,2024-04-10,Completed,4.3,2.6
EMP02132,CRS0012,2025-03-16,Completed,2.5,15.5
EMP02132,CRS0033,2024-07-19,In Progress,,7.8
EMP02133,CRS0092,2024-11-19,Completed,3.7,35.2
EMP02133,CRS0125,2025-10-02,In Progress,,11.5
EMP02134,CRS0083,2026-09-13,Completed,2.9,26.9
EMP02134,CRS0078,2026-02-28,In Progress,,17.3
EMP02134,CRS0128,2024-08-09,Completed,4.6,35.2
EMP02134,CRS0135,2024-01-14,Completed,4.3,25.1
EMP02134,CRS0038,2024-02-12,Completed,2.1,35.2
EMP02135,CRS0111,2026-03-21,Completed,4.6,9.4
EMP02135,CRS0119,2025-01-15,Completed,2.8,38.9
EMP02135,CRS0082,2026-10-04,Completed,3.0,19.3
EMP02135,CRS0048,2026-04-20,In Progress,,32.1
EMP02136,CRS0120,2026-05-05,Completed,4.2,2.8
EMP02136,CRS0126,2025-12-07,Completed,2.5,31.7
EMP02136,CRS0093,2024-05-11,In Progress,,2.5
EMP02136,CRS0031,2026-02-25,Completed,2.7,11.3
EMP02136,CRS0079,2024-08-19,Completed,3.9,3.3
EMP02136,CRS0035,2025-04-01,Completed,3.7,10.3
EMP02137,CRS0019,2024-11-09,Completed,2.1,29.2
EMP02137,CRS0131,2024-02-08,Completed,4.0,10.3
EMP02137,CRS0078,2025-12-16,Completed,4.7,30.1
EMP02137,CRS0106,2024-02-03,Completed,4.3,27.8
EMP02137,CRS0111,2025-07-22,Completed,4.0,29.3
EMP02138,CRS0061,2024-02-23,Completed,2.4,10.9
EMP02138,CRS0129,2024-11-07,Completed,2.2,4.2
EMP02138,CRS0110,2025-03-13,Completed,4.4,30.9
EMP02139,CRS0073,2025-11-13,Completed,3.5,16.2
EMP02139,CRS0002,2024-10-27,Completed,2.7,37.6
EMP02139,CRS0091,2024-03-17,Completed,4.1,22.8
EMP02140,CRS0018,2026-09-06,Completed,4.1,5.0
EMP02140,CRS0022,2024-08-19,In Progress,,19.6
EMP02141,CRS0104,2025-07-04,Dropped,,23.3
EMP02141,CRS0128,2026-12-10,Completed,4.1,20.6
EMP02141,CRS0133,2024-06-27,Dropped,,11.8
EMP02141,CRS0085,2025-06-28,Completed,3.3,10.1
EMP02142,CRS0136,2026-01-26,Completed,3.6,38.0
EMP02142,CRS0048,2025-09-09,Completed,2.5,28.1
EMP02142,CRS0076,2024-06-06,In Progress,,14.0
EMP02142,CRS0137,2026-12-10,Completed,2.1,19.0
EMP02142,CRS0020,2024-04-04,In Progress,,37.3
EMP02142,CRS0056,2024-08-10,Completed,3.3,29.5
EMP02143,CRS0068,2024-11-06,Completed,3.0,32.2
EMP02143,CRS0092,2025-06-04,Completed,2.7,32.9
EMP02144,CRS0066,2024-08-02,Completed,2.4,31.3
EMP02144,CRS0116,2024-10-12,Dropped,,38.4
EMP02144,CRS0048,2024-11-26,Completed,2.7,27.9
EMP02145,CRS0038,2024-06-18,In Progress,,39.6
EMP02145,CRS0040,2024-09-25,Completed,2.5,28.5
EMP02145,CRS0113,2024-03-08,In Progress,,28.3
EMP02146,CRS0085,2024-03-20,Completed,2.3,28.5
EMP02146,CRS0130,2024-10-15,Completed,3.5,9.6
EMP02147,CRS0138,2025-03-21,Completed,3.6,13.7
EMP02147,CRS0024,2025-09-28,In Progress,,38.3
EMP02148,CRS0119,2025-03-19,Completed,4.2,35.2
EMP02148,CRS0049,2026-05-21,Completed,2.9,33.0
EMP02149,CRS0082,2026-09-27,Completed,4.8,31.2
EMP02149,CRS0032,2024-08-23,In Progress,,33.6
EMP02149,CRS0040,2026-01-27,In Progress,,8.1
EMP02149,CRS0104,2025-02-02,Completed,2.7,34.3
EMP02149,CRS0017,2024-08-02,Completed,2.2,36.2
EMP02150,CRS0006,2025-04-16,In Progress,,39.7
EMP02150,CRS0075,2026-11-15,Completed,2.1,7.2
EMP02150,CRS0128,2025-04-19,In Progress,,6.9
EMP02150,CRS0140,2024-11-03,In Progress,,31.2
EMP02151,CRS0059,2025-08-04,Completed,2.2,4.0
EMP02151,CRS0032,2025-12-09,Completed,4.0,20.8
EMP02151,CRS0109,2024-07-09,Completed,3.2,39.7
EMP02151,CRS0034,2026-09-18,Completed,4.6,39.2
EMP02151,CRS0081,2025-05-22,In Progress,,31.9
EMP02152,CRS0074,2026-09-17,Dropped,,29.9
EMP02152,CRS0088,2025-09-24,Completed,4.6,10.4
EMP02152,CRS0015,2024-08-14,Completed,2.3,17.8
EMP02153,CRS0114,2025-09-07,Completed,4.5,5.5
EMP02153,CRS0061,2024-07-18,Dropped,,5.4
EMP02153,CRS0028,2026-06-01,Dropped,,23.0
EMP02153,CRS0088,2025-06-17,In Progress,,16.9
EMP02153,CRS0095,2026-10-16,In Progress,,17.8
EMP02154,CRS0017,2024-07-23,Completed,4.5,35.5
EMP02154,CRS0001,2024-06-20,Completed,2.5,13.5
EMP02154,CRS0074,2024-01-11,Completed,4.6,26.3
EMP02154,CRS0095,2024-08-28,Completed,2.2,10.0
EMP02154,CRS0097,2024-09-06,Completed,3.6,35.1
EMP02155,CRS0017,2026-09-15,Completed,3.6,38.7
EMP02155,CRS0066,2025-08-04,Completed,3.2,15.2
EMP02156,CRS0018,2026-03-02,Completed,3.4,9.3
EMP02156,CRS0097,2026-10-26,Completed,2.3,34.9
EMP02156,CRS0033,2024-10-23,Completed,3.7,15.1
EMP02157,CRS0073,2025-09-21,Completed,4.5,8.1
EMP02157,CRS0139,2026-04-22,Completed,3.1,18.5
EMP02157,CRS0003,2024-08-10,In Progress,,13.7
EMP02157,CRS0044,2026-09-28,Completed,2.2,30.4
EMP02157,CRS0050,2024-10-14,Completed,3.0,18.6
EMP02158,CRS0080,2026-01-10,Completed,4.7,6.4
EMP02158,CRS0121,2026-05-13,Completed,4.4,14.2
EMP02159,CRS0133,2024-08-14,In Progress,,14.9
EMP02159,CRS0054,2025-10-20,Completed,4.1,9.3
EMP02159,CRS0052,2026-05-24,In Progress,,2.8
EMP02159,CRS0063,2025-03-17,Completed,4.9,19.8
EMP02160,CRS0036,2024-05-01,Dropped,,30.3
EMP02160,CRS0128,2026-05-26,Dropped,,38.0
EMP02161,CRS0066,2026-09-11,Completed,3.4,18.4
EMP02161,CRS0014,2025-03-04,Completed,3.0,12.3
EMP02161,CRS0136,2026-02-04,Completed,4.7,26.6
EMP02161,CRS0128,2024-11-27,In Progress,,3.9
EMP02161,CRS0139,2026-09-21,In Progress,,14.4
EMP02162,CRS0035,2025-07-08,Completed,4.4,15.9
EMP02162,CRS0022,2026-08-19,Completed,3.7,30.5
EMP02162,CRS0021,2025-07-19,In Progress,,11.6
EMP02162,CRS0036,2025-01-13,Dropped,,5.8
EMP02163,CRS0014,2024-07-08,In Progress,,24.8
EMP02163,CRS0085,2026-07-24,Completed,4.2,21.9
EMP02163,CRS0059,2024-07-09,Completed,2.2,11.9
EMP02163,CRS0051,2026-01-12,Completed,3.7,29.1
EMP02163,CRS0120,2024-10-06,Completed,3.0,4.8
EMP02163,CRS0016,2026-05-01,Completed,2.4,38.6
EMP02164,CRS0127,2026-01-15,Dropped,,11.4
EMP02164,CRS0107,2024-12-16,Completed,4.7,18.0
EMP02164,CRS0015,2025-07-17,Completed,4.1,4.3
EMP02164,CRS0130,2026-12-05,Completed,3.1,11.8
EMP02165,CRS0087,2025-07-18,Completed,3.5,23.6
EMP02165,CRS0060,2026-10-15,Completed,2.4,38.1
EMP02165,CRS0064,2026-12-16,Completed,3.2,9.7
EMP02165,CRS0065,2026-06-19,In Progress,,16.2
EMP02166,CRS0035,2024-09-23,Completed,4.8,6.6
EMP02166,CRS0122,2025-01-08,Completed,4.5,11.1
EMP02166,CRS0068,2025-09-12,Completed,2.6,35.0
EMP02166,CRS0033,2025-11-20,Completed,2.7,24.7
EMP02166,CRS0056,2026-04-08,Completed,3.9,16.4
EMP02167,CRS0124,2024-10-17,Dropped,,5.4
EMP02167,CRS0101,2024-03-11,Completed,2.3,6.6
EMP02167,CRS0102,2026-02-28,Completed,4.4,20.3
EMP02168,CRS0054,2026-09-04,Completed,3.9,34.5
EMP02168,CRS0046,2025-03-02,Completed,2.0,14.6
EMP02168,CRS0079,2026-10-23,In Progress,,2.1
EMP02168,CRS0111,2024-01-23,Completed,4.4,34.8
EMP02169,CRS0067,2024-09-05,Completed,3.5,8.9
EMP02169,CRS0055,2025-09-25,Completed,3.1,6.3
EMP02169,CRS0087,2026-09-04,Completed,4.9,24.5
EMP02169,CRS0002,2025-01-04,Completed,2.6,7.2
EMP02169,CRS0103,2025-10-23,Completed,4.0,23.2
EMP02170,CRS0079,2026-01-28,Completed,3.2,11.5
EMP02170,CRS0054,2025-09-04,Completed,2.0,13.4
EMP02170,CRS0017,2026-06-17,In Progress,,4.7
EMP02170,CRS0037,2024-07-23,Completed,4.8,10.5
EMP02171,CRS0068,2024-04-02,Dropped,,36.2
EMP02171,CRS0011,2025-04-06,Completed,3.4,10.9
EMP02171,CRS0096,2024-04-27,Completed,3.7,21.3
EMP02172,CRS0105,2026-07-24,Completed,5.0,24.7
EMP02172,CRS0125,2026-08-25,Dropped,,22.9
EMP02173,CRS0079,2024-04-12,In Progress,,26.7
EMP02173,CRS0024,2026-02-11,In Progress,,36.5
EMP02173,CRS0074,2024-05-26,Completed,2.4,27.5
EMP02173,CRS0076,2025-05-13,Dropped,,33.7
EMP02174,CRS0123,2024-04-23,In Progress,,10.7
EMP02174,CRS0034,2026-08-28,Completed,4.4,24.1
EMP02174,CRS0127,2024-09-16,In Progress,,39.4
EMP02174,CRS0022,2026-07-16,Completed,4.6,5.8
EMP02174,CRS0090,2024-07-20,Completed,4.3,25.4
EMP02174,CRS0091,2026-10-22,Completed,2.9,30.5
EMP02175,CRS0126,2024-05-18,Completed,4.7,8.2
EMP02175,CRS0048,2025-07-17,Dropped,,5.7
EMP02175,CRS0008,2026-12-08,Completed,2.7,22.3
EMP02175,CRS0034,2026-11-10,Completed,2.6,18.4
EMP02176,CRS0035,2025-02-15,In Progress,,6.2
EMP02176,CRS0056,2025-12-04,Completed,4.4,23.1
EMP02176,CRS0083,2024-02-14,In Progress,,11.5
EMP02176,CRS0072,2024-10-23,Completed,2.1,12.2
EMP02176,CRS0051,2024-02-17,Completed,4.9,17.2
EMP02176,CRS0125,2026-01-09,Dropped,,2.8
EMP02177,CRS0129,2026-02-06,Completed,3.5,4.7
EMP02177,CRS0021,2025-02-17,Completed,2.4,38.5
EMP02177,CRS0028,2025-07-24,Completed,2.1,27.4
EMP02178,CRS0021,2025-07-17,Dropped,,30.2
EMP02178,CRS0088,2024-05-08,In Progress,,4.8
EMP02178,CRS0005,2024-02-09,Completed,2.7,9.0
EMP02178,CRS0095,2026-11-05,Completed,3.8,36.0
EMP02179,CRS0054,2024-07-06,Completed,4.7,20.2
EMP02179,CRS0094,2024-10-25,In Progress,,33.8
EMP02179,CRS0103,2025-06-06,In Progress,,23.7
EMP02180,CRS0114,2024-04-13,In Progress,,27.7
EMP02180,CRS0051,2026-03-22,Completed,4.3,3.5
EMP02180,CRS0002,2026-05-01,Dropped,,33.3
EMP02180,CRS0140,2026-11-13,Completed,2.8,35.2
EMP02180,CRS0122,2025-02-16,In Progress,,19.2
EMP02181,CRS0124,2024-03-07,In Progress,,8.0
EMP02181,CRS0128,2025-05-04,Completed,3.0,14.6
EMP02181,CRS0081,2026-06-20,Completed,2.6,3.2
EMP02182,CRS0056,2024-03-22,Completed,2.0,3.8
EMP02182,CRS0047,2025-05-12,Completed,4.3,9.7
EMP02183,CRS0109,2026-05-25,Completed,2.9,4.0
EMP02183,CRS0052,2025-05-10,Completed,2.1,16.9
EMP02183,CRS0006,2024-08-22,Completed,3.1,14.6
EMP02183,CRS0012,2024-03-17,Completed,4.1,39.3
EMP02183,CRS0097,2026-03-18,Completed,4.8,12.6
EMP02184,CRS0076,2026-11-17,Completed,4.5,33.0
EMP02184,CRS0085,2025-10-22,Completed,3.6,9.5
EMP02184,CRS0084,2024-01-11,Completed,2.1,4.0
EMP02184,CRS0011,2025-08-20,Completed,5.0,23.9
EMP02185,CRS0058,2026-07-10,In Progress,,36.3
EMP02185,CRS0111,2024-07-19,Completed,4.9,7.8
EMP02186,CRS0134,2024-05-17,Completed,3.4,32.9
EMP02186,CRS0044,2025-04-28,In Progress,,14.2
EMP02186,CRS0129,2026-04-24,Completed,2.4,32.6
EMP02186,CRS0111,2025-01-12,Completed,2.4,38.6
EMP02186,CRS0125,2025-09-03,In Progress,,19.4
EMP02187,CRS0118,2026-06-10,Dropped,,3.4
EMP02187,CRS0082,2025-08-08,Completed,3.1,8.8
EMP02187,CRS0136,2026-01-23,Completed,3.7,22.6
EMP02187,CRS0031,2024-03-28,Completed,4.4,32.7
EMP02188,CRS0127,2024-11-27,Completed,4.2,30.9
EMP02188,CRS0014,2024-06-24,Completed,4.0,24.7
EMP02188,CRS0114,2024-03-05,In Progress,,19.2
EMP02188,CRS0134,2024-02-15,Completed,4.1,17.3
EMP02188,CRS0099,2025-10-24,Dropped,,12.9
EMP02188,CRS0018,2024-03-02,In Progress,,21.8
EMP02189,CRS0021,2024-12-14,Completed,4.0,26.6
EMP02189,CRS0035,2025-12-23,Completed,3.6,31.3
EMP02189,CRS0070,2024-01-05,Completed,3.3,15.3
EMP02189,CRS0039,2026-12-19,In Progress,,29.2
EMP02189,CRS0054,2025-12-15,In Progress,,23.2
EMP02189,CRS0080,2026-10-24,Completed,3.2,10.9
EMP02190,CRS0040,2024-03-16,Completed,3.3,6.3
EMP02190,CRS0032,2024-07-19,Completed,4.7,32.5
EMP02191,CRS0123,2025-11-15,Completed,3.6,38.5
EMP02191,CRS0069,2025-02-12,In Progress,,33.7
EMP02191,CRS0062,2026-07-09,Dropped,,7.4
EMP02191,CRS0067,2024-02-19,Dropped,,25.1
EMP02192,CRS0030,2024-09-21,Completed,4.9,21.4
EMP02192,CRS0094,2024-11-26,Completed,3.6,13.4
EMP02192,CRS0022,2025-04-12,Completed,2.2,7.5
EMP02192,CRS0122,2024-10-15,Completed,3.8,29.5
EMP02193,CRS0003,2025-03-01,Completed,3.9,28.9
EMP02193,CRS0084,2026-08-26,Completed,4.6,34.2
EMP02193,CRS0106,2024-08-26,Completed,4.4,19.6
EMP02194,CRS0011,2024-12-25,In Progress,,2.8
EMP02194,CRS0100,2024-03-06,Completed,2.7,32.8
EMP02195,CRS0041,2026-08-24,In Progress,,10.5
EMP02195,CRS0064,2025-12-28,Dropped,,14.1
EMP02195,CRS0091,2025-12-10,Completed,2.1,7.2
EMP02196,CRS0045,2026-03-09,In Progress,,10.4
EMP02196,CRS0021,2024-04-20,Completed,4.7,36.9
EMP02197,CRS0037,2024-10-19,Completed,4.2,28.6
EMP02197,CRS0072,2024-10-28,Completed,2.2,19.4
EMP02197,CRS0138,2026-01-24,Completed,3.0,5.6
EMP02197,CRS0068,2026-02-14,Completed,3.9,4.3
EMP02197,CRS0056,2024-12-28,In Progress,,33.3
EMP02198,CRS0137,2024-12-20,Completed,2.6,34.4
EMP02198,CRS0093,2025-03-21,Completed,2.7,16.1
EMP02198,CRS0017,2024-06-06,Completed,3.8,2.3
EMP02198,CRS0094,2024-01-24,In Progress,,27.9
EMP02199,CRS0068,2024-11-06,Completed,3.4,24.4
EMP02199,CRS0135,2026-05-20,Completed,4.1,26.8
EMP02199,CRS0105,2026-07-07,In Progress,,38.1
EMP02199,CRS0032,2026-10-14,In Progress,,25.5
EMP02199,CRS0081,2025-10-24,Completed,2.3,29.0
EMP02200,CRS0050,2026-05-20,Completed,4.9,32.0
EMP02200,CRS0014,2026-02-17,Completed,2.4,23.4
EMP02200,CRS0009,2025-02-27,In Progress,,7.9
EMP02200,CRS0082,2026-02-16,Completed,3.2,39.2
EMP02200,CRS0080,2026-08-28,Completed,2.5,18.7
EMP02200,CRS0115,2024-09-13,Completed,2.7,25.4
EMP02201,CRS0005,2026-03-09,Completed,3.1,3.8
EMP02201,CRS0044,2026-01-24,In Progress,,13.2
EMP02201,CRS0034,2024-08-14,In Progress,,13.9
EMP02201,CRS0103,2024-08-16,Completed,4.0,20.5
EMP02201,CRS0059,2025-01-09,Completed,3.9,21.8
EMP02202,CRS0008,2025-12-10,Dropped,,18.1
EMP02202,CRS0070,2026-10-22,Completed,3.6,9.2
EMP02202,CRS0039,2024-03-13,Completed,2.0,28.5
EMP02202,CRS0012,2025-05-27,Completed,2.4,11.3
EMP02202,CRS0140,2024-11-21,Completed,3.5,32.8
EMP02203,CRS0011,2026-06-20,In Progress,,34.9
EMP02203,CRS0042,2024-05-01,In Progress,,8.6
EMP02203,CRS0038,2026-05-21,In Progress,,35.7
EMP02203,CRS0017,2024-09-08,Completed,3.9,13.2
EMP02204,CRS0021,2026-03-17,In Progress,,7.5
EMP02204,CRS0105,2024-10-04,Completed,2.9,35.8
EMP02204,CRS0036,2024-08-14,Dropped,,10.0
EMP02204,CRS0063,2026-03-26,In Progress,,34.7
EMP02205,CRS0027,2024-07-09,In Progress,,21.0
EMP02205,CRS0106,2026-06-26,Dropped,,36.4
EMP02206,CRS0017,2026-01-11,Completed,2.7,6.3
EMP02206,CRS0036,2026-08-13,Completed,2.7,34.3
EMP02206,CRS0130,2025-04-27,Completed,4.4,13.3
EMP02206,CRS0109,2026-02-18,Completed,3.5,10.8
EMP02207,CRS0087,2026-01-19,Completed,3.8,28.4
EMP02207,CRS0061,2026-11-08,Dropped,,32.7
EMP02207,CRS0120,2024-11-09,Dropped,,33.1
EMP02207,CRS0118,2024-12-11,In Progress,,30.1
EMP02207,CRS0093,2026-05-28,In Progress,,16.9
EMP02207,CRS0062,2024-03-11,Completed,2.7,21.7
EMP02208,CRS0128,2025-07-09,Dropped,,2.2
EMP02208,CRS0023,2026-07-26,In Progress,,23.0
EMP02208,CRS0046,2026-10-06,Completed,3.6,36.8
EMP02208,CRS0122,2025-02-05,Completed,4.8,15.6
EMP02209,CRS0014,2024-12-16,Completed,3.2,38.1
EMP02209,CRS0025,2025-06-10,Completed,4.1,37.2
EMP02209,CRS0027,2025-11-03,Completed,4.1,5.9
EMP02209,CRS0136,2024-12-18,In Progress,,8.7
EMP02209,CRS0053,2026-05-04,Completed,4.9,14.0
EMP02210,CRS0044,2026-01-03,In Progress,,4.4
EMP02210,CRS0040,2026-01-12,Completed,4.9,27.5
EMP02210,CRS0091,2024-11-18,Completed,2.9,13.7
EMP02211,CRS0108,2026-01-21,Dropped,,21.2
EMP02211,CRS0079,2026-12-13,In Progress,,6.1
EMP02212,CRS0085,2025-12-09,Completed,4.3,17.2
EMP02212,CRS0092,2024-05-16,Completed,3.2,33.9
EMP02212,CRS0026,2025-09-28,Completed,2.4,29.3
EMP02213,CRS0092,2025-01-01,Completed,2.1,28.1
EMP02213,CRS0128,2025-11-19,Dropped,,18.3
EMP02213,CRS0035,2026-02-19,Completed,3.4,20.8
EMP02213,CRS0039,2025-04-15,Completed,2.4,33.0
EMP02214,CRS0088,2026-10-07,In Progress,,5.9
EMP02214,CRS0089,2025-02-03,In Progress,,39.2
EMP02214,CRS0093,2024-03-20,Completed,4.4,9.7
EMP02214,CRS0114,2026-07-06,In Progress,,38.9
EMP02214,CRS0077,2024-09-16,In Progress,,23.8
EMP02215,CRS0052,2025-09-24,Completed,4.9,10.2
EMP02215,CRS0120,2024-09-19,Completed,4.6,19.9
EMP02215,CRS0088,2025-11-18,Dropped,,20.1
EMP02215,CRS0064,2026-05-12,Completed,3.9,4.0
EMP02215,CRS0117,2024-04-14,Completed,2.6,5.2
EMP02215,CRS0034,2026-06-02,Completed,3.2,8.9
EMP02216,CRS0103,2025-05-01,Dropped,,34.1
EMP02216,CRS0117,2024-04-16,In Progress,,16.1
EMP02216,CRS0040,2025-01-11,Completed,2.4,36.6
EMP02216,CRS0002,2025-09-28,Completed,4.2,12.5
EMP02216,CRS0102,2024-08-24,Completed,2.2,36.2
EMP02217,CRS0121,2025-05-05,Completed,4.5,21.7
EMP02217,CRS0061,2026-10-21,Completed,3.0,30.8
EMP02217,CRS0093,2024-08-23,Completed,3.9,12.8
EMP02218,CRS0065,2025-02-23,Completed,2.8,23.5
EMP02218,CRS0025,2024-11-21,Dropped,,14.8
EMP02218,CRS0109,2025-04-12,Completed,2.1,2.4
EMP02218,CRS0135,2025-12-25,In Progress,,10.7
EMP02218,CRS0125,2025-01-26,Completed,2.1,27.4
EMP02219,CRS0111,2025-11-07,Completed,2.1,32.7
EMP02219,CRS0007,2026-03-24,Completed,3.1,20.2
EMP02219,CRS0064,2024-01-20,Completed,2.4,6.6
EMP02219,CRS0068,2026-01-04,Dropped,,11.2
EMP02219,CRS0094,2026-08-28,In Progress,,34.9
EMP02220,CRS0049,2025-01-01,In Progress,,8.6
EMP02220,CRS0117,2025-11-28,Dropped,,38.8
EMP02220,CRS0077,2026-09-13,In Progress,,12.1
EMP02220,CRS0028,2025-03-25,Completed,3.6,26.1
EMP02221,CRS0099,2026-08-17,In Progress,,13.2
EMP02221,CRS0039,2024-09-05,Completed,4.0,3.2
EMP02222,CRS0050,2026-05-28,Completed,2.1,9.2
EMP02222,CRS0110,2025-02-12,Completed,2.7,8.6
EMP02222,CRS0090,2024-10-11,Completed,2.3,33.5
EMP02222,CRS0082,2024-04-20,In Progress,,17.6
EMP02223,CRS0074,2024-02-07,Completed,3.1,3.4
EMP02223,CRS0078,2025-02-09,Completed,2.6,26.8
EMP02224,CRS0064,2026-09-26,Completed,2.8,28.4
EMP02224,CRS0093,2026-12-15,In Progress,,35.7
EMP02224,CRS0075,2024-12-21,Completed,2.0,38.9
EMP02224,CRS0119,2025-08-07,Dropped,,31.6
EMP02224,CRS0103,2026-10-16,Completed,4.7,9.0
EMP02225,CRS0031,2024-08-06,In Progress,,13.5
EMP02225,CRS0123,2025-02-10,In Progress,,9.0
EMP02225,CRS0067,2024-02-18,Completed,4.4,21.3
EMP02225,CRS0052,2026-02-01,Completed,3.8,39.7
EMP02225,CRS0036,2025-04-28,Dropped,,4.1
EMP02226,CRS0011,2024-05-01,Completed,2.8,30.8
EMP02226,CRS0004,2025-11-01,In Progress,,24.8
EMP02226,CRS0027,2024-09-27,Completed,3.4,35.1
EMP02226,CRS0008,2024-04-09,Completed,4.4,24.6
EMP02226,CRS0115,2026-09-24,Completed,4.0,22.7
EMP02226,CRS0060,2025-11-25,Completed,2.1,11.5
EMP02227,CRS0073,2026-04-01,Completed,3.5,39.7
EMP02227,CRS0054,2025-04-17,Completed,3.9,6.0
EMP02227,CRS0121,2024-04-23,Completed,4.4,11.1
EMP02227,CRS0075,2026-04-18,In Progress,,4.6
EMP02227,CRS0047,2026-09-25,In Progress,,35.9
EMP02227,CRS0039,2024-06-14,Completed,3.2,38.7
EMP02228,CRS0017,2025-07-05,Completed,2.3,20.6
EMP02228,CRS0074,2025-06-07,Completed,3.7,7.7
EMP02229,CRS0137,2026-01-10,Completed,2.9,32.0
EMP02229,CRS0066,2025-08-04,Completed,2.6,16.9
EMP02230,CRS0135,2026-07-12,Completed,4.9,30.0
EMP02230,CRS0015,2024-03-07,Completed,3.2,37.2
EMP02230,CRS0028,2025-01-16,Completed,4.2,31.7
EMP02230,CRS0121,2024-12-01,Completed,4.5,34.5
EMP02230,CRS0118,2024-04-15,Completed,2.7,30.2
EMP02231,CRS0130,2026-11-16,In Progress,,35.9
EMP02231,CRS0060,2024-10-04,In Progress,,23.8
EMP02232,CRS0140,2026-09-25,Completed,3.6,16.1
EMP02232,CRS0011,2026-10-03,Dropped,,25.2
EMP02233,CRS0045,2025-01-08,Dropped,,39.9
EMP02233,CRS0132,2025-08-27,Dropped,,35.1
EMP02233,CRS0039,2024-12-13,Completed,2.4,12.4
EMP02233,CRS0031,2026-07-01,Completed,4.0,4.0
EMP02233,CRS0119,2026-10-01,Completed,2.7,39.3
EMP02233,CRS0112,2025-02-28,Dropped,,21.0
EMP02234,CRS0066,2024-04-10,In Progress,,18.4
EMP02234,CRS0006,2024-09-05,Dropped,,19.7
EMP02235,CRS0049,2024-11-15,Completed,2.4,38.9
EMP02235,CRS0124,2026-10-24,Completed,3.3,5.6
EMP02235,CRS0077,2026-11-11,Completed,4.2,30.2
EMP02235,CRS0105,2025-10-15,Completed,2.0,16.9
EMP02235,CRS0073,2025-08-11,Completed,2.2,24.3
EMP02236,CRS0027,2024-05-06,Completed,2.9,28.3
EMP02236,CRS0118,2025-08-07,Completed,3.4,34.2
EMP02237,CRS0028,2024-08-20,Completed,3.2,2.1
EMP02237,CRS0013,2025-05-02,Completed,2.4,17.8
EMP02238,CRS0132,2024-01-08,Completed,2.6,23.3
EMP02238,CRS0094,2026-04-04,Completed,3.9,10.0
EMP02238,CRS0103,2024-07-12,Completed,2.9,6.9
EMP02238,CRS0022,2024-06-24,Dropped,,21.0
EMP02238,CRS0002,2026-02-07,In Progress,,20.1
EMP02238,CRS0059,2026-11-20,Completed,4.0,27.3
EMP02239,CRS0064,2025-11-18,Completed,4.7,25.5
EMP02239,CRS0114,2026-03-20,Completed,3.6,20.7
EMP02239,CRS0038,2025-12-17,Completed,2.7,5.5
EMP02239,CRS0139,2026-05-26,In Progress,,14.5
EMP02240,CRS0072,2024-02-23,In Progress,,6.5
EMP02240,CRS0048,2026-12-26,Completed,4.9,9.0
EMP02240,CRS0024,2025-01-21,Completed,2.3,15.3
EMP02241,CRS0073,2026-05-07,Completed,3.0,28.7
EMP02241,CRS0064,2024-12-20,Completed,4.1,13.1
EMP02241,CRS0054,2026-11-04,Completed,2.2,19.7
EMP02241,CRS0046,2024-09-19,In Progress,,14.6
EMP02242,CRS0070,2025-10-08,Completed,4.8,39.2
EMP02242,CRS0014,2024-09-12,Completed,4.2,3.7
EMP02242,CRS0139,2026-04-12,Completed,4.4,10.3
EMP02242,CRS0022,2024-06-10,Completed,4.7,24.5
EMP02242,CRS0104,2026-05-14,In Progress,,2.2
EMP02242,CRS0119,2024-08-18,Completed,2.8,14.1
EMP02243,CRS0031,2024-01-01,Completed,2.3,14.4
EMP02243,CRS0134,2024-03-21,Completed,2.9,24.5
EMP02244,CRS0043,2025-08-14,Completed,2.3,18.7
EMP02244,CRS0097,2024-08-17,Dropped,,37.2
EMP02244,CRS0039,2025-10-23,In Progress,,14.0
EMP02244,CRS0059,2025-06-06,Completed,3.9,13.7
EMP02244,CRS0100,2024-12-23,Completed,4.3,31.7
EMP02244,CRS0029,2024-03-19,Completed,4.6,6.0
EMP02245,CRS0013,2025-10-08,In Progress,,28.8
EMP02245,CRS0027,2026-03-05,Completed,3.9,15.5
EMP02246,CRS0043,2024-01-18,In Progress,,16.1
EMP02246,CRS0022,2026-10-11,Completed,4.5,28.6
EMP02247,CRS0100,2026-04-11,In Progress,,24.8
EMP02247,CRS0105,2024-01-18,Completed,2.3,12.3
EMP02248,CRS0078,2026-07-01,Completed,3.9,39.2
EMP02248,CRS0090,2025-12-10,Completed,3.8,32.7
EMP02249,CRS0126,2025-10-20,Completed,4.2,8.6
EMP02249,CRS0005,2025-07-08,Completed,3.8,22.7
EMP02249,CRS0124,2025-10-10,Completed,3.1,3.8
EMP02249,CRS0065,2025-01-24,Completed,3.3,27.8
EMP02250,CRS0090,2025-04-25,Dropped,,15.2
EMP02250,CRS0033,2026-12-14,In Progress,,13.3
EMP02251,CRS0135,2025-11-19,Completed,3.2,31.5
EMP02251,CRS0086,2024-09-21,Completed,4.7,27.9
EMP02251,CRS0057,2024-11-10,In Progress,,11.3
EMP02251,CRS0007,2024-06-01,In Progress,,9.9
EMP02251,CRS0071,2025-02-28,Dropped,,37.3
EMP02252,CRS0033,2024-07-05,Completed,3.5,26.7
EMP02252,CRS0119,2024-01-11,Completed,4.3,22.1
EMP02253,CRS0106,2026-08-25,In Progress,,26.5
EMP02253,CRS0002,2026-09-05,Completed,3.1,17.0
EMP02253,CRS0086,2026-08-21,Completed,3.8,8.0
EMP02253,CRS0050,2026-07-26,Completed,4.4,25.6
EMP02253,CRS0038,2024-01-05,Completed,2.7,23.4
EMP02254,CRS0140,2026-10-19,In Progress,,3.2
EMP02254,CRS0128,2024-01-24,Completed,3.3,26.5
EMP02255,CRS0017,2024-06-17,Completed,3.7,34.6
EMP02255,CRS0006,2026-07-12,Completed,2.4,2.7
EMP02255,CRS0137,2026-07-02,Completed,2.2,20.9
EMP02256,CRS0091,2026-11-21,Completed,3.5,5.5
EMP02256,CRS0105,2025-03-28,Completed,3.8,28.0
EMP02256,CRS0060,2025-08-25,Completed,2.5,21.0
EMP02257,CRS0122,2025-02-20,Completed,4.3,8.8
EMP02257,CRS0069,2024-07-11,Completed,3.3,17.5
EMP02257,CRS0066,2026-10-25,Completed,3.5,31.2
EMP02257,CRS0001,2025-02-27,Completed,2.4,8.8
EMP02257,CRS0134,2026-08-17,Dropped,,29.9
EMP02258,CRS0130,2025-10-17,Completed,3.5,24.6
EMP02258,CRS0012,2025-02-20,Completed,3.3,7.9
EMP02258,CRS0068,2025-02-16,Completed,4.8,25.8
EMP02258,CRS0044,2024-09-19,Completed,3.2,16.5
EMP02258,CRS0135,2025-06-28,Completed,3.5,32.1
EMP02259,CRS0017,2024-01-20,Completed,3.5,4.5
EMP02259,CRS0068,2024-03-04,Dropped,,38.8
EMP02259,CRS0111,2026-06-22,Completed,4.6,11.0
EMP02259,CRS0093,2025-06-09,Completed,3.0,21.4
EMP02260,CRS0054,2025-02-17,Completed,2.3,12.8
EMP02260,CRS0060,2025-12-11,In Progress,,18.2
EMP02260,CRS0129,2025-02-27,In Progress,,16.4
EMP02260,CRS0012,2025-12-05,In Progress,,19.2
EMP02260,CRS0109,2025-12-12,Completed,4.4,3.7
EMP02260,CRS0128,2026-10-08,Completed,2.3,32.2
EMP02261,CRS0121,2024-09-28,Dropped,,13.3
EMP02261,CRS0067,2025-01-07,Completed,2.2,30.1
EMP02261,CRS0094,2026-10-17,Completed,3.5,31.6
EMP02261,CRS0011,2025-09-13,Completed,4.3,10.8
EMP02262,CRS0083,2024-05-27,Completed,3.5,20.0
EMP02262,CRS0110,2026-12-08,Completed,3.9,23.1
EMP02263,CRS0068,2024-01-25,Completed,2.1,34.9
EMP02263,CRS0019,2024-09-05,In Progress,,12.6
EMP02263,CRS0052,2025-12-02,Dropped,,26.0
EMP02263,CRS0122,2026-12-03,In Progress,,22.0
EMP02263,CRS0005,2026-07-16,Completed,3.3,17.9
EMP02263,CRS0114,2025-03-01,Completed,4.8,35.4
EMP02264,CRS0009,2024-09-21,In Progress,,38.4
EMP02264,CRS0016,2024-01-04,Completed,4.8,28.2
EMP02264,CRS0137,2026-09-16,Completed,3.8,32.1
EMP02264,CRS0010,2026-01-19,In Progress,,30.5
EMP02265,CRS0079,2025-04-23,Completed,4.9,30.0
EMP02265,CRS0042,2026-11-09,Completed,3.2,14.9
EMP02266,CRS0123,2026-03-05,In Progress,,26.5
EMP02266,CRS0076,2026-06-26,Completed,2.2,10.7
EMP02267,CRS0007,2024-06-19,Dropped,,38.2
EMP02267,CRS0121,2026-09-26,Completed,3.1,37.3
EMP02267,CRS0106,2025-01-04,In Progress,,9.7
EMP02268,CRS0117,2024-02-10,Completed,3.3,35.6
EMP02268,CRS0123,2026-05-22,In Progress,,29.6
EMP02268,CRS0079,2026-05-16,In Progress,,33.2
EMP02268,CRS0080,2026-12-08,Completed,3.3,30.6
EMP02269,CRS0026,2026-02-25,In Progress,,26.2
EMP02269,CRS0127,2026-01-03,Completed,2.4,15.9
EMP02269,CRS0083,2024-05-22,Completed,3.0,19.3
EMP02269,CRS0097,2026-04-15,Completed,2.3,39.2
EMP02269,CRS0044,2024-09-21,Completed,4.8,5.9
EMP02270,CRS0020,2024-07-01,Completed,3.0,19.0
EMP02270,CRS0059,2026-12-24,Completed,2.3,25.2
EMP02270,CRS0031,2025-12-08,Completed,3.7,37.9
EMP02270,CRS0134,2025-01-20,Completed,2.4,15.7
EMP02270,CRS0133,2025-10-27,Completed,2.1,28.9
EMP02271,CRS0083,2024-02-21,Completed,2.5,27.2
EMP02271,CRS0072,2026-12-24,Completed,2.9,32.8
EMP02271,CRS0071,2026-12-23,Completed,5.0,21.2
EMP02271,CRS0001,2025-02-18,Completed,3.4,27.0
EMP02271,CRS0004,2026-11-19,Dropped,,10.7
EMP02271,CRS0082,2024-01-06,Completed,2.9,24.3
EMP02272,CRS0058,2025-01-15,Completed,2.8,25.5
EMP02272,CRS0140,2026-09-28,Completed,3.0,15.7
EMP02272,CRS0107,2024-10-04,Completed,2.7,29.6
EMP02272,CRS0074,2026-06-16,Completed,4.3,39.2
EMP02272,CRS0057,2024-09-05,Dropped,,13.6
EMP02273,CRS0128,2025-09-02,Completed,5.0,37.3
EMP02273,CRS0136,2025-02-23,Completed,3.7,4.6
EMP02273,CRS0039,2024-10-27,Completed,2.9,24.1
EMP02273,CRS0041,2025-12-22,Completed,2.6,25.8
EMP02273,CRS0113,2024-07-26,Completed,3.1,20.4
EMP02274,CRS0097,2026-10-18,Completed,4.1,12.9
EMP02274,CRS0039,2025-08-12,Completed,4.5,11.8
EMP02274,CRS0135,2025-09-17,Completed,3.4,36.0
EMP02275,CRS0094,2024-02-11,In Progress,,13.5
EMP02275,CRS0013,2026-12-15,Completed,3.4,4.8
EMP02276,CRS0005,2024-06-22,Completed,2.6,36.2
EMP02276,CRS0010,2024-08-21,Completed,4.0,14.3
EMP02277,CRS0136,2026-08-25,Completed,3.9,32.3
EMP02277,CRS0101,2024-07-25,In Progress,,39.6
EMP02277,CRS0057,2024-03-20,Dropped,,29.3
EMP02278,CRS0078,2025-12-06,Completed,4.3,25.9
EMP02278,CRS0095,2024-09-19,In Progress,,19.8
EMP02278,CRS0092,2024-02-16,Completed,3.5,20.8
EMP02278,CRS0140,2024-07-01,In Progress,,28.0
EMP02278,CRS0048,2026-05-25,Completed,3.1,34.3
EMP02278,CRS0130,2024-02-15,Completed,3.5,12.9
EMP02279,CRS0051,2026-09-01,Completed,4.6,12.6
EMP02279,CRS0035,2024-06-27,Completed,2.5,19.3
EMP02279,CRS0034,2024-09-16,Completed,3.1,23.7
EMP02280,CRS0063,2024-05-02,Dropped,,14.6
EMP02280,CRS0075,2025-01-18,In Progress,,33.6
EMP02280,CRS0036,2025-06-02,Completed,4.1,38.2
EMP02280,CRS0014,2025-01-20,Completed,4.5,32.8
EMP02281,CRS0099,2026-03-14,In Progress,,28.1
EMP02281,CRS0045,2025-02-17,Completed,3.1,15.9
EMP02281,CRS0088,2026-03-22,Dropped,,26.7
EMP02282,CRS0116,2026-10-26,Completed,4.0,10.2
EMP02282,CRS0009,2026-09-23,Completed,2.5,10.2
EMP02282,CRS0015,2026-11-10,Completed,4.1,39.2
EMP02282,CRS0037,2024-08-14,Completed,4.8,38.2
EMP02282,CRS0018,2025-09-14,In Progress,,27.1
EMP02282,CRS0056,2025-05-10,Completed,4.8,37.3
EMP02283,CRS0001,2025-11-19,Completed,2.3,37.7
EMP02283,CRS0117,2024-03-18,Completed,4.2,36.5
EMP02283,CRS0010,2026-12-14,Completed,3.5,6.4
EMP02284,CRS0089,2026-03-13,Completed,5.0,35.4
EMP02284,CRS0069,2025-05-17,Dropped,,15.4
EMP02285,CRS0072,2025-08-11,In Progress,,15.0
EMP02285,CRS0102,2024-05-05,In Progress,,23.6
EMP02285,CRS0103,2026-01-18,Completed,3.5,26.1
EMP02285,CRS0127,2025-05-26,Completed,4.3,4.4
EMP02285,CRS0079,2025-12-01,Completed,2.8,28.3
EMP02285,CRS0099,2025-04-09,In Progress,,18.1
EMP02286,CRS0088,2026-01-21,Dropped,,30.9
EMP02286,CRS0077,2026-08-21,Completed,2.5,2.1
EMP02286,CRS0040,2025-09-01,In Progress,,30.4
EMP02287,CRS0117,2024-01-04,Dropped,,30.8
EMP02287,CRS0109,2024-02-02,Completed,3.8,17.0
EMP02287,CRS0116,2025-04-02,In Progress,,24.8
EMP02287,CRS0051,2025-12-27,Completed,3.6,37.9
EMP02288,CRS0063,2026-02-22,In Progress,,36.5
EMP02288,CRS0094,2026-09-06,Completed,2.2,21.8
EMP02288,CRS0020,2025-02-22,Completed,3.7,32.1
EMP02288,CRS0091,2026-04-09,Completed,2.1,27.4
EMP02289,CRS0109,2025-09-22,In Progress,,37.8
EMP02289,CRS0113,2024-08-23,Completed,2.3,29.8
EMP02289,CRS0061,2024-02-12,Completed,2.0,5.0
EMP02289,CRS0013,2026-02-24,Completed,4.7,17.8
EMP02289,CRS0130,2026-05-18,In Progress,,3.0
EMP02290,CRS0088,2024-05-01,In Progress,,21.7
EMP02290,CRS0117,2026-07-09,Completed,2.9,17.4
EMP02290,CRS0050,2026-02-01,Completed,3.3,33.5
EMP02290,CRS0058,2025-11-26,Completed,3.0,36.9
EMP02291,CRS0117,2026-02-25,In Progress,,12.4
EMP02291,CRS0052,2025-06-01,In Progress,,9.2
EMP02292,CRS0049,2026-10-16,Completed,4.1,27.3
EMP02292,CRS0019,2024-07-13,Completed,3.4,18.8
EMP02292,CRS0001,2024-07-06,Dropped,,4.2
EMP02292,CRS0106,2025-05-15,Completed,3.0,38.4
EMP02292,CRS0027,2026-11-01,Completed,3.4,22.3
EMP02292,CRS0124,2025-03-11,Completed,3.8,37.5
EMP02293,CRS0090,2024-02-10,In Progress,,27.5
EMP02293,CRS0110,2024-08-01,Completed,2.4,27.6
EMP02293,CRS0028,2025-12-13,In Progress,,11.1
EMP02293,CRS0101,2026-11-26,Completed,4.1,17.1
EMP02293,CRS0137,2024-04-22,Completed,4.9,32.9
EMP02293,CRS0052,2025-04-11,In Progress,,33.0
EMP02294,CRS0121,2025-05-18,Completed,3.3,27.0
EMP02294,CRS0124,2026-09-07,Completed,4.1,10.2
EMP02294,CRS0015,2025-10-04,Completed,4.2,30.7
EMP02294,CRS0031,2025-07-11,Dropped,,29.0
EMP02295,CRS0021,2026-04-04,In Progress,,10.6
EMP02295,CRS0073,2026-10-04,Completed,3.9,40.0
EMP02295,CRS0078,2025-05-05,In Progress,,33.3
EMP02295,CRS0067,2026-02-12,Dropped,,14.5
EMP02295,CRS0091,2025-06-22,In Progress,,16.4
EMP02295,CRS0005,2025-12-06,Completed,4.4,37.9
EMP02296,CRS0067,2026-05-06,Completed,4.4,9.6
EMP02296,CRS0030,2024-05-17,Completed,3.6,14.2
EMP02297,CRS0016,2025-03-09,Completed,3.6,20.8
EMP02297,CRS0003,2024-11-02,Completed,5.0,23.3
EMP02297,CRS0100,2024-09-11,Completed,3.7,19.8
EMP02297,CRS0006,2025-08-01,Completed,4.7,33.9
EMP02297,CRS0102,2025-11-16,In Progress,,29.1
EMP02297,CRS0127,2024-06-15,Completed,3.6,15.4
EMP02298,CRS0060,2025-09-25,In Progress,,10.6
EMP02298,CRS0032,2024-09-28,Completed,3.8,10.4
EMP02298,CRS0123,2024-03-26,Completed,3.8,17.5
EMP02298,CRS0085,2025-10-03,Completed,4.0,38.8
EMP02298,CRS0062,2024-01-02,Completed,3.3,20.1
EMP02299,CRS0008,2025-09-19,Completed,2.2,23.0
EMP02299,CRS0095,2025-09-05,Dropped,,20.4
EMP02299,CRS0098,2025-11-18,In Progress,,22.8
EMP02300,CRS0050,2026-10-01,In Progress,,26.9
EMP02300,CRS0025,2024-06-23,In Progress,,6.9
EMP02300,CRS0140,2024-09-07,Completed,4.4,37.1
EMP02301,CRS0026,2024-02-28,Completed,2.9,10.9
EMP02301,CRS0097,2025-09-27,Completed,3.5,6.9
EMP02301,CRS0048,2025-03-18,Completed,2.3,9.2
EMP02301,CRS0037,2025-11-02,Completed,4.4,33.5
EMP02301,CRS0129,2025-08-04,Completed,3.6,35.5
EMP02302,CRS0107,2025-10-17,Completed,4.5,36.2
EMP02302,CRS0090,2025-12-27,Completed,2.6,26.4
EMP02302,CRS0041,2026-10-25,In Progress,,23.4
EMP02302,CRS0111,2026-02-07,Completed,3.2,23.9
EMP02302,CRS0062,2026-04-24,Completed,2.8,33.8
EMP02302,CRS0003,2025-11-26,Completed,4.1,27.0
EMP02303,CRS0125,2026-05-16,Completed,4.1,2.4
EMP02303,CRS0055,2024-01-04,In Progress,,28.1
EMP02303,CRS0087,2025-05-17,Completed,2.8,27.6
EMP02303,CRS0012,2024-09-07,Dropped,,8.7
EMP02303,CRS0137,2024-01-16,Completed,2.6,17.9
EMP02304,CRS0005,2026-03-15,Completed,3.5,29.8
EMP02304,CRS0028,2026-06-18,Completed,4.6,3.9
EMP02305,CRS0007,2025-11-18,Completed,4.7,19.6
EMP02305,CRS0027,2025-03-05,Dropped,,24.5
EMP02306,CRS0105,2025-05-08,Dropped,,20.3
EMP02306,CRS0138,2025-03-08,Completed,3.8,4.4
EMP02307,CRS0134,2024-02-13,Dropped,,23.7
EMP02307,CRS0047,2024-06-03,In Progress,,17.2
EMP02307,CRS0016,2024-04-22,Completed,3.5,38.7
EMP02307,CRS0035,2026-07-10,Completed,5.0,18.4
EMP02308,CRS0135,2026-12-02,Completed,3.1,12.1
EMP02308,CRS0075,2025-12-05,In Progress,,33.7
EMP02308,CRS0111,2026-07-02,Completed,4.9,15.3
EMP02308,CRS0086,2026-09-11,Completed,3.4,33.7
EMP02308,CRS0002,2026-10-21,Completed,4.0,39.9
EMP02309,CRS0060,2026-08-13,Dropped,,26.1
EMP02309,CRS0034,2024-10-19,Completed,4.9,10.3
EMP02309,CRS0045,2024-07-08,In Progress,,4.6
EMP02309,CRS0032,2026-04-27,Dropped,,18.6
EMP02309,CRS0067,2026-01-13,Completed,4.5,29.8
EMP02310,CRS0130,2026-02-18,In Progress,,29.7
EMP02310,CRS0122,2025-11-19,Completed,4.0,17.6
EMP02311,CRS0052,2024-08-26,Completed,4.3,8.3
EMP02311,CRS0069,2025-09-10,Completed,2.1,26.3
EMP02311,CRS0023,2026-02-07,Completed,3.4,31.0
EMP02311,CRS0015,2025-09-14,Completed,3.0,39.9
EMP02311,CRS0085,2024-05-27,In Progress,,30.4
EMP02311,CRS0088,2024-07-03,Completed,2.8,22.2
EMP02312,CRS0081,2024-03-12,In Progress,,38.7
EMP02312,CRS0003,2026-02-28,Completed,3.6,37.3
EMP02312,CRS0129,2025-04-08,Dropped,,3.7
EMP02312,CRS0132,2024-01-06,Completed,2.2,35.0
EMP02312,CRS0123,2024-07-01,Completed,2.2,23.4
EMP02313,CRS0036,2026-08-06,In Progress,,24.7
EMP02313,CRS0039,2024-10-07,Dropped,,11.3
EMP02313,CRS0136,2024-01-05,Dropped,,10.4
EMP02313,CRS0049,2026-06-06,In Progress,,8.5
EMP02313,CRS0118,2024-03-09,Completed,2.8,3.6
EMP02313,CRS0001,2025-01-01,Completed,4.9,30.2
EMP02314,CRS0069,2024-10-01,Completed,3.3,3.0
EMP02314,CRS0132,2025-10-23,In Progress,,8.6
EMP02314,CRS0129,2025-06-02,Completed,2.1,32.0
EMP02314,CRS0041,2024-11-06,In Progress,,23.2
EMP02314,CRS0065,2026-10-05,In Progress,,31.1
EMP02315,CRS0043,2025-06-08,Completed,2.6,36.2
EMP02315,CRS0126,2025-09-09,Completed,2.2,30.4
EMP02315,CRS0042,2026-06-14,In Progress,,3.4
EMP02315,CRS0085,2025-10-08,Completed,2.4,2.4
EMP02315,CRS0055,2026-03-15,Completed,5.0,21.7
EMP02316,CRS0013,2025-02-07,Completed,4.0,30.2
EMP02316,CRS0100,2025-07-03,In Progress,,7.2
EMP02316,CRS0081,2024-11-25,Completed,4.5,8.9
EMP02316,CRS0078,2026-11-15,In Progress,,23.0
EMP02316,CRS0087,2026-05-20,Completed,4.2,39.0
EMP02316,CRS0116,2025-03-09,Completed,2.4,2.6
EMP02317,CRS0016,2026-10-01,Completed,3.5,21.7
EMP02317,CRS0091,2024-02-21,Completed,4.3,29.5
EMP02317,CRS0043,2026-07-08,In Progress,,31.3
EMP02318,CRS0087,2025-08-18,Completed,2.5,28.9
EMP02318,CRS0075,2026-06-04,Dropped,,32.2
EMP02318,CRS0011,2025-08-01,Completed,4.2,35.1
EMP02318,CRS0007,2026-01-25,In Progress,,20.4
EMP02318,CRS0044,2024-01-02,In Progress,,10.8
EMP02318,CRS0036,2024-02-02,Completed,2.1,24.3
EMP02319,CRS0013,2026-08-17,In Progress,,22.7
EMP02319,CRS0045,2025-09-19,Completed,2.3,13.0
EMP02319,CRS0044,2025-01-26,In Progress,,18.2
EMP02319,CRS0029,2026-05-28,Completed,4.4,17.0
EMP02319,CRS0001,2025-06-08,Completed,3.1,27.7
EMP02319,CRS0051,2026-02-11,Completed,2.1,20.2
EMP02320,CRS0041,2026-04-16,Completed,2.6,7.3
EMP02320,CRS0045,2025-06-10,Completed,3.1,22.1
EMP02320,CRS0014,2025-03-10,Completed,3.8,10.1
EMP02320,CRS0093,2024-05-16,Dropped,,16.9
EMP02321,CRS0066,2024-01-04,Completed,4.7,33.8
EMP02321,CRS0131,2024-01-03,In Progress,,10.5
EMP02321,CRS0069,2024-12-14,Completed,2.2,18.8
EMP02322,CRS0012,2026-04-12,Completed,4.8,36.4
EMP02322,CRS0066,2025-03-07,Completed,4.1,2.5
EMP02322,CRS0063,2025-02-18,Completed,3.0,12.8
EMP02322,CRS0003,2024-04-27,In Progress,,39.0
EMP02322,CRS0042,2026-02-12,Completed,2.5,22.6
EMP02323,CRS0072,2026-10-01,In Progress,,11.2
EMP02323,CRS0114,2026-11-19,Completed,3.4,36.6
EMP02324,CRS0028,2026-02-14,Completed,2.9,33.7
EMP02324,CRS0089,2026-04-28,Completed,3.7,16.7
EMP02324,CRS0086,2026-02-19,Completed,2.8,26.0
EMP02324,CRS0127,2024-12-25,Completed,5.0,27.5
EMP02324,CRS0039,2025-05-09,Completed,3.7,7.8
EMP02324,CRS0124,2025-12-11,In Progress,,30.0
EMP02325,CRS0099,2025-12-28,Completed,3.3,2.4
EMP02325,CRS0061,2025-02-27,Dropped,,18.3
EMP02325,CRS0036,2025-08-14,Completed,4.8,31.5
EMP02325,CRS0023,2025-10-17,Dropped,,26.3
EMP02326,CRS0135,2024-12-20,Dropped,,10.3
EMP02326,CRS0099,2026-06-27,Completed,3.7,25.0
EMP02326,CRS0041,2026-09-02,In Progress,,7.9
EMP02326,CRS0134,2025-03-12,Completed,4.0,28.3
EMP02326,CRS0106,2026-01-28,Dropped,,14.2
EMP02326,CRS0128,2026-12-11,Completed,2.3,14.4
EMP02327,CRS0017,2026-09-11,Completed,4.5,4.5
EMP02327,CRS0050,2024-08-09,In Progress,,39.1
EMP02327,CRS0019,2024-11-14,Completed,4.4,4.4
EMP02328,CRS0021,2026-06-10,Completed,3.1,8.9
EMP02328,CRS0115,2026-07-01,Completed,4.8,27.0
EMP02328,CRS0064,2026-05-13,In Progress,,23.7
EMP02329,CRS0031,2025-11-11,Completed,2.3,2.7
EMP02329,CRS0109,2026-09-13,Dropped,,15.5
EMP02330,CRS0085,2024-02-02,Dropped,,15.7
EMP02330,CRS0011,2026-01-28,In Progress,,30.5
EMP02331,CRS0004,2025-08-18,Completed,3.4,4.3
EMP02331,CRS0103,2025-02-07,Completed,4.9,11.4
EMP02331,CRS0030,2026-05-21,In Progress,,5.4
EMP02332,CRS0117,2025-01-14,Completed,3.3,16.6
EMP02332,CRS0020,2026-09-18,Completed,3.7,30.4
EMP02332,CRS0012,2026-06-14,Completed,3.1,12.4
EMP02333,CRS0101,2026-10-19,Dropped,,26.7
EMP02333,CRS0087,2025-03-16,In Progress,,14.6
EMP02334,CRS0016,2024-11-22,In Progress,,6.0
EMP02334,CRS0008,2025-04-25,In Progress,,16.9
EMP02334,CRS0027,2024-04-01,Completed,2.5,2.6
EMP02334,CRS0097,2024-01-17,Completed,4.0,31.5
EMP02335,CRS0052,2026-09-24,In Progress,,25.5
EMP02335,CRS0081,2024-02-03,Completed,4.7,29.7
EMP02335,CRS0001,2025-08-14,Completed,3.2,28.2
EMP02336,CRS0066,2025-01-13,In Progress,,32.1
EMP02336,CRS0068,2026-10-10,Completed,2.4,6.2
EMP02336,CRS0071,2024-03-01,Completed,4.3,29.9
EMP02336,CRS0017,2026-01-06,Completed,4.2,10.0
EMP02336,CRS0039,2025-10-10,Completed,2.3,13.8
EMP02336,CRS0029,2026-12-18,In Progress,,21.3
EMP02337,CRS0029,2024-02-06,Completed,3.0,20.7
EMP02337,CRS0037,2024-12-07,In Progress,,27.6
EMP02338,CRS0002,2026-02-15,Completed,4.7,28.5
EMP02338,CRS0037,2026-12-11,Completed,2.7,9.1
EMP02338,CRS0082,2024-10-07,In Progress,,35.6
EMP02338,CRS0107,2026-09-14,Completed,4.7,29.2
EMP02338,CRS0126,2024-07-26,Completed,2.8,4.1
EMP02339,CRS0096,2024-09-22,In Progress,,25.1
EMP02339,CRS0102,2025-07-03,Completed,3.9,17.8
EMP02339,CRS0051,2024-05-28,Completed,2.5,7.0
EMP02339,CRS0006,2024-12-09,Dropped,,10.9
EMP02339,CRS0007,2026-01-12,Completed,2.9,20.4
EMP02340,CRS0050,2024-07-04,Completed,2.3,23.6
EMP02340,CRS0092,2025-03-11,Completed,2.3,7.7
EMP02341,CRS0024,2025-02-27,Completed,4.2,17.9
EMP02341,CRS0102,2026-10-01,Completed,3.4,20.0
EMP02341,CRS0045,2026-05-22,Completed,3.1,2.4
EMP02341,CRS0062,2025-05-14,Completed,2.3,10.2
EMP02341,CRS0035,2025-10-17,Completed,2.6,36.8
EMP02342,CRS0013,2026-09-23,Completed,5.0,19.8
EMP02342,CRS0122,2024-11-06,Completed,4.9,35.9
EMP02342,CRS0104,2024-10-02,Completed,4.6,23.5
EMP02343,CRS0044,2025-12-11,Completed,2.1,9.6
EMP02343,CRS0078,2024-03-18,In Progress,,35.8
EMP02343,CRS0037,2026-05-17,Completed,4.2,10.3
EMP02343,CRS0007,2024-02-07,Completed,4.8,23.3
EMP02343,CRS0095,2025-10-10,Dropped,,32.4
EMP02344,CRS0067,2026-03-15,Completed,4.2,33.1
EMP02344,CRS0034,2025-06-15,Completed,4.3,23.2
EMP02344,CRS0031,2024-10-14,In Progress,,24.2
EMP02344,CRS0071,2025-08-21,Completed,4.6,28.6
EMP02344,CRS0046,2024-02-16,Dropped,,20.3
EMP02345,CRS0094,2024-11-20,Completed,4.4,31.2
EMP02345,CRS0015,2026-10-12,Completed,4.5,16.9
EMP02345,CRS0091,2024-10-15,Completed,2.2,40.0
EMP02345,CRS0058,2024-04-19,Dropped,,4.3
EMP02345,CRS0012,2024-01-25,Dropped,,10.3
EMP02346,CRS0002,2026-10-17,In Progress,,34.0
EMP02346,CRS0052,2025-12-13,In Progress,,23.9
EMP02346,CRS0054,2026-12-13,Completed,4.6,16.3
EMP02346,CRS0023,2024-01-19,Completed,2.2,22.8
EMP02346,CRS0134,2024-11-06,Completed,4.1,35.8
EMP02346,CRS0107,2026-06-04,In Progress,,21.7
EMP02347,CRS0017,2024-08-22,In Progress,,22.0
EMP02347,CRS0126,2026-08-11,In Progress,,19.3
EMP02347,CRS0053,2026-12-12,Completed,4.3,2.7
EMP02347,CRS0072,2026-07-18,Dropped,,17.0
EMP02348,CRS0076,2024-12-02,Completed,4.1,36.6
EMP02348,CRS0126,2026-09-12,Completed,4.9,9.2
EMP02349,CRS0114,2024-12-11,Completed,2.2,39.0
EMP02349,CRS0139,2025-02-27,Completed,2.9,16.3
EMP02349,CRS0118,2025-11-19,Completed,4.0,24.0
EMP02349,CRS0019,2026-05-17,Completed,3.5,7.3
EMP02349,CRS0024,2024-10-22,Completed,4.0,29.8
EMP02349,CRS0064,2024-11-22,Completed,4.6,12.6
EMP02350,CRS0090,2024-05-24,Completed,2.1,7.1
EMP02350,CRS0075,2024-12-14,Dropped,,11.2
EMP02351,CRS0090,2025-01-05,Completed,4.7,38.6
EMP02351,CRS0030,2025-09-21,Completed,4.5,18.5
EMP02351,CRS0066,2024-01-08,Completed,2.6,8.0
EMP02351,CRS0007,2026-10-09,In Progress,,22.5
EMP02351,CRS0051,2025-02-11,Completed,3.7,33.8
EMP02352,CRS0027,2024-09-03,Completed,2.4,36.7
EMP02352,CRS0136,2026-07-01,In Progress,,19.6
EMP02352,CRS0050,2024-03-09,Dropped,,20.3
EMP02353,CRS0013,2026-11-27,Completed,3.2,28.1
EMP02353,CRS0080,2026-10-20,Completed,3.4,20.4
EMP02353,CRS0067,2025-11-02,Completed,2.9,28.3
EMP02354,CRS0133,2026-04-25,Completed,2.5,18.1
EMP02354,CRS0134,2025-08-09,In Progress,,39.1
EMP02355,CRS0130,2024-12-06,Completed,5.0,3.5
EMP02355,CRS0107,2025-01-08,Completed,4.3,36.6
EMP02356,CRS0050,2026-12-17,Completed,3.4,4.2
EMP02356,CRS0089,2025-12-18,Completed,3.4,25.1
EMP02356,CRS0096,2026-06-06,In Progress,,6.7
EMP02356,CRS0055,2026-04-10,Completed,4.5,13.7
EMP02357,CRS0114,2025-04-21,In Progress,,30.7
EMP02357,CRS0120,2025-12-04,In Progress,,13.5
EMP02357,CRS0066,2024-10-03,Completed,2.3,23.0
EMP02357,CRS0027,2024-01-15,Completed,4.5,11.8
EMP02357,CRS0089,2026-08-06,Completed,2.2,14.8
EMP02358,CRS0089,2026-03-24,Completed,2.5,35.5
EMP02358,CRS0099,2024-11-02,Completed,3.6,19.6
EMP02359,CRS0100,2026-09-01,In Progress,,22.0
EMP02359,CRS0118,2024-09-05,Completed,4.4,37.3
EMP02359,CRS0002,2026-10-21,Dropped,,20.4
EMP02359,CRS0132,2026-08-05,In Progress,,27.7
EMP02359,CRS0061,2024-09-24,Completed,5.0,14.8
EMP02359,CRS0053,2024-07-20,Completed,3.1,34.5
EMP02360,CRS0044,2025-01-09,Completed,4.4,31.7
EMP02360,CRS0130,2026-06-03,Completed,2.6,15.5
EMP02360,CRS0128,2026-04-06,Completed,3.6,38.3
EMP02360,CRS0026,2026-02-02,Completed,4.9,18.8
EMP02360,CRS0007,2026-02-04,Completed,3.0,28.2
EMP02360,CRS0046,2024-07-14,Completed,3.6,25.4
EMP02361,CRS0140,2024-05-16,In Progress,,7.9
EMP02361,CRS0028,2024-02-26,Completed,2.7,27.7
EMP02362,CRS0087,2024-04-11,Completed,4.1,39.8
EMP02362,CRS0073,2024-08-02,Completed,3.3,24.2
EMP02363,CRS0081,2025-02-18,In Progress,,29.7
EMP02363,CRS0053,2024-01-04,Completed,3.6,22.4
EMP02363,CRS0005,2026-11-09,Completed,3.3,17.4
EMP02363,CRS0110,2026-08-22,In Progress,,7.5
EMP02364,CRS0095,2025-09-06,In Progress,,17.3
EMP02364,CRS0063,2025-10-05,Completed,4.8,4.2
EMP02364,CRS0121,2025-10-21,Completed,4.3,13.7
EMP02364,CRS0096,2024-01-08,Completed,3.6,29.7
EMP02365,CRS0088,2025-01-02,Dropped,,18.9
EMP02365,CRS0014,2024-04-18,Completed,3.6,13.9
EMP02365,CRS0007,2025-02-01,In Progress,,12.6
EMP02366,CRS0133,2024-04-23,Completed,3.3,37.7
EMP02366,CRS0127,2024-10-10,Completed,4.8,6.6
EMP02366,CRS0050,2026-08-12,Dropped,,33.7
EMP02366,CRS0020,2024-03-01,In Progress,,11.5
EMP02366,CRS0120,2026-02-13,In Progress,,10.5
EMP02367,CRS0074,2025-03-27,Completed,4.3,2.8
EMP02367,CRS0129,2025-08-25,In Progress,,14.6
EMP02367,CRS0030,2026-12-10,Completed,2.3,25.0
EMP02368,CRS0100,2025-09-12,Dropped,,9.2
EMP02368,CRS0029,2025-04-10,In Progress,,27.0
EMP02368,CRS0042,2024-09-11,Completed,2.5,21.9
EMP02369,CRS0098,2024-12-11,Completed,3.2,6.0
EMP02369,CRS0044,2026-11-24,In Progress,,7.4
EMP02369,CRS0055,2025-03-11,Dropped,,32.8
EMP02369,CRS0099,2025-12-26,Dropped,,21.5
EMP02369,CRS0061,2026-04-12,Completed,3.6,3.5
EMP02370,CRS0037,2026-03-18,Completed,2.7,37.4
EMP02370,CRS0129,2025-05-08,Completed,2.3,18.7
EMP02370,CRS0038,2026-09-02,Completed,3.2,14.7
EMP02370,CRS0012,2026-02-26,Completed,3.2,12.1
EMP02370,CRS0089,2024-11-02,In Progress,,3.3
EMP02371,CRS0044,2025-09-26,In Progress,,30.7
EMP02371,CRS0038,2024-09-15,Completed,4.4,31.2
EMP02372,CRS0132,2026-01-23,In Progress,,17.5
EMP02372,CRS0074,2024-04-12,Completed,3.0,3.8
EMP02372,CRS0130,2026-11-18,In Progress,,29.9
EMP02372,CRS0059,2026-05-06,In Progress,,10.2
EMP02373,CRS0078,2025-03-28,Completed,3.4,23.6
EMP02373,CRS0021,2024-06-20,Completed,4.3,17.3
EMP02374,CRS0042,2025-12-22,In Progress,,29.7
EMP02374,CRS0104,2026-05-19,Completed,4.1,32.9
EMP02374,CRS0031,2024-06-02,In Progress,,9.6
EMP02374,CRS0029,2025-09-04,Completed,4.4,31.3
EMP02374,CRS0007,2026-11-12,In Progress,,13.6
EMP02374,CRS0077,2026-06-06,Completed,2.9,11.8
EMP02375,CRS0081,2025-01-12,Completed,2.4,32.7
EMP02375,CRS0095,2025-02-04,In Progress,,39.5
EMP02375,CRS0132,2025-05-01,Completed,3.5,34.9
EMP02376,CRS0044,2025-09-08,Completed,3.4,15.9
EMP02376,CRS0045,2026-06-15,Completed,4.4,29.2
EMP02376,CRS0050,2025-06-22,Completed,2.6,21.7
EMP02376,CRS0075,2024-10-24,Completed,2.5,28.0
EMP02376,CRS0105,2026-07-22,In Progress,,37.8
EMP02376,CRS0103,2025-07-03,Completed,3.6,8.0
EMP02377,CRS0130,2025-04-26,Completed,2.4,23.6
EMP02377,CRS0036,2024-12-25,Completed,2.0,7.8
EMP02377,CRS0132,2026-04-02,Dropped,,6.0
EMP02377,CRS0084,2024-03-13,In Progress,,32.3
EMP02377,CRS0007,2026-09-14,Dropped,,11.4
EMP02377,CRS0069,2026-07-16,Completed,3.8,18.2
EMP02378,CRS0071,2026-02-06,In Progress,,28.0
EMP02378,CRS0132,2025-04-23,Completed,4.8,24.8
EMP02378,CRS0032,2025-01-11,Dropped,,27.0
EMP02379,CRS0015,2026-11-26,In Progress,,11.7
EMP02379,CRS0069,2026-02-23,Completed,3.8,13.5
EMP02379,CRS0061,2026-11-02,Completed,3.2,2.5
EMP02379,CRS0106,2024-04-06,Dropped,,9.9
EMP02379,CRS0078,2025-02-21,Completed,4.7,25.8
EMP02380,CRS0119,2025-04-18,Completed,3.3,30.9
EMP02380,CRS0027,2025-01-03,Completed,3.7,7.4
EMP02380,CRS0009,2026-11-20,Dropped,,29.7
EMP02380,CRS0066,2024-12-21,In Progress,,20.4
EMP02380,CRS0006,2025-11-08,Dropped,,14.9
EMP02380,CRS0079,2025-02-14,Completed,2.2,38.1
EMP02381,CRS0027,2025-01-25,Dropped,,18.9
EMP02381,CRS0131,2024-02-11,Completed,4.0,23.5
EMP02381,CRS0041,2024-06-01,Completed,4.0,27.9
EMP02382,CRS0124,2024-04-22,Completed,4.3,28.9
EMP02382,CRS0074,2026-04-16,Completed,4.8,35.4
EMP02382,CRS0129,2026-02-25,Completed,3.9,33.5
EMP02382,CRS0032,2024-02-15,Completed,2.0,5.8
EMP02382,CRS0115,2026-06-15,Completed,3.8,12.8
EMP02383,CRS0138,2026-01-14,Completed,2.3,9.0
EMP02383,CRS0017,2026-09-25,Completed,3.2,5.7
EMP02384,CRS0055,2026-07-16,Completed,2.1,39.2
EMP02384,CRS0107,2026-09-20,Dropped,,9.0
EMP02384,CRS0020,2025-08-08,Completed,2.4,32.6
EMP02384,CRS0015,2026-11-11,Dropped,,8.0
EMP02385,CRS0137,2026-12-18,Completed,2.9,17.6
EMP02385,CRS0019,2024-09-12,In Progress,,32.3
EMP02385,CRS0016,2025-12-16,Completed,4.0,17.8
EMP02385,CRS0089,2025-12-10,Completed,3.8,37.8
EMP02385,CRS0033,2024-07-22,Dropped,,6.7
EMP02386,CRS0024,2024-05-05,Completed,3.9,36.6
EMP02386,CRS0023,2026-07-22,Completed,4.5,24.9
EMP02386,CRS0092,2026-08-14,Dropped,,32.0
EMP02386,CRS0054,2024-01-15,Completed,3.8,23.7
EMP02386,CRS0074,2025-01-09,Completed,3.5,37.2
EMP02387,CRS0063,2026-01-10,Completed,4.1,18.1
EMP02387,CRS0127,2025-01-07,Dropped,,38.6
EMP02388,CRS0061,2025-08-25,In Progress,,4.8
EMP02388,CRS0079,2024-01-22,Completed,3.4,4.6
EMP02388,CRS0025,2026-01-17,In Progress,,21.3
EMP02388,CRS0001,2024-11-27,Completed,2.8,15.2
EMP02388,CRS0062,2024-03-01,In Progress,,13.0
EMP02388,CRS0018,2024-04-19,Completed,2.6,3.7
EMP02389,CRS0089,2024-09-09,Completed,3.4,10.9
EMP02389,CRS0070,2024-11-15,Dropped,,11.6
EMP02389,CRS0014,2025-11-23,Completed,2.4,6.2
EMP02390,CRS0123,2025-01-22,Completed,4.8,39.3
EMP02390,CRS0060,2025-07-09,Completed,2.2,28.8
EMP02390,CRS0095,2026-12-13,Completed,2.4,10.0
EMP02390,CRS0022,2026-06-10,Completed,4.5,10.4
EMP02391,CRS0117,2026-04-05,In Progress,,2.9
EMP02391,CRS0088,2025-01-14,Completed,3.8,26.2
EMP02391,CRS0028,2026-01-03,Dropped,,10.8
EMP02391,CRS0085,2024-12-03,Completed,4.7,21.8
EMP02391,CRS0126,2026-03-16,In Progress,,25.4
EMP02391,CRS0134,2024-03-18,Completed,2.7,29.2
EMP02392,CRS0097,2026-01-27,Completed,3.3,28.5
EMP02392,CRS0059,2024-09-05,Completed,2.3,26.9
EMP02392,CRS0068,2025-03-20,Dropped,,8.5
EMP02392,CRS0082,2025-09-18,In Progress,,16.4
EMP02393,CRS0071,2025-09-18,Completed,4.9,29.4
EMP02393,CRS0099,2026-08-22,Completed,3.0,16.4
EMP02393,CRS0013,2026-06-03,Completed,4.2,32.5
EMP02394,CRS0129,2025-02-17,Completed,4.5,35.0
EMP02394,CRS0103,2026-08-18,Completed,2.4,25.2
EMP02394,CRS0073,2025-02-12,Completed,4.3,35.8
EMP02394,CRS0010,2026-11-14,Completed,4.1,30.0
EMP02395,CRS0134,2025-06-03,Completed,4.9,39.3
EMP02395,CRS0113,2025-08-13,Completed,2.0,18.0
EMP02396,CRS0027,2026-09-27,In Progress,,32.8
EMP02396,CRS0062,2024-12-06,Completed,3.6,8.7
EMP02396,CRS0104,2025-04-25,Completed,4.7,24.9
EMP02396,CRS0080,2024-01-04,Completed,2.8,5.9
EMP02396,CRS0115,2025-08-08,Completed,4.4,11.5
EMP02396,CRS0047,2024-06-08,Completed,4.7,14.4
EMP02397,CRS0012,2025-04-03,Completed,2.1,3.1
EMP02397,CRS0068,2024-05-15,Completed,2.1,14.3
EMP02398,CRS0076,2025-02-21,Completed,4.9,15.1
EMP02398,CRS0124,2025-10-23,Dropped,,38.9
EMP02398,CRS0112,2024-03-15,Completed,2.4,13.4
EMP02398,CRS0023,2024-05-03,Completed,4.9,7.8
EMP02399,CRS0139,2026-10-26,Completed,3.3,15.1
EMP02399,CRS0125,2024-04-12,In Progress,,31.3
EMP02399,CRS0138,2024-03-27,Completed,4.1,2.2
EMP02399,CRS0052,2025-11-01,Completed,3.3,27.0
EMP02399,CRS0062,2026-06-25,Completed,4.4,22.3
EMP02399,CRS0060,2026-02-15,In Progress,,34.4
EMP02400,CRS0070,2026-10-14,Completed,4.1,5.5
EMP02400,CRS0140,2024-11-11,Completed,3.1,3.3
EMP02400,CRS0064,2025-01-21,Completed,4.4,2.8
EMP02401,CRS0102,2026-09-20,In Progress,,2.4
EMP02401,CRS0079,2025-08-22,Completed,2.0,23.9
EMP02401,CRS0054,2025-12-08,Completed,4.8,2.1
EMP02401,CRS0036,2024-10-18,Dropped,,17.7
EMP02402,CRS0042,2024-02-05,Completed,3.5,14.2
EMP02402,CRS0085,2025-03-02,Completed,3.7,21.7
EMP02402,CRS0004,2025-07-23,Completed,2.3,12.4
EMP02403,CRS0012,2026-08-06,Completed,5.0,21.0
EMP02403,CRS0069,2026-10-06,Completed,4.3,32.3
EMP02403,CRS0048,2026-09-02,In Progress,,5.3
EMP02404,CRS0041,2026-08-27,Completed,4.7,31.1
EMP02404,CRS0057,2024-11-14,Completed,2.1,37.1
EMP02404,CRS0139,2025-06-14,Completed,4.9,38.0
EMP02404,CRS0010,2024-08-13,Completed,4.9,11.0
EMP02404,CRS0118,2025-08-22,Completed,3.4,7.2
EMP02404,CRS0071,2026-08-24,In Progress,,35.2
EMP02405,CRS0085,2024-06-01,Completed,3.1,20.1
EMP02405,CRS0126,2024-10-05,In Progress,,28.3
EMP02405,CRS0061,2026-04-13,Completed,4.2,16.1
EMP02405,CRS0039,2025-02-15,In Progress,,34.9
EMP02405,CRS0075,2025-11-27,In Progress,,26.2
EMP02406,CRS0095,2026-04-10,Dropped,,18.5
EMP02406,CRS0038,2024-03-18,Dropped,,9.2
EMP02406,CRS0097,2024-01-06,Completed,4.5,33.5
EMP02406,CRS0117,2024-01-10,In Progress,,10.0
EMP02407,CRS0074,2025-03-27,Completed,2.7,13.0
EMP02407,CRS0003,2026-03-17,Completed,4.9,36.3
EMP02407,CRS0007,2024-04-09,Completed,2.5,8.7
EMP02407,CRS0004,2026-12-09,Completed,2.5,2.8
EMP02408,CRS0062,2025-10-20,Completed,4.5,14.8
EMP02408,CRS0126,2026-08-12,Completed,3.7,23.2
EMP02408,CRS0099,2025-07-25,Completed,3.1,24.6
EMP02408,CRS0038,2026-10-09,In Progress,,26.0
EMP02409,CRS0061,2025-02-02,Completed,4.4,27.9
EMP02409,CRS0007,2026-02-13,Completed,2.7,31.2
EMP02410,CRS0055,2026-05-19,In Progress,,35.3
EMP02410,CRS0028,2025-11-22,Completed,4.6,35.5
EMP02410,CRS0130,2025-01-06,Dropped,,17.3
EMP02410,CRS0048,2026-03-09,In Progress,,20.8
EMP02410,CRS0068,2024-12-02,In Progress,,13.9
EMP02410,CRS0071,2025-12-08,Completed,2.3,30.6
EMP02411,CRS0134,2026-05-23,Dropped,,13.3
EMP02411,CRS0086,2026-11-11,Completed,3.3,27.7
EMP02411,CRS0124,2025-05-20,Completed,4.8,16.0
EMP02411,CRS0080,2025-10-04,Completed,3.0,19.5
EMP02412,CRS0004,2026-09-24,In Progress,,14.5
EMP02412,CRS0045,2025-09-03,Completed,4.9,24.7
EMP02412,CRS0037,2026-09-20,Completed,4.1,15.4
EMP02412,CRS0041,2025-07-20,Completed,3.8,34.1
EMP02413,CRS0031,2026-01-17,Completed,3.5,39.1
EMP02413,CRS0096,2024-07-27,In Progress,,34.9
EMP02413,CRS0120,2026-01-24,Completed,3.5,8.1
EMP02413,CRS0072,2024-05-05,In Progress,,31.5
EMP02413,CRS0008,2026-08-17,In Progress,,21.0
EMP02413,CRS0016,2024-06-11,Completed,3.0,8.2
EMP02414,CRS0081,2024-12-16,Completed,3.9,25.3
EMP02414,CRS0104,2026-12-27,Completed,3.8,32.5
EMP02415,CRS0009,2025-04-24,Completed,3.2,13.0
EMP02415,CRS0070,2026-11-25,In Progress,,16.1
EMP02415,CRS0053,2024-10-17,In Progress,,28.3
EMP02416,CRS0100,2025-01-12,In Progress,,15.0
EMP02416,CRS0133,2025-06-20,Completed,4.9,32.0
EMP02416,CRS0093,2025-12-07,In Progress,,23.9
EMP02416,CRS0131,2026-11-03,In Progress,,39.4
EMP02417,CRS0136,2025-03-19,Completed,4.5,17.7
EMP02417,CRS0028,2026-10-07,Dropped,,28.7
EMP02417,CRS0066,2024-01-15,Completed,2.2,22.8
EMP02417,CRS0011,2024-06-09,Completed,3.6,27.8
EMP02417,CRS0089,2024-05-09,In Progress,,17.1
EMP02417,CRS0072,2024-09-10,Completed,2.4,20.4
EMP02418,CRS0099,2025-01-15,Completed,4.5,13.7
EMP02418,CRS0040,2024-03-08,Completed,2.7,28.6
EMP02418,CRS0116,2025-12-24,Completed,3.0,2.9
EMP02418,CRS0068,2024-11-14,Completed,3.5,28.9
EMP02418,CRS0064,2024-01-04,Completed,3.5,26.5
EMP02418,CRS0106,2024-06-17,Completed,4.7,11.8
EMP02419,CRS0106,2026-01-04,Completed,2.9,25.6
EMP02419,CRS0012,2024-07-03,Completed,3.6,14.4
EMP02419,CRS0075,2025-01-05,Completed,3.5,28.4
EMP02419,CRS0101,2024-06-19,In Progress,,37.8
EMP02419,CRS0001,2025-01-09,Completed,3.3,20.7
EMP02419,CRS0035,2026-04-25,Completed,3.4,22.3
EMP02420,CRS0030,2026-06-05,Completed,4.0,12.3
EMP02420,CRS0003,2026-12-07,Completed,2.8,34.8
EMP02421,CRS0029,2025-10-10,In Progress,,20.7
EMP02421,CRS0131,2026-03-13,Completed,4.0,36.9
EMP02421,CRS0055,2026-11-03,In Progress,,27.4
EMP02421,CRS0071,2024-07-23,Completed,4.0,28.2
EMP02422,CRS0100,2026-02-17,Completed,3.3,27.3
EMP02422,CRS0098,2026-08-13,Completed,3.8,18.7
EMP02422,CRS0101,2026-11-10,Completed,4.5,13.1
EMP02422,CRS0056,2024-07-08,Completed,3.0,17.0
EMP02423,CRS0113,2025-01-27,In Progress,,14.5
EMP02423,CRS0083,2026-04-25,Completed,2.8,6.3
EMP02423,CRS0076,2026-12-25,Completed,4.6,8.8
EMP02423,CRS0131,2026-01-28,Completed,2.5,11.0
EMP02424,CRS0041,2025-01-06,Dropped,,14.6
EMP02424,CRS0116,2024-05-08,Completed,2.9,37.3
EMP02424,CRS0013,2025-09-19,Completed,2.0,33.1
EMP02425,CRS0008,2026-07-04,Completed,3.9,16.6
EMP02425,CRS0122,2026-08-14,In Progress,,11.3
EMP02425,CRS0004,2026-06-05,Dropped,,13.7
EMP02426,CRS0084,2024-01-04,In Progress,,5.6
EMP02426,CRS0038,2026-10-13,Completed,4.7,30.2
EMP02426,CRS0081,2025-06-21,Completed,3.1,23.6
EMP02426,CRS0132,2025-12-18,Completed,4.2,20.1
EMP02426,CRS0002,2026-02-28,In Progress,,2.4
EMP02426,CRS0054,2024-10-01,Completed,4.9,38.6
EMP02427,CRS0014,2025-11-26,In Progress,,6.7
EMP02427,CRS0097,2024-11-25,Completed,4.2,13.5
EMP02427,CRS0080,2024-05-01,Completed,4.4,21.5
EMP02428,CRS0006,2024-02-26,Completed,2.4,27.7
EMP02428,CRS0119,2024-01-21,Completed,3.6,14.9
EMP02429,CRS0001,2025-04-26,In Progress,,5.4
EMP02429,CRS0131,2024-11-21,Completed,4.5,39.3
EMP02429,CRS0070,2025-03-15,Dropped,,21.5
EMP02429,CRS0051,2024-02-15,Completed,5.0,25.0
EMP02429,CRS0038,2024-02-04,Completed,4.4,9.2
EMP02430,CRS0098,2026-08-18,Dropped,,28.0
EMP02430,CRS0090,2025-08-13,Completed,3.6,15.0
EMP02430,CRS0093,2024-06-08,Completed,2.4,28.8
EMP02430,CRS0078,2024-12-07,Completed,3.3,3.1
EMP02431,CRS0060,2025-02-22,In Progress,,28.3
EMP02431,CRS0056,2024-12-22,Completed,4.8,23.1
EMP02431,CRS0014,2026-01-28,In Progress,,20.0
EMP02431,CRS0069,2024-08-21,Completed,2.5,31.7
EMP02431,CRS0095,2025-03-04,Completed,2.4,19.6
EMP02432,CRS0132,2024-01-28,Completed,2.5,16.7
EMP02432,CRS0126,2024-06-28,Completed,2.2,8.5
EMP02432,CRS0040,2025-07-06,Completed,5.0,38.3
EMP02432,CRS0139,2026-04-05,Completed,3.9,20.6
EMP02432,CRS0117,2024-01-05,In Progress,,24.4
EMP02433,CRS0088,2026-11-27,Completed,2.6,10.1
EMP02433,CRS0087,2026-11-03,Completed,2.3,24.7
EMP02434,CRS0092,2025-10-16,Completed,4.9,3.6
EMP02434,CRS0024,2024-01-24,In Progress,,8.2
EMP02435,CRS0029,2026-11-20,Completed,4.8,10.4
EMP02435,CRS0130,2024-04-13,Completed,4.2,10.4
EMP02435,CRS0114,2025-05-19,Completed,3.2,9.3
EMP02435,CRS0003,2024-07-19,Dropped,,34.7
EMP02435,CRS0133,2026-09-02,In Progress,,19.1
EMP02435,CRS0086,2026-05-27,Dropped,,24.9
EMP02436,CRS0110,2024-08-19,Completed,2.6,23.9
EMP02436,CRS0097,2026-11-17,In Progress,,26.2
EMP02436,CRS0001,2025-07-01,Dropped,,4.4
EMP02436,CRS0029,2026-05-19,Completed,5.0,35.9
EMP02437,CRS0056,2026-01-26,Completed,3.5,10.0
EMP02437,CRS0085,2025-09-28,Completed,5.0,30.6
EMP02437,CRS0041,2025-05-08,Completed,3.0,3.8
EMP02438,CRS0026,2025-08-01,In Progress,,25.8
EMP02438,CRS0027,2024-11-03,In Progress,,35.6
EMP02439,CRS0122,2026-05-22,Completed,3.0,15.5
EMP02439,CRS0081,2025-06-22,In Progress,,30.3
EMP02440,CRS0123,2026-03-13,Completed,3.8,6.8
EMP02440,CRS0090,2025-10-03,In Progress,,13.8
EMP02440,CRS0096,2025-02-17,Completed,3.5,34.5
EMP02441,CRS0076,2026-09-19,In Progress,,39.3
EMP02441,CRS0104,2024-03-16,Completed,2.0,38.7
EMP02441,CRS0083,2024-07-05,Dropped,,7.4
EMP02441,CRS0137,2024-06-27,Dropped,,34.3
EMP02441,CRS0087,2025-09-19,In Progress,,19.1
EMP02441,CRS0066,2024-02-16,In Progress,,38.5
EMP02442,CRS0022,2024-02-11,Completed,3.4,14.0
EMP02442,CRS0072,2025-08-24,In Progress,,4.2
EMP02443,CRS0027,2025-12-13,Completed,4.0,2.9
EMP02443,CRS0071,2024-11-17,Completed,3.9,37.0
EMP02444,CRS0071,2026-04-05,Dropped,,7.4
EMP02444,CRS0003,2025-05-03,Completed,5.0,3.6
EMP02444,CRS0072,2024-10-15,Completed,3.5,36.5
EMP02445,CRS0105,2024-04-06,Completed,2.7,10.0
EMP02445,CRS0122,2024-11-15,Completed,4.5,5.2
EMP02445,CRS0101,2025-01-23,Completed,4.7,29.6
EMP02445,CRS0076,2024-12-20,Completed,2.3,37.0
EMP02445,CRS0036,2024-07-04,Completed,4.7,7.8
EMP02445,CRS0106,2025-10-08,In Progress,,37.4
EMP02446,CRS0107,2026-03-02,Completed,3.6,25.8
EMP02446,CRS0023,2026-12-28,Completed,4.0,34.5
EMP02446,CRS0118,2024-05-26,Completed,2.2,14.9
EMP02446,CRS0080,2026-04-22,Completed,4.4,12.5
EMP02447,CRS0021,2025-09-04,Completed,2.6,6.3
EMP02447,CRS0082,2025-05-08,Dropped,,38.5
EMP02447,CRS0054,2026-09-06,Completed,4.6,7.5
EMP02447,CRS0016,2025-04-10,Completed,3.0,34.3
EMP02447,CRS0050,2024-11-04,In Progress,,14.1
EMP02448,CRS0076,2025-01-27,In Progress,,14.9
EMP02448,CRS0021,2025-08-24,Dropped,,37.2
EMP02448,CRS0109,2024-06-15,In Progress,,12.5
EMP02448,CRS0065,2024-09-06,Completed,2.4,11.9
EMP02448,CRS0119,2024-10-15,Completed,2.4,22.8
EMP02449,CRS0129,2026-03-05,In Progress,,34.5
EMP02449,CRS0109,2026-07-18,Completed,4.7,7.9
EMP02449,CRS0033,2024-03-11,Completed,3.8,36.3
EMP02449,CRS0040,2025-01-20,Completed,3.7,24.4
EMP02449,CRS0064,2026-05-16,Completed,4.1,11.2
EMP02449,CRS0084,2026-04-10,Completed,3.1,21.3
EMP02450,CRS0062,2026-05-22,In Progress,,34.6
EMP02450,CRS0039,2025-10-01,Completed,2.8,4.8
EMP02450,CRS0132,2025-05-27,In Progress,,20.6
EMP02450,CRS0012,2025-01-12,Completed,2.8,34.5
EMP02451,CRS0099,2026-03-28,Completed,2.0,33.0
EMP02451,CRS0033,2024-07-17,Completed,3.3,37.9
EMP02451,CRS0062,2026-07-09,In Progress,,34.6
EMP02452,CRS0094,2026-06-13,In Progress,,13.0
EMP02452,CRS0036,2025-07-10,In Progress,,14.4
EMP02452,CRS0018,2026-10-16,Completed,4.7,36.5
EMP02452,CRS0085,2026-08-01,In Progress,,10.3
EMP02452,CRS0124,2025-07-02,In Progress,,12.7
EMP02453,CRS0042,2025-08-04,In Progress,,31.9
EMP02453,CRS0035,2024-07-09,Completed,4.6,14.6
EMP02453,CRS0106,2026-02-20,In Progress,,38.3
EMP02453,CRS0027,2026-01-13,Completed,4.2,33.4
EMP02454,CRS0059,2024-12-03,In Progress,,2.9
EMP02454,CRS0082,2024-10-03,In Progress,,12.1
EMP02454,CRS0076,2025-04-17,Completed,4.4,5.9
EMP02454,CRS0131,2025-01-27,Completed,3.8,24.2
EMP02454,CRS0028,2026-04-11,Dropped,,25.3
EMP02455,CRS0061,2024-03-17,Completed,2.2,32.7
EMP02455,CRS0048,2025-03-11,Completed,4.4,29.7
EMP02455,CRS0122,2025-06-22,Completed,4.6,22.7
EMP02455,CRS0121,2026-11-16,Completed,2.8,18.6
EMP02455,CRS0013,2026-08-24,Dropped,,31.8
EMP02456,CRS0036,2026-02-14,Completed,3.4,31.1
EMP02456,CRS0087,2025-10-18,Completed,4.1,34.9
EMP02456,CRS0078,2025-04-25,Dropped,,34.5
EMP02456,CRS0034,2025-10-02,Completed,3.8,26.8
EMP02457,CRS0055,2025-12-04,Completed,2.2,25.0
EMP02457,CRS0119,2024-01-03,In Progress,,29.0
EMP02457,CRS0094,2025-11-06,Completed,3.8,22.3
EMP02457,CRS0070,2026-05-15,Completed,4.0,15.3
EMP02458,CRS0052,2026-07-14,Completed,2.4,16.3
EMP02458,CRS0127,2026-12-20,Dropped,,16.2
EMP02459,CRS0019,2024-03-25,Completed,3.5,10.4
EMP02459,CRS0136,2025-10-16,In Progress,,14.5
EMP02459,CRS0052,2026-08-14,Completed,3.1,13.2
EMP02459,CRS0121,2026-07-16,Completed,2.2,38.0
EMP02459,CRS0002,2025-04-25,Completed,2.3,32.1
EMP02459,CRS0049,2024-05-16,Completed,4.8,21.9
EMP02460,CRS0036,2025-01-27,Completed,3.6,37.5
EMP02460,CRS0087,2026-03-15,Completed,3.7,27.5
EMP02460,CRS0093,2025-05-16,Completed,2.9,38.6
EMP02460,CRS0099,2026-08-02,In Progress,,3.8
EMP02460,CRS0108,2025-11-01,Completed,2.9,5.1
EMP02460,CRS0027,2024-08-23,Completed,2.6,2.7
EMP02461,CRS0137,2024-06-02,In Progress,,7.4
EMP02461,CRS0128,2026-05-22,Completed,2.1,31.2
EMP02461,CRS0066,2024-08-11,Completed,3.0,18.3
EMP02461,CRS0049,2026-11-06,Completed,4.5,15.1
EMP02462,CRS0055,2024-05-15,Completed,4.3,24.5
EMP02462,CRS0112,2026-04-06,Completed,4.0,24.0
EMP02462,CRS0003,2024-10-23,Dropped,,34.9
EMP02463,CRS0093,2026-02-18,Completed,4.4,22.6
EMP02463,CRS0102,2026-12-21,Completed,3.3,24.9
EMP02463,CRS0021,2026-05-03,In Progress,,37.1
EMP02463,CRS0116,2025-08-05,In Progress,,16.1
EMP02463,CRS0010,2024-05-11,Completed,2.6,3.3
EMP02463,CRS0131,2026-11-24,Completed,4.2,33.6
EMP02464,CRS0050,2025-12-10,Completed,4.2,34.8
EMP02464,CRS0011,2026-08-04,Completed,4.0,14.6
EMP02464,CRS0130,2025-02-08,In Progress,,24.0
EMP02464,CRS0076,2026-01-14,In Progress,,35.2
EMP02465,CRS0093,2026-11-17,Completed,3.5,35.4
EMP02465,CRS0124,2024-12-09,Completed,3.0,20.7
EMP02465,CRS0014,2025-04-12,Completed,2.1,17.8
EMP02465,CRS0121,2024-08-04,Dropped,,4.8
EMP02465,CRS0032,2024-03-03,In Progress,,23.1
EMP02465,CRS0058,2024-08-05,Dropped,,38.6
EMP02466,CRS0097,2026-01-01,Completed,4.5,31.4
EMP02466,CRS0018,2025-01-17,Completed,2.3,14.7
EMP02466,CRS0053,2025-01-07,Completed,4.9,11.6
EMP02467,CRS0066,2025-11-09,Completed,3.4,19.1
EMP02467,CRS0106,2024-07-20,Completed,2.8,38.0
EMP02467,CRS0114,2024-10-09,Completed,4.4,8.7
EMP02468,CRS0073,2026-05-07,Completed,4.4,23.4
EMP02468,CRS0101,2024-09-07,Completed,4.6,38.5
EMP02468,CRS0021,2026-06-03,Completed,3.9,23.1
EMP02468,CRS0015,2024-01-20,In Progress,,13.9
EMP02468,CRS0039,2024-05-17,Completed,2.5,39.7
EMP02468,CRS0135,2026-02-18,In Progress,,17.4
EMP02469,CRS0014,2024-06-02,Completed,4.3,30.0
EMP02469,CRS0072,2026-09-21,Dropped,,34.3
EMP02469,CRS0019,2025-12-21,In Progress,,8.8
EMP02470,CRS0094,2025-01-09,Completed,3.2,23.1
EMP02470,CRS0108,2024-06-04,In Progress,,38.8
EMP02470,CRS0109,2024-10-05,Completed,3.3,14.8
EMP02470,CRS0056,2026-02-22,In Progress,,22.3
EMP02471,CRS0074,2026-01-15,In Progress,,38.2
EMP02471,CRS0101,2026-10-02,Dropped,,35.0
EMP02471,CRS0065,2024-10-18,Completed,4.4,20.7
EMP02472,CRS0043,2024-03-04,Completed,2.4,38.4
EMP02472,CRS0046,2024-04-09,In Progress,,15.3
EMP02472,CRS0047,2024-08-23,In Progress,,22.0
EMP02473,CRS0061,2025-02-15,In Progress,,8.2
EMP02473,CRS0033,2025-05-04,Completed,2.3,15.5
EMP02474,CRS0117,2024-05-19,Completed,4.7,36.3
EMP02474,CRS0128,2024-04-15,In Progress,,21.9
EMP02474,CRS0058,2026-05-25,Dropped,,37.7
EMP02474,CRS0034,2025-11-15,Completed,3.4,29.4
EMP02474,CRS0007,2024-02-24,Dropped,,18.5
EMP02474,CRS0056,2026-10-06,Completed,4.1,27.6
EMP02475,CRS0054,2024-01-12,In Progress,,22.3
EMP02475,CRS0048,2025-07-22,Completed,4.3,18.6
EMP02475,CRS0046,2025-09-17,Completed,3.2,28.5
EMP02475,CRS0059,2024-10-21,In Progress,,32.1
EMP02475,CRS0077,2026-08-25,In Progress,,25.0
EMP02475,CRS0127,2024-05-12,Completed,3.6,9.1
EMP02476,CRS0093,2024-01-12,Completed,4.2,26.1
EMP02476,CRS0127,2025-03-05,Completed,4.1,30.5
EMP02477,CRS0123,2026-11-18,Dropped,,13.8
EMP02477,CRS0007,2024-02-22,Completed,4.9,33.4
EMP02477,CRS0025,2026-07-25,In Progress,,2.3
EMP02478,CRS0028,2024-07-24,Completed,4.7,20.8
EMP02478,CRS0049,2024-05-12,Completed,2.4,19.4
EMP02479,CRS0038,2026-06-26,In Progress,,13.5
EMP02479,CRS0136,2024-03-23,In Progress,,21.4
EMP02479,CRS0036,2026-06-17,Completed,3.2,24.1
EMP02480,CRS0050,2025-03-18,Completed,3.3,13.3
EMP02480,CRS0123,2026-06-03,In Progress,,22.8
EMP02480,CRS0040,2025-11-11,Dropped,,38.1
EMP02480,CRS0089,2024-05-12,Completed,4.5,12.7
EMP02480,CRS0027,2025-03-04,Completed,4.5,21.9
EMP02480,CRS0008,2026-02-02,Completed,4.6,4.9
EMP02481,CRS0089,2025-02-08,Completed,4.9,11.4
EMP02481,CRS0119,2024-09-20,Completed,2.5,28.3
EMP02481,CRS0072,2024-07-11,In Progress,,24.9
EMP02481,CRS0048,2025-06-23,Completed,3.0,14.3
EMP02482,CRS0002,2026-07-26,Completed,3.5,23.9
EMP02482,CRS0058,2025-11-21,Dropped,,4.4
EMP02482,CRS0090,2024-08-15,In Progress,,14.9
EMP02482,CRS0104,2026-02-06,Dropped,,24.6
EMP02482,CRS0098,2026-11-13,Completed,2.6,16.0
EMP02483,CRS0050,2024-10-03,Completed,3.7,21.7
EMP02483,CRS0124,2026-07-14,Dropped,,7.7
EMP02483,CRS0008,2025-04-18,In Progress,,6.2
EMP02483,CRS0046,2024-04-28,Completed,2.6,25.0
EMP02483,CRS0021,2024-11-16,Dropped,,31.7
EMP02484,CRS0091,2025-10-02,Completed,4.9,10.3
EMP02484,CRS0023,2025-04-16,Completed,3.5,25.8
EMP02485,CRS0046,2024-10-04,Completed,3.2,3.4
EMP02485,CRS0124,2024-07-21,Dropped,,27.9
EMP02485,CRS0077,2026-07-28,Completed,2.8,26.6
EMP02485,CRS0042,2024-03-07,Completed,2.5,22.7
EMP02485,CRS0013,2026-12-10,Completed,3.3,25.9
EMP02486,CRS0121,2025-08-12,In Progress,,5.7
EMP02486,CRS0068,2026-09-01,Dropped,,27.8
EMP02486,CRS0029,2025-05-16,In Progress,,5.2
EMP02486,CRS0096,2025-10-10,Completed,2.7,17.0
EMP02486,CRS0037,2025-05-20,Completed,3.5,10.0
EMP02486,CRS0004,2025-03-12,Completed,3.1,35.3
EMP02487,CRS0064,2026-03-07,Completed,2.0,15.0
EMP02487,CRS0109,2025-02-14,Completed,5.0,30.0
EMP02487,CRS0081,2024-12-21,Dropped,,24.2
EMP02487,CRS0095,2026-04-04,In Progress,,2.9
EMP02488,CRS0036,2025-10-02,Completed,2.8,5.3
EMP02488,CRS0135,2024-06-03,Completed,2.1,16.9
EMP02488,CRS0088,2026-12-25,Completed,4.6,32.2
EMP02489,CRS0099,2024-12-06,Completed,4.8,21.3
EMP02489,CRS0047,2024-02-25,Completed,4.7,5.6
EMP02489,CRS0029,2025-10-18,Completed,4.1,38.6
EMP02489,CRS0126,2026-09-05,In Progress,,4.3
EMP02489,CRS0010,2026-09-13,Completed,2.8,15.9
EMP02489,CRS0004,2026-12-24,Completed,3.9,24.2
EMP02490,CRS0046,2025-01-07,In Progress,,14.1
EMP02490,CRS0015,2024-08-24,Completed,3.3,11.0
EMP02490,CRS0092,2026-12-19,In Progress,,9.9
EMP02490,CRS0135,2025-02-05,Completed,3.4,25.8
EMP02490,CRS0047,2024-12-12,In Progress,,29.3
EMP02490,CRS0069,2026-10-17,In Progress,,20.8
EMP02491,CRS0134,2026-05-28,In Progress,,33.9
EMP02491,CRS0037,2026-01-03,Completed,4.0,5.5
EMP02491,CRS0038,2025-04-08,Dropped,,25.8
EMP02491,CRS0067,2025-06-23,Completed,3.6,3.6
EMP02492,CRS0098,2024-11-16,Completed,3.7,9.4
EMP02492,CRS0072,2024-03-18,In Progress,,8.2
EMP02492,CRS0074,2025-10-25,Completed,2.3,28.5
EMP02492,CRS0053,2025-10-10,Dropped,,22.6
EMP02492,CRS0045,2025-03-03,Completed,3.2,9.7
EMP02493,CRS0111,2025-10-14,Completed,4.2,8.2
EMP02493,CRS0031,2026-08-04,Completed,2.5,32.8
EMP02493,CRS0096,2025-06-22,Completed,3.8,19.2
EMP02494,CRS0023,2026-04-01,Completed,3.1,4.6
EMP02494,CRS0063,2026-11-19,Completed,2.1,30.2
EMP02494,CRS0056,2024-05-26,In Progress,,30.1
EMP02494,CRS0009,2026-12-05,Completed,2.7,30.7
EMP02495,CRS0070,2025-07-07,Completed,4.7,34.8
EMP02495,CRS0018,2025-06-14,Completed,3.3,32.9
EMP02495,CRS0087,2026-02-27,Completed,3.3,33.7
EMP02495,CRS0100,2026-11-23,Completed,2.5,25.1
EMP02496,CRS0002,2026-08-12,Completed,4.6,28.0
EMP02496,CRS0076,2025-04-08,Completed,3.5,35.7
EMP02496,CRS0011,2026-09-23,Completed,3.3,15.3
EMP02496,CRS0019,2025-08-15,Completed,2.5,19.8
EMP02496,CRS0037,2024-03-03,In Progress,,23.0
EMP02496,CRS0123,2025-04-07,Completed,4.6,30.3
EMP02497,CRS0038,2025-06-03,Completed,2.5,4.1
EMP02497,CRS0098,2025-10-03,In Progress,,31.5
EMP02497,CRS0081,2026-03-15,Completed,3.4,27.8
EMP02497,CRS0111,2025-01-06,Completed,4.1,37.5
EMP02497,CRS0135,2024-10-20,Completed,2.5,20.4
EMP02498,CRS0134,2025-05-24,Completed,3.5,9.5
EMP02498,CRS0034,2024-08-04,In Progress,,25.6
EMP02498,CRS0057,2024-03-25,Completed,2.4,29.7
EMP02498,CRS0114,2025-03-08,Completed,4.0,37.5
EMP02498,CRS0036,2026-11-09,In Progress,,12.8
EMP02498,CRS0039,2025-02-07,Completed,2.8,4.3
EMP02499,CRS0073,2024-01-12,Completed,2.8,36.7
EMP02499,CRS0140,2024-10-21,Completed,2.5,14.5
EMP02499,CRS0138,2024-01-19,In Progress,,13.6
EMP02499,CRS0115,2024-04-07,In Progress,,21.7
EMP02499,CRS0015,2024-02-12,In Progress,,32.1
EMP02500,CRS0043,2024-01-03,In Progress,,10.2
EMP02500,CRS0133,2025-03-13,Completed,4.1,39.4
EMP02500,CRS0047,2026-09-02,Completed,3.1,16.7
EMP02501,CRS0134,2025-08-21,Completed,4.4,23.1
EMP02501,CRS0113,2024-03-16,In Progress,,13.7
EMP02501,CRS0033,2024-12-23,Completed,3.9,2.3
EMP02501,CRS0023,2026-12-12,Completed,4.0,32.2
EMP02501,CRS0017,2026-04-03,In Progress,,10.6
EMP02502,CRS0119,2026-06-15,Dropped,,23.1
EMP02502,CRS0061,2024-04-07,Completed,4.0,17.8
EMP02502,CRS0117,2024-07-07,In Progress,,34.7
EMP02502,CRS0012,2024-07-15,Completed,3.7,24.5
EMP02503,CRS0035,2025-01-17,In Progress,,35.4
EMP02503,CRS0057,2024-07-06,Completed,3.0,14.6
EMP02504,CRS0105,2024-10-17,Dropped,,6.0
EMP02504,CRS0092,2025-08-03,In Progress,,13.9
EMP02504,CRS0034,2024-03-20,Completed,2.7,5.2
EMP02505,CRS0097,2025-03-11,Dropped,,36.0
EMP02505,CRS0139,2026-02-28,In Progress,,39.8
EMP02506,CRS0133,2025-08-15,Completed,3.6,33.5
EMP02506,CRS0025,2024-11-19,Completed,2.1,24.1
EMP02506,CRS0070,2024-01-15,Completed,2.6,30.4
EMP02507,CRS0047,2024-09-11,Completed,3.1,37.5
EMP02507,CRS0094,2026-02-12,Completed,4.1,36.3
EMP02507,CRS0124,2024-01-01,Completed,2.5,3.0
EMP02507,CRS0055,2025-09-02,Completed,4.8,18.4
EMP02507,CRS0023,2024-08-15,Completed,2.5,20.2
EMP02508,CRS0116,2025-09-13,Completed,3.4,26.4
EMP02508,CRS0053,2024-11-06,Completed,3.6,19.9
EMP02508,CRS0019,2024-09-26,Completed,2.9,13.8
EMP02508,CRS0089,2024-05-25,Completed,4.6,38.5
EMP02508,CRS0134,2026-10-22,Completed,2.8,24.6
EMP02508,CRS0049,2026-12-14,Dropped,,6.1
EMP02509,CRS0108,2025-12-06,Completed,3.3,21.0
EMP02509,CRS0048,2026-03-07,Completed,3.5,35.4
EMP02509,CRS0029,2026-03-13,Completed,2.5,31.3
EMP02509,CRS0025,2025-11-10,Dropped,,24.4
EMP02509,CRS0061,2026-01-08,Completed,2.1,4.8
EMP02509,CRS0126,2024-03-04,Dropped,,36.2
EMP02510,CRS0035,2026-10-11,Completed,3.7,10.7
EMP02510,CRS0066,2025-12-10,Completed,3.9,7.8
EMP02510,CRS0075,2024-02-08,Completed,2.6,32.4
EMP02510,CRS0104,2026-01-14,Completed,2.6,25.1
EMP02510,CRS0054,2026-05-27,In Progress,,32.2
EMP02510,CRS0052,2025-07-07,Completed,2.2,14.1
EMP02511,CRS0057,2026-01-23,Completed,2.9,23.7
EMP02511,CRS0094,2024-11-02,Dropped,,9.2
EMP02511,CRS0032,2026-10-19,Completed,4.8,7.7
EMP02511,CRS0061,2026-03-27,Completed,4.8,23.0
EMP02511,CRS0001,2025-06-01,Completed,2.4,37.2
EMP02511,CRS0060,2026-05-14,In Progress,,12.8
EMP02512,CRS0093,2025-05-11,Dropped,,17.2
EMP02512,CRS0108,2024-05-15,Completed,3.9,20.2
EMP02512,CRS0002,2024-03-16,Completed,3.1,13.2
EMP02512,CRS0055,2026-07-02,Completed,2.5,24.2
EMP02513,CRS0062,2025-12-01,Completed,2.3,6.6
EMP02513,CRS0045,2025-01-18,Completed,2.6,23.8
EMP02513,CRS0016,2024-05-04,Completed,2.6,19.6
EMP02513,CRS0109,2026-08-18,Completed,3.4,24.3
EMP02514,CRS0124,2026-07-10,Completed,3.4,38.9
EMP02514,CRS0106,2025-05-08,Completed,4.0,30.2
EMP02514,CRS0140,2024-11-15,Dropped,,14.0
EMP02515,CRS0126,2025-11-17,Completed,4.1,5.4
EMP02515,CRS0131,2026-07-27,Completed,3.7,4.9
EMP02515,CRS0079,2025-06-27,Completed,4.0,34.6
EMP02515,CRS0034,2025-10-16,Completed,2.2,7.6
EMP02515,CRS0094,2026-10-24,Completed,4.2,34.6
EMP02516,CRS0090,2026-03-14,Completed,4.4,7.7
EMP02516,CRS0022,2025-07-26,Completed,3.4,11.2
EMP02516,CRS0087,2026-10-10,Completed,4.0,2.3
EMP02516,CRS0074,2025-05-12,Completed,4.1,32.8
EMP02517,CRS0029,2026-06-17,In Progress,,14.1
EMP02517,CRS0125,2024-02-12,Completed,3.7,36.4
EMP02518,CRS0005,2025-07-15,Dropped,,28.8
EMP02518,CRS0093,2025-05-21,Completed,5.0,21.3
EMP02518,CRS0108,2025-05-09,Dropped,,10.4
EMP02518,CRS0079,2025-10-01,Completed,3.4,39.4
EMP02518,CRS0098,2025-12-23,In Progress,,21.2
EMP02519,CRS0139,2025-12-28,Completed,3.5,30.2
EMP02519,CRS0053,2026-10-10,Completed,4.1,7.5
EMP02519,CRS0132,2024-06-24,Completed,3.2,11.5
EMP02519,CRS0070,2026-07-05,Dropped,,28.1
EMP02519,CRS0026,2025-08-27,In Progress,,31.8
EMP02520,CRS0014,2026-01-06,Completed,3.4,4.3
EMP02520,CRS0053,2024-10-02,Completed,4.6,6.3
EMP02520,CRS0112,2025-06-02,Completed,2.1,5.5
EMP02520,CRS0117,2025-05-01,Completed,4.3,7.1
EMP02520,CRS0098,2024-04-15,Dropped,,3.0
EMP02520,CRS0107,2025-03-27,Completed,2.4,19.4
EMP02521,CRS0058,2026-11-27,In Progress,,17.9
EMP02521,CRS0014,2024-04-02,Completed,3.9,4.3
EMP02521,CRS0091,2026-09-10,Completed,3.4,24.9
EMP02521,CRS0103,2025-06-13,Completed,3.7,14.6
EMP02522,CRS0045,2024-08-26,Dropped,,27.4
EMP02522,CRS0038,2024-11-26,Completed,3.8,28.7
EMP02522,CRS0101,2025-08-20,Completed,3.7,21.2
EMP02522,CRS0001,2026-01-12,In Progress,,13.4
EMP02523,CRS0096,2025-09-28,Completed,4.7,21.3
EMP02523,CRS0134,2024-12-02,In Progress,,4.6
EMP02524,CRS0120,2024-11-03,In Progress,,21.3
EMP02524,CRS0042,2024-07-12,Completed,3.3,23.5
EMP02524,CRS0084,2024-04-06,In Progress,,39.4
EMP02525,CRS0087,2025-08-04,Completed,2.4,16.9
EMP02525,CRS0023,2024-12-13,Completed,4.6,8.6
EMP02525,CRS0085,2026-12-26,Completed,3.7,28.6
EMP02525,CRS0096,2026-08-01,Completed,4.1,31.8
EMP02525,CRS0036,2024-06-05,Completed,3.7,20.7
EMP02525,CRS0120,2026-01-18,Completed,4.2,19.6
EMP02526,CRS0059,2026-04-04,Completed,4.4,23.4
EMP02526,CRS0037,2026-12-27,Completed,2.9,3.8
EMP02526,CRS0128,2026-07-26,In Progress,,22.6
EMP02526,CRS0118,2025-04-13,In Progress,,2.2
EMP02526,CRS0102,2024-05-04,Completed,3.8,14.3
EMP02527,CRS0133,2024-07-28,Completed,3.3,6.8
EMP02527,CRS0095,2024-10-27,Dropped,,8.7
EMP02528,CRS0063,2025-06-22,In Progress,,22.7
EMP02528,CRS0079,2025-04-18,Completed,3.2,18.9
EMP02528,CRS0102,2024-06-16,In Progress,,8.3
EMP02528,CRS0021,2026-03-28,In Progress,,34.2
EMP02528,CRS0003,2026-12-09,Completed,2.4,36.7
EMP02529,CRS0061,2025-01-28,Completed,2.2,26.5
EMP02529,CRS0121,2025-02-19,Dropped,,10.1
EMP02529,CRS0086,2024-01-20,In Progress,,19.1
EMP02529,CRS0023,2024-05-17,Completed,3.2,39.7
EMP02529,CRS0102,2024-02-10,Completed,3.6,36.2
EMP02529,CRS0014,2024-04-10,Completed,4.9,13.8
EMP02530,CRS0084,2025-10-27,Completed,4.9,35.1
EMP02530,CRS0105,2025-07-17,Dropped,,38.3
EMP02530,CRS0039,2024-12-17,In Progress,,12.9
EMP02530,CRS0071,2026-03-27,In Progress,,15.6
EMP02530,CRS0004,2025-05-21,Completed,4.8,13.4
EMP02530,CRS0027,2024-07-28,In Progress,,9.2
EMP02531,CRS0130,2024-05-23,Completed,3.0,14.5
EMP02531,CRS0043,2026-12-28,In Progress,,3.2
EMP02531,CRS0081,2026-01-13,Completed,4.5,2.5
EMP02532,CRS0073,2024-07-22,Completed,4.0,6.1
EMP02532,CRS0120,2026-03-28,Dropped,,35.4
EMP02532,CRS0025,2025-12-13,In Progress,,29.9
EMP02532,CRS0019,2026-01-21,Completed,4.6,28.9
EMP02532,CRS0039,2026-11-22,In Progress,,10.8
EMP02533,CRS0003,2025-07-03,Completed,2.0,35.1
EMP02533,CRS0123,2026-11-19,In Progress,,5.8
EMP02533,CRS0010,2025-05-16,Completed,4.1,36.8
EMP02533,CRS0077,2026-04-12,In Progress,,18.7
EMP02533,CRS0037,2025-05-15,Completed,4.8,32.4
EMP02534,CRS0096,2024-01-18,In Progress,,6.6
EMP02534,CRS0026,2025-12-11,Dropped,,25.9
EMP02534,CRS0034,2024-10-10,Completed,3.7,20.2
EMP02535,CRS0001,2025-05-04,Completed,2.3,10.1
EMP02535,CRS0095,2024-12-05,Completed,4.5,38.1
EMP02535,CRS0139,2024-04-14,In Progress,,13.7
EMP02536,CRS0032,2024-10-04,Completed,4.5,8.9
EMP02536,CRS0048,2026-05-01,Completed,2.1,36.9
EMP02537,CRS0104,2026-08-19,In Progress,,22.9
EMP02537,CRS0061,2024-10-19,Dropped,,16.2
EMP02537,CRS0083,2026-02-14,Completed,2.2,17.3
EMP02538,CRS0111,2026-03-27,Dropped,,22.6
EMP02538,CRS0124,2024-01-03,Completed,3.6,27.8
EMP02538,CRS0011,2025-07-10,In Progress,,3.8
EMP02538,CRS0137,2024-07-02,Completed,2.7,26.7
EMP02538,CRS0050,2024-05-09,Completed,2.6,17.6
EMP02538,CRS0037,2026-06-14,Completed,4.8,38.7
EMP02539,CRS0132,2024-08-05,Dropped,,11.7
EMP02539,CRS0111,2024-06-20,In Progress,,12.7
EMP02539,CRS0130,2025-09-26,Completed,3.5,21.7
EMP02539,CRS0043,2026-06-01,Completed,4.6,14.8
EMP02539,CRS0124,2025-01-17,Completed,2.4,7.0
EMP02539,CRS0058,2024-10-03,Completed,3.0,8.5
EMP02540,CRS0133,2026-12-06,Completed,4.7,22.8
EMP02540,CRS0108,2024-02-22,Completed,2.6,31.3
EMP02540,CRS0036,2026-10-23,In Progress,,36.5
EMP02540,CRS0123,2024-07-21,In Progress,,7.2
EMP02540,CRS0008,2025-02-15,Completed,3.0,9.3
EMP02540,CRS0127,2025-12-10,In Progress,,13.4
EMP02541,CRS0139,2024-05-08,In Progress,,12.8
EMP02541,CRS0080,2026-06-03,In Progress,,39.2
EMP02541,CRS0111,2024-11-16,In Progress,,35.8
EMP02541,CRS0126,2026-05-15,Completed,4.3,14.0
EMP02541,CRS0027,2024-04-23,Completed,3.9,33.9
EMP02542,CRS0097,2025-07-10,Dropped,,13.0
EMP02542,CRS0026,2026-02-11,Completed,4.7,20.8
EMP02542,CRS0073,2024-12-01,Completed,3.1,20.2
EMP02543,CRS0054,2024-10-02,Completed,2.9,31.3
EMP02543,CRS0066,2024-02-25,Completed,2.1,15.0
EMP02543,CRS0017,2026-03-13,Completed,3.4,15.8
EMP02544,CRS0094,2024-02-24,In Progress,,14.6
EMP02544,CRS0067,2024-07-08,In Progress,,30.9
EMP02544,CRS0014,2026-11-22,Completed,2.8,10.6
EMP02545,CRS0085,2026-02-27,Completed,4.3,28.2
EMP02545,CRS0119,2025-07-03,Completed,3.6,15.0
EMP02545,CRS0023,2024-04-06,Dropped,,6.0
EMP02545,CRS0096,2025-02-03,Completed,2.3,12.5
EMP02546,CRS0082,2026-02-07,Completed,4.5,28.4
EMP02546,CRS0100,2026-09-26,Completed,2.3,6.9
EMP02546,CRS0062,2025-09-08,Completed,4.8,17.9
EMP02546,CRS0004,2026-04-10,Completed,4.2,5.0
EMP02546,CRS0108,2024-02-19,In Progress,,18.2
EMP02546,CRS0013,2024-01-19,Completed,2.6,24.6
EMP02547,CRS0111,2024-09-08,Dropped,,26.6
EMP02547,CRS0089,2026-05-13,In Progress,,2.2
EMP02548,CRS0078,2026-11-22,Completed,4.8,15.6
EMP02548,CRS0136,2026-09-22,Completed,4.6,35.9
EMP02548,CRS0021,2026-01-23,Completed,2.2,29.7
EMP02549,CRS0033,2026-07-27,Completed,2.5,19.5
EMP02549,CRS0017,2025-06-14,Dropped,,26.9
EMP02549,CRS0044,2025-05-06,Completed,3.1,24.3
EMP02549,CRS0007,2024-03-15,Completed,4.8,14.4
EMP02549,CRS0052,2026-05-10,In Progress,,14.1
EMP02549,CRS0004,2025-08-02,Completed,3.0,30.3
EMP02550,CRS0107,2026-09-17,In Progress,,34.1
EMP02550,CRS0037,2025-09-10,In Progress,,29.1
EMP02551,CRS0019,2025-09-27,In Progress,,13.0
EMP02551,CRS0104,2024-06-27,Dropped,,2.7
EMP02551,CRS0092,2026-12-17,Completed,3.9,12.4
EMP02551,CRS0134,2024-01-17,Dropped,,14.9
EMP02551,CRS0077,2026-10-24,Completed,3.9,11.9
EMP02551,CRS0017,2024-10-27,Dropped,,33.0
EMP02552,CRS0082,2025-04-23,Completed,2.2,23.2
EMP02552,CRS0066,2024-11-01,Dropped,,37.1
EMP02553,CRS0071,2024-02-02,Completed,4.4,34.5
EMP02553,CRS0129,2026-05-19,In Progress,,38.4
EMP02553,CRS0119,2025-08-07,Completed,2.1,29.9
EMP02553,CRS0074,2025-11-06,In Progress,,16.2
EMP02553,CRS0090,2025-08-10,Completed,2.2,35.9
EMP02554,CRS0076,2026-08-09,Completed,4.4,25.3
EMP02554,CRS0064,2024-12-17,Completed,3.9,3.1
EMP02554,CRS0035,2026-09-27,Completed,4.2,32.8
EMP02554,CRS0092,2026-09-02,In Progress,,21.7
EMP02554,CRS0028,2025-06-05,Dropped,,18.5
EMP02555,CRS0133,2026-08-07,Completed,3.3,34.4
EMP02555,CRS0093,2026-01-02,Completed,4.5,4.0
EMP02555,CRS0058,2026-07-16,Completed,2.6,15.2
EMP02555,CRS0009,2025-09-25,Completed,2.6,32.2
EMP02556,CRS0099,2024-11-08,Completed,2.3,6.8
EMP02556,CRS0019,2025-10-01,Completed,4.7,36.5
EMP02556,CRS0036,2025-06-27,In Progress,,21.4
EMP02556,CRS0132,2025-04-12,Dropped,,20.8
EMP02556,CRS0139,2025-04-09,Completed,2.8,32.7
EMP02557,CRS0129,2024-01-14,Completed,2.9,31.1
EMP02557,CRS0095,2025-04-11,In Progress,,15.0
EMP02557,CRS0059,2025-06-05,In Progress,,26.7
EMP02558,CRS0131,2025-07-21,Completed,4.4,38.0
EMP02558,CRS0012,2026-11-07,Completed,4.6,14.2
EMP02558,CRS0014,2025-12-12,In Progress,,26.1
EMP02558,CRS0021,2026-08-15,Completed,3.0,19.1
EMP02558,CRS0128,2024-01-26,Completed,3.1,34.1
EMP02558,CRS0103,2024-03-15,In Progress,,36.1
EMP02559,CRS0025,2024-03-11,Completed,3.3,14.6
EMP02559,CRS0062,2024-06-05,Completed,3.0,25.5
EMP02559,CRS0120,2026-02-04,Completed,4.9,3.8
EMP02560,CRS0016,2025-11-15,Completed,3.7,11.8
EMP02560,CRS0103,2024-06-02,Completed,3.8,27.3
EMP02560,CRS0074,2024-07-19,Completed,3.7,8.6
EMP02560,CRS0054,2024-02-20,In Progress,,27.4
EMP02560,CRS0110,2026-08-23,In Progress,,28.2
EMP02560,CRS0113,2024-09-13,In Progress,,19.6
EMP02561,CRS0071,2026-02-23,Completed,3.8,36.0
EMP02561,CRS0115,2024-08-25,Completed,3.7,15.5
EMP02561,CRS0064,2026-04-01,Completed,4.7,23.9
EMP02561,CRS0015,2026-08-26,Completed,2.9,5.7
EMP02561,CRS0033,2026-07-24,Completed,3.8,37.0
EMP02562,CRS0024,2026-11-28,Dropped,,3.5
EMP02562,CRS0100,2026-08-07,In Progress,,5.7
EMP02562,CRS0020,2024-08-17,In Progress,,15.2
EMP02562,CRS0064,2026-12-03,Completed,4.1,7.4
EMP02562,CRS0124,2026-09-23,Completed,4.7,28.7
EMP02563,CRS0053,2026-08-22,Completed,5.0,16.7
EMP02563,CRS0079,2026-07-18,In Progress,,21.7
EMP02563,CRS0140,2026-10-19,Completed,3.2,14.9
EMP02563,CRS0115,2024-05-13,Completed,2.5,31.5
EMP02563,CRS0119,2025-09-19,In Progress,,4.8
EMP02563,CRS0070,2026-11-06,Completed,3.5,5.2
EMP02564,CRS0053,2026-10-22,Completed,2.8,37.4
EMP02564,CRS0125,2026-10-07,Completed,2.8,5.0
EMP02565,CRS0136,2024-09-06,Dropped,,17.7
EMP02565,CRS0104,2026-07-18,Completed,3.8,18.9
EMP02565,CRS0132,2024-02-06,Completed,3.1,35.0
EMP02565,CRS0065,2025-03-26,Completed,4.0,10.1
EMP02565,CRS0137,2025-10-01,In Progress,,22.4
EMP02565,CRS0125,2024-12-05,Completed,2.6,17.4
EMP02566,CRS0027,2025-12-17,Completed,4.0,32.4
EMP02566,CRS0084,2026-10-17,Completed,2.2,30.9
EMP02566,CRS0031,2026-02-26,In Progress,,30.4
EMP02566,CRS0100,2026-09-15,Completed,4.7,14.4
EMP02566,CRS0055,2024-05-08,Completed,2.8,22.0
EMP02566,CRS0074,2026-11-14,Dropped,,4.0
EMP02567,CRS0076,2024-04-23,Completed,3.8,22.9
EMP02567,CRS0017,2026-08-20,Dropped,,25.8
EMP02567,CRS0102,2026-08-26,Completed,3.6,21.5
EMP02567,CRS0126,2024-05-23,Completed,2.8,33.4
EMP02567,CRS0030,2026-08-11,Completed,4.1,10.0
EMP02568,CRS0052,2026-12-17,Completed,3.4,2.6
EMP02568,CRS0094,2025-04-07,In Progress,,37.0
EMP02568,CRS0107,2024-04-21,In Progress,,30.1
EMP02569,CRS0137,2024-06-07,Completed,3.5,23.9
EMP02569,CRS0086,2025-08-25,Completed,4.2,35.6
EMP02570,CRS0031,2026-08-27,Completed,4.0,13.1
EMP02570,CRS0132,2026-04-19,Dropped,,21.5
EMP02570,CRS0120,2024-04-12,Completed,4.1,19.9
EMP02571,CRS0032,2026-10-06,In Progress,,11.9
EMP02571,CRS0034,2025-09-27,Dropped,,29.3
EMP02571,CRS0049,2024-02-05,In Progress,,18.8
EMP02572,CRS0126,2024-04-03,Completed,2.7,11.2
EMP02572,CRS0031,2026-08-21,Completed,3.8,19.1
EMP02572,CRS0016,2026-07-22,Completed,2.8,8.6
EMP02572,CRS0024,2026-05-05,Completed,4.8,28.0
EMP02573,CRS0046,2024-01-27,Completed,3.6,11.5
EMP02573,CRS0052,2024-03-21,Dropped,,18.0
EMP02573,CRS0126,2026-05-27,Completed,3.5,17.6
EMP02573,CRS0112,2025-12-23,Completed,3.7,30.9
EMP02573,CRS0103,2026-06-22,In Progress,,12.0
EMP02573,CRS0057,2024-11-20,Completed,4.5,7.7
EMP02574,CRS0067,2026-02-01,Completed,3.7,36.3
EMP02574,CRS0026,2024-12-20,Completed,4.3,38.8
EMP02574,CRS0107,2024-05-21,Completed,4.8,7.6
EMP02574,CRS0102,2026-05-16,Dropped,,24.7
EMP02575,CRS0028,2026-06-05,Completed,2.4,32.7
EMP02575,CRS0088,2026-06-21,Completed,3.5,28.0
EMP02575,CRS0089,2024-03-22,Dropped,,6.9
EMP02576,CRS0016,2025-10-28,Completed,2.1,27.3
EMP02576,CRS0037,2025-04-03,In Progress,,24.7
EMP02576,CRS0055,2026-06-14,Completed,2.3,31.7
EMP02576,CRS0129,2024-10-13,In Progress,,28.7
EMP02577,CRS0066,2025-11-23,Completed,3.0,36.4
EMP02577,CRS0129,2024-02-23,In Progress,,35.9
EMP02577,CRS0061,2025-09-27,In Progress,,19.5
EMP02578,CRS0055,2025-04-27,In Progress,,14.8
EMP02578,CRS0136,2026-07-10,Completed,2.4,24.8
EMP02578,CRS0120,2024-01-03,In Progress,,6.4
EMP02578,CRS0068,2024-03-24,In Progress,,24.2
EMP02579,CRS0008,2025-07-20,Completed,4.0,11.3
EMP02579,CRS0114,2024-10-26,Completed,2.4,14.7
EMP02580,CRS0048,2025-06-06,Completed,4.1,7.1
EMP02580,CRS0136,2024-10-17,In Progress,,3.0
EMP02580,CRS0042,2026-11-08,Completed,2.6,38.9
EMP02581,CRS0133,2026-08-18,Completed,3.0,27.7
EMP02581,CRS0136,2025-12-07,In Progress,,20.2
EMP02581,CRS0035,2024-06-19,In Progress,,8.1
EMP02582,CRS0134,2025-03-23,Completed,3.2,21.6
EMP02582,CRS0102,2024-08-14,Completed,4.4,26.5
EMP02582,CRS0001,2026-04-24,Completed,4.1,30.1
EMP02582,CRS0015,2026-02-14,Completed,3.4,29.3
EMP02582,CRS0002,2026-01-13,Completed,3.7,24.8
EMP02582,CRS0005,2024-06-05,In Progress,,15.2
EMP02583,CRS0009,2025-11-25,Completed,2.3,37.5
EMP02583,CRS0025,2025-10-23,Completed,4.8,12.1
EMP02583,CRS0039,2025-07-16,In Progress,,13.4
EMP02583,CRS0124,2025-08-18,Completed,2.5,33.8
EMP02583,CRS0071,2024-12-22,In Progress,,7.7
EMP02584,CRS0036,2024-11-05,Completed,2.1,21.0
EMP02584,CRS0089,2025-11-12,Completed,2.4,20.2
EMP02584,CRS0140,2026-07-13,In Progress,,36.7
EMP02585,CRS0038,2026-03-17,Completed,2.4,33.9
EMP02585,CRS0022,2026-09-02,In Progress,,5.4
EMP02586,CRS0043,2026-08-09,In Progress,,14.8
EMP02586,CRS0132,2024-05-01,Completed,4.3,6.7
EMP02586,CRS0051,2026-12-27,Completed,3.6,9.1
EMP02587,CRS0061,2024-03-09,Completed,4.3,20.1
EMP02587,CRS0062,2024-09-12,Completed,4.1,37.3
EMP02587,CRS0090,2025-04-23,Completed,2.5,13.0
EMP02587,CRS0020,2024-02-20,Dropped,,8.5
EMP02587,CRS0021,2024-02-16,In Progress,,20.3
EMP02587,CRS0091,2024-10-13,In Progress,,27.0
EMP02588,CRS0022,2024-08-21,In Progress,,28.4
EMP02588,CRS0005,2025-06-14,Completed,2.7,36.1
EMP02588,CRS0028,2026-01-03,Completed,2.5,26.8
EMP02589,CRS0128,2024-07-13,Dropped,,30.7
EMP02589,CRS0079,2024-10-12,Completed,4.2,19.2
EMP02589,CRS0058,2026-05-17,Dropped,,38.9
EMP02589,CRS0009,2025-12-14,Completed,2.5,28.4
EMP02589,CRS0040,2024-06-19,Completed,2.4,18.0
EMP02590,CRS0130,2024-07-24,Completed,2.2,19.9
EMP02590,CRS0057,2024-04-11,Completed,3.8,37.5
EMP02590,CRS0043,2026-02-16,In Progress,,11.9
EMP02590,CRS0135,2025-08-20,Completed,3.0,26.9
EMP02590,CRS0039,2025-07-17,Completed,3.5,22.8
EMP02591,CRS0097,2024-09-13,Completed,3.2,35.6
EMP02591,CRS0014,2026-09-09,In Progress,,10.6
EMP02591,CRS0100,2024-08-19,Completed,4.6,3.7
EMP02591,CRS0091,2024-12-09,Dropped,,22.4
EMP02591,CRS0007,2025-01-07,Completed,4.8,17.8
EMP02592,CRS0110,2026-02-16,Completed,4.3,16.1
EMP02592,CRS0047,2026-10-12,Completed,4.7,9.3
EMP02592,CRS0050,2025-08-02,Completed,2.8,17.6
EMP02592,CRS0007,2025-06-13,In Progress,,39.2
EMP02593,CRS0011,2025-03-24,Completed,2.8,26.6
EMP02593,CRS0065,2024-07-28,Dropped,,13.6
EMP02594,CRS0070,2026-07-02,In Progress,,22.9
EMP02594,CRS0119,2024-12-04,In Progress,,35.4
EMP02594,CRS0071,2024-09-27,Completed,4.7,33.2
EMP02594,CRS0136,2025-02-28,Completed,3.6,16.2
EMP02594,CRS0092,2025-11-28,Completed,3.7,18.2
EMP02595,CRS0006,2024-11-05,Completed,2.9,27.3
EMP02595,CRS0105,2024-01-21,Completed,4.7,22.2
EMP02595,CRS0010,2026-02-15,In Progress,,29.1
EMP02595,CRS0135,2024-12-20,Dropped,,8.7
EMP02596,CRS0139,2024-08-16,Completed,4.3,34.5
EMP02596,CRS0016,2025-06-22,In Progress,,20.0
EMP02596,CRS0132,2024-08-03,In Progress,,36.8
EMP02597,CRS0020,2025-04-09,Completed,2.9,24.4
EMP02597,CRS0098,2025-08-09,In Progress,,26.7
EMP02597,CRS0037,2026-06-19,Completed,2.2,6.1
EMP02597,CRS0079,2025-07-05,Completed,3.0,15.2
EMP02597,CRS0122,2024-05-23,Completed,4.5,19.3
EMP02597,CRS0110,2024-02-27,Dropped,,39.7
EMP02598,CRS0099,2026-08-25,Completed,3.5,37.6
EMP02598,CRS0066,2024-10-09,Completed,4.8,4.1
EMP02598,CRS0049,2026-12-16,Completed,3.0,13.0
EMP02598,CRS0089,2025-09-07,Completed,2.3,7.4
EMP02598,CRS0121,2026-08-12,Dropped,,11.7
EMP02598,CRS0020,2024-09-20,In Progress,,8.1
EMP02599,CRS0018,2025-02-15,Dropped,,15.2
EMP02599,CRS0036,2024-05-05,In Progress,,19.9
EMP02599,CRS0106,2024-04-18,In Progress,,39.9
EMP02599,CRS0073,2025-07-13,Completed,3.0,15.0
EMP02599,CRS0071,2024-08-23,In Progress,,29.3
EMP02600,CRS0129,2024-11-11,In Progress,,38.5
EMP02600,CRS0040,2025-04-24,Dropped,,12.6
EMP02600,CRS0136,2026-02-12,Completed,3.9,38.2
EMP02600,CRS0121,2024-09-25,Dropped,,21.3
EMP02600,CRS0071,2026-05-16,Completed,4.1,32.6
EMP02601,CRS0099,2024-06-22,Completed,2.8,22.6
EMP02601,CRS0042,2024-07-28,In Progress,,7.6
EMP02601,CRS0124,2024-04-16,In Progress,,39.5
EMP02601,CRS0058,2024-07-03,Completed,4.9,32.5
EMP02601,CRS0140,2026-12-20,Completed,2.5,16.9
EMP02602,CRS0056,2024-10-24,Completed,4.8,7.9
EMP02602,CRS0121,2025-11-26,In Progress,,24.9
EMP02602,CRS0109,2025-12-10,Completed,2.5,8.2
EMP02602,CRS0132,2025-11-18,Dropped,,2.8
EMP02603,CRS0050,2026-03-03,Completed,3.7,38.5
EMP02603,CRS0023,2025-10-21,Completed,4.3,25.5
EMP02603,CRS0048,2026-03-24,Completed,4.4,20.3
EMP02603,CRS0103,2024-09-15,Completed,2.4,23.8
EMP02603,CRS0080,2024-02-01,Completed,4.6,33.5
EMP02603,CRS0043,2024-03-23,Completed,2.6,6.2
EMP02604,CRS0004,2025-07-27,Completed,3.5,3.1
EMP02604,CRS0078,2025-08-04,Completed,2.4,27.6
EMP02604,CRS0068,2026-11-25,Completed,2.2,20.8
EMP02604,CRS0098,2025-01-13,In Progress,,29.1
EMP02604,CRS0126,2025-12-04,Completed,3.3,38.3
EMP02604,CRS0089,2025-07-24,Dropped,,19.3
EMP02605,CRS0097,2026-04-19,Completed,3.9,34.5
EMP02605,CRS0054,2025-05-04,Completed,3.4,30.1
EMP02605,CRS0021,2024-05-15,Completed,4.1,31.2
EMP02605,CRS0029,2025-04-17,Completed,2.8,33.3
EMP02605,CRS0008,2026-01-26,Completed,3.3,33.2
EMP02605,CRS0140,2025-02-22,In Progress,,2.5
EMP02606,CRS0107,2025-02-17,Completed,4.9,4.1
EMP02606,CRS0082,2025-10-23,Completed,4.3,11.9
EMP02606,CRS0030,2025-11-20,Completed,3.4,6.3
EMP02607,CRS0062,2026-05-21,Completed,2.2,8.3
EMP02607,CRS0092,2024-03-16,In Progress,,19.3
EMP02607,CRS0086,2026-11-19,In Progress,,24.9
EMP02608,CRS0029,2026-10-19,Completed,2.5,25.6
EMP02608,CRS0079,2024-02-21,Completed,2.8,23.2
EMP02608,CRS0117,2026-09-10,In Progress,,39.9
EMP02609,CRS0031,2026-04-17,Dropped,,13.9
EMP02609,CRS0114,2026-09-26,Completed,4.3,19.0
EMP02609,CRS0090,2026-09-21,In Progress,,36.3
EMP02609,CRS0046,2024-09-18,In Progress,,7.2
EMP02609,CRS0107,2024-08-04,Completed,3.2,36.0
EMP02610,CRS0084,2024-09-28,Completed,3.0,30.7
EMP02610,CRS0007,2025-04-08,Completed,3.9,24.5
EMP02610,CRS0129,2026-03-20,Completed,4.8,26.4
EMP02610,CRS0022,2025-12-07,Completed,2.2,16.7
EMP02610,CRS0080,2024-12-17,Completed,4.1,31.2
EMP02610,CRS0109,2026-11-13,Completed,4.1,9.4
EMP02611,CRS0012,2025-11-11,Completed,4.7,17.4
EMP02611,CRS0053,2026-05-23,In Progress,,14.9
EMP02611,CRS0010,2026-02-10,In Progress,,9.6
EMP02611,CRS0100,2025-04-25,Completed,2.0,17.4
EMP02612,CRS0034,2024-03-07,Completed,3.3,30.9
EMP02612,CRS0094,2026-11-19,In Progress,,29.0
EMP02612,CRS0140,2025-12-27,Completed,4.9,37.9
EMP02613,CRS0091,2026-05-06,Dropped,,36.9
EMP02613,CRS0043,2026-03-26,Completed,3.1,21.2
EMP02613,CRS0040,2024-04-01,Completed,4.3,15.3
EMP02613,CRS0034,2024-03-27,Completed,4.0,27.6
EMP02613,CRS0065,2024-12-10,Completed,4.4,8.3
EMP02613,CRS0100,2026-01-18,Completed,2.5,7.7
EMP02614,CRS0074,2025-06-25,In Progress,,31.4
EMP02614,CRS0102,2025-11-28,Completed,3.2,35.4
EMP02615,CRS0073,2024-06-16,Completed,4.0,19.5
EMP02615,CRS0012,2024-03-28,Completed,2.4,39.8
EMP02615,CRS0124,2024-06-14,Completed,5.0,8.3
EMP02615,CRS0030,2025-08-18,Dropped,,8.2
EMP02616,CRS0048,2025-06-11,Completed,2.8,32.5
EMP02616,CRS0018,2024-01-12,Completed,4.3,9.4
EMP02616,CRS0098,2025-02-23,Completed,4.4,9.7
EMP02617,CRS0072,2024-10-03,Completed,4.5,19.9
EMP02617,CRS0011,2024-09-05,Completed,3.3,26.7
EMP02617,CRS0045,2026-03-27,In Progress,,30.2
EMP02617,CRS0009,2024-07-12,Completed,4.4,8.4
EMP02617,CRS0126,2025-03-20,In Progress,,19.5
EMP02617,CRS0029,2025-08-08,Completed,4.2,8.8
EMP02618,CRS0011,2026-06-25,Completed,4.5,22.9
EMP02618,CRS0042,2024-09-24,Completed,4.9,5.1
EMP02618,CRS0045,2024-07-10,Completed,3.9,6.9
EMP02619,CRS0071,2024-05-10,Completed,4.1,9.1
EMP02619,CRS0046,2024-02-16,Completed,4.6,15.2
EMP02619,CRS0005,2024-02-12,In Progress,,18.2
EMP02619,CRS0037,2025-08-21,Completed,4.7,28.4
EMP02619,CRS0114,2024-03-09,Completed,4.9,37.3
EMP02619,CRS0134,2025-02-21,Completed,2.9,13.6
EMP02620,CRS0074,2026-04-03,Completed,3.8,20.6
EMP02620,CRS0078,2024-11-21,Completed,2.7,23.4
EMP02620,CRS0049,2025-10-20,Completed,4.6,29.3
EMP02620,CRS0097,2024-04-06,Completed,5.0,23.9
EMP02621,CRS0086,2026-06-17,Completed,4.3,20.7
EMP02621,CRS0134,2025-07-21,Completed,3.6,30.8
EMP02622,CRS0038,2024-05-24,Completed,3.7,33.7
EMP02622,CRS0051,2024-10-03,Completed,2.1,23.3
EMP02622,CRS0049,2026-03-04,Completed,3.4,20.9
EMP02622,CRS0105,2026-04-07,Completed,3.2,29.5
EMP02623,CRS0009,2025-04-10,Completed,3.4,15.0
EMP02623,CRS0108,2024-03-25,Completed,2.7,17.1
EMP02623,CRS0099,2025-12-11,Completed,2.2,11.2
EMP02623,CRS0085,2025-01-10,Completed,4.4,37.5
EMP02623,CRS0033,2024-08-03,In Progress,,24.0
EMP02623,CRS0092,2025-10-02,Completed,4.0,31.9
EMP02624,CRS0116,2025-07-27,Completed,3.4,22.8
EMP02624,CRS0010,2026-09-02,In Progress,,39.2
EMP02624,CRS0068,2026-03-11,In Progress,,39.6
EMP02624,CRS0017,2024-06-07,In Progress,,25.3
EMP02624,CRS0133,2025-12-25,Completed,4.6,6.2
EMP02624,CRS0105,2024-05-01,Completed,3.1,33.4
EMP02625,CRS0074,2024-10-10,Dropped,,20.3
EMP02625,CRS0090,2026-04-24,Completed,4.9,14.1
EMP02625,CRS0022,2024-09-20,Dropped,,14.5
EMP02626,CRS0003,2024-05-26,Completed,2.6,27.3
EMP02626,CRS0027,2026-08-12,Completed,4.3,33.3
EMP02626,CRS0009,2026-05-21,Completed,4.6,29.2
EMP02626,CRS0096,2024-06-23,Completed,4.9,8.0
EMP02626,CRS0045,2025-08-16,Completed,2.4,34.6
EMP02627,CRS0032,2026-08-07,Completed,4.9,13.2
EMP02627,CRS0128,2026-08-15,In Progress,,30.4
EMP02627,CRS0058,2026-08-20,Completed,2.9,16.4
EMP02627,CRS0033,2024-01-03,Completed,4.4,10.6
EMP02627,CRS0102,2024-02-09,Completed,4.5,27.6
EMP02627,CRS0095,2024-09-08,Completed,2.2,30.6
EMP02628,CRS0038,2024-08-17,Completed,2.6,31.7
EMP02628,CRS0098,2025-04-21,Completed,2.5,17.4
EMP02628,CRS0016,2025-10-19,Completed,4.7,32.5
EMP02628,CRS0060,2025-12-02,Completed,2.4,18.8
EMP02628,CRS0078,2025-04-18,Completed,4.7,29.8
EMP02629,CRS0063,2024-07-09,Completed,3.5,7.5
EMP02629,CRS0034,2026-01-03,Completed,2.7,38.1
EMP02629,CRS0039,2024-02-21,Completed,3.5,38.7
EMP02629,CRS0024,2024-09-03,Completed,2.2,8.9
EMP02629,CRS0122,2025-07-21,Completed,4.1,34.1
EMP02629,CRS0080,2026-06-20,Completed,4.4,24.9
EMP02630,CRS0102,2024-02-27,In Progress,,14.3
EMP02630,CRS0087,2026-06-19,Completed,4.3,2.3
EMP02630,CRS0067,2024-05-18,Completed,4.5,21.8
EMP02631,CRS0017,2026-01-18,Dropped,,3.3
EMP02631,CRS0132,2024-10-19,In Progress,,35.6
EMP02631,CRS0057,2024-12-16,Completed,4.5,34.8
EMP02631,CRS0047,2026-12-27,Completed,3.8,28.7
EMP02631,CRS0086,2024-08-09,Completed,2.5,35.0
EMP02632,CRS0071,2025-04-11,In Progress,,6.8
EMP02632,CRS0021,2026-02-27,In Progress,,32.1
EMP02632,CRS0135,2025-09-12,In Progress,,32.9
EMP02633,CRS0102,2025-10-21,Completed,3.1,8.4
EMP02633,CRS0131,2025-03-11,Completed,3.4,36.7
EMP02633,CRS0051,2024-01-14,In Progress,,19.1
EMP02634,CRS0096,2024-07-08,Completed,3.8,3.5
EMP02634,CRS0093,2025-10-16,Completed,2.5,15.0
EMP02634,CRS0098,2025-07-05,Completed,3.1,15.0
EMP02635,CRS0128,2024-09-05,Dropped,,21.5
EMP02635,CRS0129,2025-04-23,In Progress,,14.3
EMP02635,CRS0042,2024-05-25,In Progress,,31.2
EMP02636,CRS0010,2026-07-21,Dropped,,29.1
EMP02636,CRS0015,2024-08-02,Completed,3.8,7.9
EMP02636,CRS0043,2026-09-03,Completed,4.0,19.4
EMP02637,CRS0136,2025-07-05,Completed,3.4,28.6
EMP02637,CRS0081,2024-07-11,Dropped,,15.6
EMP02637,CRS0140,2026-12-14,Dropped,,9.3
EMP02637,CRS0043,2025-04-17,Completed,2.2,33.5
EMP02638,CRS0053,2024-04-28,Completed,3.7,3.2
EMP02638,CRS0025,2026-01-12,Dropped,,21.5
EMP02638,CRS0024,2025-03-22,Completed,2.0,9.4
EMP02638,CRS0039,2025-01-09,Dropped,,11.4
EMP02638,CRS0131,2026-01-06,In Progress,,39.4
EMP02638,CRS0027,2025-03-02,In Progress,,19.1
EMP02639,CRS0073,2024-02-16,Completed,4.0,11.4
EMP02639,CRS0077,2025-06-04,Completed,3.7,31.1
EMP02639,CRS0124,2024-11-26,Completed,3.6,28.8
EMP02639,CRS0034,2026-09-25,Dropped,,39.8
EMP02639,CRS0036,2025-10-12,Completed,4.3,11.7
EMP02640,CRS0051,2026-08-24,Completed,4.5,18.4
EMP02640,CRS0135,2026-08-23,Dropped,,29.4
EMP02640,CRS0128,2026-02-03,Completed,3.0,38.1
EMP02640,CRS0123,2024-10-15,Completed,4.2,21.0
EMP02640,CRS0039,2025-10-15,In Progress,,23.8
EMP02640,CRS0097,2026-02-16,In Progress,,5.5
EMP02641,CRS0001,2026-04-25,In Progress,,18.7
EMP02641,CRS0046,2026-06-16,Completed,4.4,6.2
EMP02642,CRS0003,2024-05-22,Completed,4.7,24.4
EMP02642,CRS0076,2025-05-14,Completed,3.5,33.1
EMP02642,CRS0092,2025-06-26,In Progress,,33.5
EMP02643,CRS0038,2024-08-02,Completed,4.4,15.1
EMP02643,CRS0016,2024-05-09,Completed,2.3,21.5
EMP02643,CRS0137,2024-03-22,In Progress,,8.2
EMP02643,CRS0103,2026-02-13,Completed,4.2,39.0
EMP02644,CRS0074,2026-03-10,Completed,3.0,21.9
EMP02644,CRS0079,2026-10-21,Completed,3.6,23.1
EMP02644,CRS0054,2024-11-07,Completed,4.5,21.8
EMP02644,CRS0098,2025-07-06,Completed,4.3,32.8
EMP02644,CRS0023,2024-03-03,In Progress,,18.7
EMP02645,CRS0115,2025-12-19,Completed,4.4,11.1
EMP02645,CRS0015,2024-10-20,Completed,3.4,5.8
EMP02645,CRS0033,2024-01-18,Dropped,,27.1
EMP02645,CRS0085,2026-03-28,Completed,3.7,21.3
EMP02645,CRS0052,2026-02-09,Completed,2.2,28.7
EMP02646,CRS0094,2025-09-24,In Progress,,17.8
EMP02646,CRS0044,2024-10-11,Dropped,,27.1
EMP02646,CRS0092,2025-08-11,Completed,4.2,6.1
EMP02646,CRS0049,2026-02-05,Completed,2.5,15.4
EMP02647,CRS0064,2024-04-04,Completed,4.7,28.0
EMP02647,CRS0098,2026-04-19,Completed,4.4,32.1
EMP02647,CRS0137,2024-11-28,In Progress,,28.8
EMP02647,CRS0089,2026-06-27,Completed,2.2,32.3
EMP02648,CRS0002,2025-12-03,Completed,2.1,21.3
EMP02648,CRS0111,2025-09-07,Completed,2.8,15.9
EMP02648,CRS0064,2026-07-11,Completed,2.6,18.6
EMP02648,CRS0083,2026-02-05,In Progress,,5.3
EMP02649,CRS0136,2026-10-02,Completed,3.2,20.8
EMP02649,CRS0070,2024-05-08,Completed,4.7,19.0
EMP02650,CRS0103,2024-01-06,Completed,3.3,30.2
EMP02650,CRS0032,2026-12-13,Completed,4.4,36.8
EMP02650,CRS0104,2024-11-10,In Progress,,37.4
EMP02651,CRS0099,2025-12-14,In Progress,,26.0
EMP02651,CRS0054,2025-05-20,Dropped,,4.5
EMP02652,CRS0059,2026-08-21,Completed,3.6,38.9
EMP02652,CRS0135,2026-03-11,Completed,2.9,10.8
EMP02652,CRS0114,2026-01-01,Completed,4.0,16.5
EMP02652,CRS0104,2024-03-10,Completed,2.7,19.9
EMP02653,CRS0079,2024-06-01,Completed,4.2,29.8
EMP02653,CRS0019,2025-04-23,Completed,3.6,14.2
EMP02654,CRS0084,2026-12-22,In Progress,,18.4
EMP02654,CRS0002,2024-08-17,Completed,2.6,22.8
EMP02654,CRS0047,2025-07-16,Completed,3.2,16.7
EMP02655,CRS0077,2026-08-17,Completed,3.2,39.1
EMP02655,CRS0135,2026-11-21,In Progress,,26.5
EMP02656,CRS0051,2025-11-02,Completed,5.0,20.6
EMP02656,CRS0130,2024-05-14,Completed,2.4,24.4
EMP02656,CRS0017,2026-07-25,Completed,2.1,15.9
EMP02656,CRS0040,2024-02-16,Completed,3.3,13.5
EMP02656,CRS0069,2026-01-04,Completed,3.8,36.9
EMP02657,CRS0007,2024-04-06,In Progress,,21.3
EMP02657,CRS0048,2026-11-15,Completed,4.4,33.3
EMP02657,CRS0124,2025-12-16,In Progress,,5.3
EMP02658,CRS0050,2024-11-08,Completed,3.2,24.7
EMP02658,CRS0024,2025-12-11,In Progress,,6.6
EMP02659,CRS0089,2024-03-28,Completed,2.7,22.4
EMP02659,CRS0047,2024-08-02,In Progress,,36.5
EMP02659,CRS0132,2024-08-11,In Progress,,38.5
EMP02660,CRS0003,2026-08-19,Completed,3.1,6.9
EMP02660,CRS0069,2024-07-25,Completed,3.1,37.5
EMP02660,CRS0124,2026-01-04,Completed,4.6,17.8
EMP02660,CRS0070,2024-09-04,Completed,4.8,16.7
EMP02660,CRS0017,2025-03-05,In Progress,,19.8
EMP02661,CRS0023,2026-06-05,In Progress,,5.9
EMP02661,CRS0067,2024-07-27,Completed,3.2,9.1
EMP02661,CRS0117,2026-06-10,Completed,3.4,10.3
EMP02662,CRS0122,2025-03-15,Completed,2.4,14.5
EMP02662,CRS0086,2024-09-25,In Progress,,20.4
EMP02662,CRS0091,2026-08-16,Completed,2.9,18.4
EMP02662,CRS0109,2026-05-12,Completed,2.2,23.1
EMP02663,CRS0076,2025-07-10,Completed,4.2,6.4
EMP02663,CRS0133,2025-04-10,In Progress,,14.0
EMP02663,CRS0010,2024-09-13,Completed,4.1,15.7
EMP02663,CRS0058,2026-09-04,Dropped,,6.4
EMP02663,CRS0095,2024-05-08,Dropped,,31.2
EMP02664,CRS0009,2024-07-20,Completed,3.2,4.9
EMP02664,CRS0045,2025-02-22,Completed,2.8,25.7
EMP02665,CRS0127,2025-11-02,In Progress,,28.3
EMP02665,CRS0055,2024-05-08,In Progress,,31.9
EMP02665,CRS0140,2026-05-19,Completed,2.0,15.0
EMP02666,CRS0026,2026-02-21,In Progress,,3.8
EMP02666,CRS0064,2026-08-22,Completed,2.7,20.0
EMP02667,CRS0072,2025-06-09,Completed,4.8,27.2
EMP02667,CRS0018,2024-01-05,Completed,3.0,34.3
EMP02667,CRS0115,2024-11-07,Completed,4.0,6.3
EMP02668,CRS0011,2025-04-06,Completed,2.5,27.6
EMP02668,CRS0116,2024-05-17,Dropped,,13.9
EMP02668,CRS0130,2025-11-11,Completed,3.1,11.1
EMP02668,CRS0017,2026-08-21,In Progress,,36.0
EMP02669,CRS0112,2025-11-09,In Progress,,8.5
EMP02669,CRS0063,2024-12-15,Completed,4.8,12.7
EMP02669,CRS0041,2026-12-20,Dropped,,9.9
EMP02669,CRS0061,2025-08-12,In Progress,,39.4
EMP02669,CRS0134,2024-01-05,Completed,4.9,7.3
EMP02669,CRS0110,2026-06-18,Dropped,,20.4
EMP02670,CRS0016,2024-05-16,In Progress,,24.5
EMP02670,CRS0113,2026-01-23,In Progress,,17.5
EMP02671,CRS0124,2025-01-03,Completed,4.4,30.7
EMP02671,CRS0010,2024-04-26,Completed,4.2,26.1
EMP02671,CRS0048,2024-02-18,Completed,3.3,25.1
EMP02671,CRS0018,2025-05-07,Completed,3.0,28.4
EMP02671,CRS0068,2026-04-13,Completed,2.2,18.3
EMP02672,CRS0109,2025-10-20,In Progress,,30.0
EMP02672,CRS0005,2026-07-08,In Progress,,32.2
EMP02672,CRS0101,2025-04-21,In Progress,,22.3
EMP02672,CRS0110,2025-04-03,Completed,4.5,2.7
EMP02672,CRS0134,2024-05-02,Completed,4.5,18.9
EMP02673,CRS0037,2025-07-23,In Progress,,27.0
EMP02673,CRS0043,2025-05-02,Completed,4.3,33.2
EMP02673,CRS0065,2024-08-17,Dropped,,12.0
EMP02673,CRS0013,2024-09-01,Completed,4.3,18.2
EMP02674,CRS0053,2025-09-23,Completed,4.6,30.8
EMP02674,CRS0051,2025-08-22,Completed,2.1,19.2
EMP02675,CRS0139,2024-10-16,In Progress,,26.2
EMP02675,CRS0062,2025-05-17,Completed,4.9,7.8
EMP02675,CRS0029,2026-09-17,In Progress,,26.7
EMP02675,CRS0053,2025-02-28,In Progress,,28.5
EMP02676,CRS0053,2025-11-22,Completed,2.7,4.2
EMP02676,CRS0092,2025-06-23,Completed,4.5,27.1
EMP02677,CRS0015,2026-09-15,Completed,3.4,27.7
EMP02677,CRS0132,2025-02-25,In Progress,,18.4
EMP02677,CRS0019,2024-06-18,Completed,4.0,15.4
EMP02677,CRS0127,2026-10-11,Dropped,,38.0
EMP02677,CRS0130,2026-07-07,Completed,3.5,4.0
EMP02677,CRS0103,2026-09-24,Completed,2.1,30.5
EMP02678,CRS0063,2024-08-07,In Progress,,15.2
EMP02678,CRS0051,2024-01-07,In Progress,,14.1
EMP02678,CRS0020,2026-06-17,Completed,2.0,5.6
EMP02678,CRS0104,2024-02-20,In Progress,,20.0
EMP02678,CRS0100,2024-09-20,Completed,2.9,12.6
EMP02679,CRS0062,2024-06-21,Completed,2.5,13.3
EMP02679,CRS0072,2025-02-11,Dropped,,28.6
EMP02679,CRS0137,2026-06-10,In Progress,,8.0
EMP02680,CRS0091,2024-02-08,Completed,3.8,32.4
EMP02680,CRS0134,2024-11-21,Completed,3.6,32.6
EMP02680,CRS0113,2026-04-19,Completed,4.8,38.1
EMP02680,CRS0024,2024-12-16,Completed,3.9,31.6
EMP02680,CRS0023,2026-11-01,Dropped,,5.8
EMP02680,CRS0105,2024-08-10,Completed,2.9,21.9
EMP02681,CRS0027,2024-10-02,Completed,2.6,20.0
EMP02681,CRS0136,2026-12-26,Completed,2.1,8.6
EMP02681,CRS0032,2025-02-01,Completed,4.2,25.1
EMP02681,CRS0109,2024-07-08,Completed,2.8,34.5
EMP02681,CRS0080,2025-04-01,Completed,2.8,32.9
EMP02682,CRS0027,2026-02-11,Completed,3.1,34.7
EMP02682,CRS0104,2026-10-14,Completed,3.1,35.8
EMP02683,CRS0065,2024-12-14,Completed,2.5,26.5
EMP02683,CRS0101,2025-02-23,Completed,2.3,2.3
EMP02683,CRS0063,2025-05-04,Completed,3.0,10.5
EMP02683,CRS0020,2024-03-21,Dropped,,6.9
EMP02683,CRS0075,2024-08-21,In Progress,,17.9
EMP02684,CRS0053,2025-11-23,In Progress,,18.5
EMP02684,CRS0069,2025-03-23,Dropped,,27.9
EMP02684,CRS0084,2025-12-15,In Progress,,33.2
EMP02684,CRS0100,2025-07-14,Completed,3.6,3.4
EMP02684,CRS0042,2024-10-25,Dropped,,31.7
EMP02685,CRS0082,2025-07-10,Completed,3.0,35.6
EMP02685,CRS0079,2024-08-08,Completed,2.9,24.4
EMP02685,CRS0091,2025-07-03,Completed,3.6,37.5
EMP02685,CRS0043,2026-05-27,Completed,2.2,36.9
EMP02685,CRS0069,2025-01-25,Completed,2.4,35.7
EMP02686,CRS0010,2026-06-17,In Progress,,19.5
EMP02686,CRS0118,2024-09-06,Dropped,,7.8
EMP02686,CRS0029,2025-05-13,Completed,4.3,27.1
EMP02686,CRS0055,2024-09-17,Dropped,,37.5
EMP02686,CRS0023,2026-06-16,In Progress,,9.5
EMP02687,CRS0106,2026-09-22,Completed,3.9,30.5
EMP02687,CRS0010,2026-07-19,In Progress,,26.8
EMP02687,CRS0023,2025-07-09,Completed,3.0,2.2
EMP02687,CRS0089,2025-03-02,Completed,2.6,3.9
EMP02687,CRS0134,2024-03-18,Dropped,,27.2
EMP02687,CRS0003,2026-04-19,Dropped,,28.5
EMP02688,CRS0012,2026-04-01,Completed,3.3,36.8
EMP02688,CRS0137,2024-01-23,Completed,5.0,28.9
EMP02688,CRS0131,2026-05-20,Completed,4.6,10.2
EMP02688,CRS0086,2024-01-12,Dropped,,21.5
EMP02688,CRS0058,2025-02-17,In Progress,,13.4
EMP02688,CRS0123,2026-06-12,Completed,3.9,25.2
EMP02689,CRS0126,2025-11-25,Completed,2.8,24.1
EMP02689,CRS0121,2026-02-18,In Progress,,39.4
EMP02690,CRS0075,2024-03-14,In Progress,,10.1
EMP02690,CRS0136,2026-08-19,In Progress,,7.9
EMP02691,CRS0083,2025-12-15,Completed,4.2,36.7
EMP02691,CRS0115,2026-09-04,Completed,3.7,3.8
EMP02692,CRS0011,2024-04-04,Completed,4.6,5.8
EMP02692,CRS0096,2024-02-24,Completed,3.8,39.8
EMP02692,CRS0113,2024-04-18,In Progress,,9.8
EMP02693,CRS0103,2024-03-20,Completed,4.9,26.0
EMP02693,CRS0093,2026-03-17,Completed,4.8,8.1
EMP02694,CRS0003,2024-05-15,Completed,3.6,39.6
EMP02694,CRS0109,2026-11-25,In Progress,,25.1
EMP02694,CRS0076,2025-02-18,Completed,3.8,9.7
EMP02694,CRS0085,2026-06-07,Completed,4.7,8.8
EMP02695,CRS0036,2024-02-23,Dropped,,15.2
EMP02695,CRS0052,2026-09-15,Completed,4.4,36.7
EMP02695,CRS0027,2025-05-25,Completed,3.8,3.6
EMP02696,CRS0125,2025-11-21,Completed,2.8,14.0
EMP02696,CRS0068,2026-03-08,Completed,2.2,37.8
EMP02696,CRS0016,2025-01-17,Completed,4.6,6.2
EMP02696,CRS0003,2025-11-21,Dropped,,31.2
EMP02696,CRS0098,2024-11-04,In Progress,,17.9
EMP02697,CRS0021,2025-08-17,Completed,4.5,31.3
EMP02697,CRS0105,2026-08-10,Completed,4.8,12.7
EMP02697,CRS0056,2025-09-21,Completed,3.0,23.3
EMP02697,CRS0092,2024-07-26,Completed,3.5,20.2
EMP02698,CRS0078,2024-02-19,Completed,3.7,10.9
EMP02698,CRS0069,2025-04-02,Completed,3.0,19.0
EMP02698,CRS0128,2025-04-15,Dropped,,29.1
EMP02699,CRS0128,2026-08-28,Dropped,,38.5
EMP02699,CRS0070,2024-10-14,Completed,2.2,39.4
EMP02700,CRS0039,2025-11-20,Dropped,,27.1
EMP02700,CRS0106,2024-08-22,In Progress,,39.7
EMP02700,CRS0022,2026-01-25,Completed,2.8,14.7
EMP02700,CRS0033,2024-05-28,Completed,3.3,28.0
EMP02700,CRS0135,2024-11-27,Completed,2.9,14.3
EMP02700,CRS0044,2025-10-12,Completed,4.2,5.7
EMP02701,CRS0064,2025-08-18,In Progress,,17.3
EMP02701,CRS0019,2026-05-07,Completed,4.6,23.7
EMP02701,CRS0096,2024-12-25,Completed,4.3,16.4
EMP02701,CRS0124,2026-12-26,In Progress,,2.8
EMP02701,CRS0114,2025-09-25,Dropped,,20.5
EMP02701,CRS0082,2024-01-17,Completed,4.2,29.0
EMP02702,CRS0031,2025-08-04,Dropped,,2.5
EMP02702,CRS0060,2026-06-24,Completed,4.1,10.6
EMP02702,CRS0086,2025-03-08,Dropped,,16.7
EMP02702,CRS0028,2025-02-08,Completed,2.5,5.3
EMP02703,CRS0011,2026-12-14,Completed,4.0,5.9
EMP02703,CRS0022,2025-02-17,Completed,2.4,39.3
EMP02703,CRS0119,2024-11-23,Completed,3.0,21.9
EMP02703,CRS0071,2025-04-20,Completed,3.7,28.3
EMP02704,CRS0098,2026-03-12,Dropped,,26.5
EMP02704,CRS0081,2025-01-09,Completed,3.4,13.2
EMP02704,CRS0027,2024-11-15,In Progress,,14.5
EMP02704,CRS0116,2025-11-22,Completed,4.6,26.2
EMP02704,CRS0054,2026-08-06,Completed,4.4,30.9
EMP02705,CRS0060,2026-03-19,Completed,2.1,35.3
EMP02705,CRS0001,2026-04-06,Completed,4.4,13.9
EMP02705,CRS0101,2026-08-18,In Progress,,34.2
EMP02705,CRS0002,2024-12-05,Dropped,,37.1
EMP02705,CRS0138,2025-05-26,Completed,2.4,26.1
EMP02705,CRS0021,2025-02-24,Completed,4.4,31.8
EMP02706,CRS0029,2025-02-07,Completed,4.3,3.1
EMP02706,CRS0098,2026-06-09,Completed,4.5,28.2
EMP02706,CRS0069,2026-10-16,In Progress,,6.9
EMP02706,CRS0087,2024-10-14,Completed,4.2,20.4
EMP02706,CRS0080,2025-02-27,Completed,4.7,30.9
EMP02707,CRS0101,2024-07-14,In Progress,,24.5
EMP02707,CRS0012,2026-03-23,In Progress,,28.9
EMP02707,CRS0050,2025-02-13,In Progress,,36.9
EMP02708,CRS0104,2026-12-01,Dropped,,28.0
EMP02708,CRS0122,2024-02-15,Completed,2.2,38.3
EMP02708,CRS0051,2024-07-20,In Progress,,14.5
EMP02708,CRS0131,2026-04-24,Dropped,,9.8
EMP02709,CRS0017,2025-08-16,In Progress,,29.7
EMP02709,CRS0038,2025-10-28,In Progress,,9.4
EMP02709,CRS0079,2024-11-17,Completed,5.0,2.8
EMP02710,CRS0054,2026-02-07,Completed,4.1,16.4
EMP02710,CRS0132,2024-03-10,In Progress,,8.3
EMP02710,CRS0072,2024-10-19,Completed,2.8,37.3
EMP02710,CRS0096,2024-05-09,Completed,2.5,10.1
EMP02711,CRS0134,2025-11-24,Completed,3.0,21.2
EMP02711,CRS0003,2024-05-02,Completed,3.4,31.7
EMP02711,CRS0089,2025-07-12,In Progress,,34.4
EMP02712,CRS0074,2024-09-06,In Progress,,26.9
EMP02712,CRS0112,2024-07-14,In Progress,,8.8
EMP02713,CRS0010,2025-07-15,Completed,3.5,33.3
EMP02713,CRS0097,2026-01-07,Completed,4.9,8.4
EMP02713,CRS0101,2025-05-13,Completed,4.1,4.3
EMP02713,CRS0052,2025-01-02,Completed,3.6,16.1
EMP02713,CRS0022,2025-03-14,Completed,4.6,20.1
EMP02713,CRS0092,2026-08-14,Completed,3.3,38.1
EMP02714,CRS0097,2026-12-18,Completed,3.7,34.9
EMP02714,CRS0038,2024-09-03,In Progress,,38.3
EMP02715,CRS0130,2025-11-18,In Progress,,20.5
EMP02715,CRS0116,2025-09-18,Completed,2.3,15.3
EMP02716,CRS0006,2025-11-04,Completed,4.6,37.0
EMP02716,CRS0041,2025-04-03,In Progress,,27.0
EMP02716,CRS0044,2024-07-01,In Progress,,18.9
EMP02716,CRS0109,2025-09-09,Completed,3.6,15.7
EMP02716,CRS0059,2025-01-24,Dropped,,31.3
EMP02717,CRS0124,2025-09-01,In Progress,,35.0
EMP02717,CRS0016,2025-06-12,Completed,4.5,14.1
EMP02717,CRS0018,2025-07-09,Completed,2.5,28.4
EMP02717,CRS0067,2025-08-01,In Progress,,14.5
EMP02717,CRS0094,2024-10-02,In Progress,,24.6
EMP02717,CRS0003,2026-09-25,In Progress,,19.4
EMP02718,CRS0089,2026-09-23,Dropped,,39.1
EMP02718,CRS0020,2026-01-26,Completed,3.6,3.2
EMP02718,CRS0119,2026-11-19,Completed,3.0,31.7
EMP02718,CRS0069,2024-11-06,Completed,2.8,14.6
EMP02719,CRS0127,2025-07-28,Completed,2.3,5.3
EMP02719,CRS0134,2025-06-19,In Progress,,30.7
EMP02720,CRS0049,2026-03-04,Completed,4.0,36.0
EMP02720,CRS0022,2024-04-20,Completed,4.8,16.4
EMP02720,CRS0053,2024-03-15,Dropped,,34.3
EMP02720,CRS0105,2026-06-26,In Progress,,18.8
EMP02720,CRS0071,2025-06-10,Completed,4.2,7.6
EMP02721,CRS0134,2024-09-13,In Progress,,15.3
EMP02721,CRS0017,2025-03-03,Completed,3.3,18.5
EMP02721,CRS0109,2026-09-28,Completed,2.0,4.0
EMP02721,CRS0136,2025-08-18,Completed,2.8,28.7
EMP02721,CRS0103,2026-01-17,Completed,2.2,34.8
EMP02722,CRS0105,2024-10-24,In Progress,,3.4
EMP02722,CRS0062,2026-12-14,Completed,4.7,18.1
EMP02723,CRS0066,2026-10-19,Completed,4.3,34.1
EMP02723,CRS0071,2025-08-27,Dropped,,34.0
EMP02724,CRS0111,2024-07-17,Dropped,,23.3
EMP02724,CRS0030,2025-04-21,Completed,4.4,8.7
EMP02725,CRS0132,2026-03-13,Completed,4.9,22.5
EMP02725,CRS0024,2025-08-12,In Progress,,7.4
EMP02725,CRS0082,2026-01-15,In Progress,,29.4
EMP02725,CRS0136,2025-05-23,Completed,2.5,23.7
EMP02725,CRS0025,2024-11-23,In Progress,,22.1
EMP02726,CRS0136,2024-08-20,Completed,4.5,35.4
EMP02726,CRS0123,2025-06-24,In Progress,,33.3
EMP02726,CRS0055,2024-05-07,Completed,3.8,11.9
EMP02726,CRS0070,2026-03-12,Completed,2.5,33.3
EMP02727,CRS0013,2024-09-03,Dropped,,35.1
EMP02727,CRS0034,2026-03-24,In Progress,,19.3
EMP02727,CRS0036,2025-07-25,In Progress,,25.5
EMP02727,CRS0085,2024-01-03,In Progress,,4.7
EMP02727,CRS0023,2026-03-02,Completed,2.7,12.1
EMP02727,CRS0108,2024-01-17,In Progress,,25.9
EMP02728,CRS0125,2025-08-20,Completed,2.0,36.3
EMP02728,CRS0006,2025-02-20,Dropped,,28.7
EMP02728,CRS0137,2024-09-10,In Progress,,39.6
EMP02729,CRS0085,2025-07-18,Completed,4.5,25.3
EMP02729,CRS0074,2026-01-07,Completed,4.9,34.8
EMP02729,CRS0016,2025-09-04,Completed,2.7,28.7
EMP02729,CRS0098,2024-06-23,Completed,4.6,2.7
EMP02730,CRS0100,2026-09-19,Completed,2.5,3.6
EMP02730,CRS0054,2025-06-06,Completed,3.3,14.3
EMP02730,CRS0091,2025-04-15,Completed,3.3,17.5
EMP02730,CRS0069,2024-06-15,In Progress,,19.2
EMP02730,CRS0022,2026-04-16,In Progress,,22.4
EMP02730,CRS0130,2026-08-05,In Progress,,9.4
EMP02731,CRS0035,2024-11-24,Dropped,,25.0
EMP02731,CRS0032,2025-12-23,Completed,4.8,13.7
EMP02731,CRS0120,2025-08-13,Dropped,,39.5
EMP02731,CRS0130,2025-12-16,Completed,4.8,34.1
EMP02731,CRS0134,2026-01-20,Completed,2.1,36.1
EMP02732,CRS0091,2024-10-18,Completed,2.7,30.2
EMP02732,CRS0039,2026-04-12,Completed,5.0,7.9
EMP02732,CRS0033,2025-08-25,Completed,5.0,37.3
EMP02733,CRS0038,2025-11-26,Completed,4.9,20.4
EMP02733,CRS0067,2025-07-11,Dropped,,18.4
EMP02734,CRS0004,2025-04-21,Completed,4.7,13.4
EMP02734,CRS0092,2025-05-25,In Progress,,7.7
EMP02734,CRS0035,2025-09-02,Completed,2.5,10.7
EMP02734,CRS0133,2024-12-08,Dropped,,36.5
EMP02735,CRS0138,2024-11-14,Completed,2.7,20.6
EMP02735,CRS0096,2025-06-18,Completed,3.0,26.7
EMP02736,CRS0138,2026-10-11,Completed,3.8,19.4
EMP02736,CRS0086,2024-05-10,Completed,3.2,17.2
EMP02736,CRS0048,2025-04-06,Completed,5.0,6.1
EMP02737,CRS0082,2025-03-04,Completed,2.0,10.5
EMP02737,CRS0070,2026-05-10,Completed,3.7,34.1
EMP02738,CRS0090,2026-07-24,Completed,3.7,30.8
EMP02738,CRS0013,2025-05-18,Dropped,,39.7
EMP02739,CRS0048,2024-03-23,In Progress,,14.7
EMP02739,CRS0131,2025-12-06,Completed,4.5,8.5
EMP02739,CRS0097,2026-01-23,Dropped,,26.2
EMP02739,CRS0118,2025-11-12,Completed,3.4,20.8
EMP02740,CRS0096,2025-03-25,Completed,2.9,15.1
EMP02740,CRS0130,2026-02-22,Completed,3.3,5.9
EMP02740,CRS0058,2024-10-11,Completed,4.7,38.1
EMP02741,CRS0028,2026-08-14,Completed,3.3,36.6
EMP02741,CRS0103,2026-11-06,In Progress,,8.7
EMP02742,CRS0045,2024-09-20,Completed,4.3,13.6
EMP02742,CRS0025,2026-08-11,Completed,5.0,12.1
EMP02743,CRS0070,2024-07-21,Completed,4.0,22.7
EMP02743,CRS0053,2024-03-15,Completed,4.2,24.8
EMP02743,CRS0120,2026-11-12,Completed,3.1,25.7
EMP02743,CRS0072,2025-11-21,Completed,4.6,4.0
EMP02743,CRS0001,2025-03-10,Dropped,,6.1
EMP02743,CRS0033,2024-10-27,Completed,3.3,20.2
EMP02744,CRS0103,2024-10-03,Completed,3.6,28.1
EMP02744,CRS0070,2026-08-27,Completed,4.3,24.0
EMP02744,CRS0024,2025-10-09,In Progress,,35.2
EMP02744,CRS0043,2025-11-05,Completed,2.2,39.4
EMP02744,CRS0066,2024-04-17,Completed,2.8,18.1
EMP02744,CRS0094,2024-08-04,Completed,2.1,10.9
EMP02745,CRS0123,2024-12-09,In Progress,,32.6
EMP02745,CRS0024,2026-01-08,Completed,2.5,31.3
EMP02745,CRS0136,2026-08-25,In Progress,,30.4
EMP02745,CRS0015,2026-06-13,Completed,3.4,39.6
EMP02745,CRS0060,2025-09-28,Completed,4.8,19.9
EMP02745,CRS0107,2024-06-23,Completed,4.8,29.5
EMP02746,CRS0048,2026-06-12,Completed,3.4,10.7
EMP02746,CRS0009,2024-07-05,Completed,4.6,4.9
EMP02746,CRS0027,2026-10-22,In Progress,,8.1
EMP02747,CRS0106,2026-07-11,Completed,3.7,16.3
EMP02747,CRS0077,2026-09-27,In Progress,,2.9
EMP02748,CRS0002,2024-10-02,Dropped,,22.9
EMP02748,CRS0053,2025-07-11,Completed,2.3,16.8
EMP02748,CRS0026,2026-06-13,In Progress,,26.4
EMP02749,CRS0065,2024-11-02,Completed,3.6,32.5
EMP02749,CRS0084,2026-06-13,Completed,2.8,23.6
EMP02749,CRS0087,2025-10-16,Completed,3.1,35.9
EMP02750,CRS0126,2024-05-08,In Progress,,21.9
EMP02750,CRS0083,2026-05-12,Completed,5.0,9.3
EMP02750,CRS0065,2024-08-09,Completed,3.8,35.8
EMP02751,CRS0109,2025-07-01,Completed,5.0,14.5
EMP02751,CRS0044,2024-08-13,Completed,3.4,36.1
EMP02751,CRS0027,2025-05-02,Completed,3.8,7.8
EMP02751,CRS0105,2026-05-19,Dropped,,6.8
EMP02751,CRS0122,2026-01-13,Completed,4.4,31.1
EMP02752,CRS0086,2025-11-04,Dropped,,39.0
EMP02752,CRS0110,2026-09-21,Completed,4.7,24.6
EMP02752,CRS0060,2025-12-01,Completed,4.7,6.3
EMP02752,CRS0024,2025-01-11,In Progress,,16.1
EMP02753,CRS0086,2026-11-04,Completed,2.9,19.4
EMP02753,CRS0091,2025-04-17,Completed,3.1,14.7
EMP02754,CRS0030,2024-09-19,Completed,3.5,23.6
EMP02754,CRS0093,2025-02-24,Dropped,,30.4
EMP02755,CRS0012,2026-04-22,Completed,4.4,39.5
EMP02755,CRS0120,2024-12-10,Completed,2.5,23.3
EMP02756,CRS0052,2024-07-02,In Progress,,9.8
EMP02756,CRS0064,2026-08-06,Completed,4.2,21.3
EMP02757,CRS0138,2025-07-14,In Progress,,28.2
EMP02757,CRS0095,2024-01-05,Completed,4.0,18.1
EMP02757,CRS0104,2024-07-25,In Progress,,26.9
EMP02758,CRS0087,2026-05-03,Completed,4.5,23.0
EMP02758,CRS0133,2026-02-03,Dropped,,15.2
EMP02758,CRS0011,2024-10-24,Completed,4.6,38.3
EMP02758,CRS0004,2026-04-02,Completed,2.3,19.6
EMP02758,CRS0065,2026-07-17,In Progress,,29.0
EMP02758,CRS0024,2026-01-10,Completed,3.9,20.7
EMP02759,CRS0090,2026-06-14,Completed,2.2,3.0
EMP02759,CRS0032,2025-11-04,Completed,4.1,24.8
EMP02759,CRS0088,2024-07-12,Completed,4.9,22.1
EMP02760,CRS0096,2025-10-06,Completed,2.9,11.1
EMP02760,CRS0132,2024-05-18,Completed,4.7,34.9
EMP02761,CRS0015,2024-09-02,Completed,2.6,35.6
EMP02761,CRS0045,2025-04-21,Completed,3.9,27.9
EMP02761,CRS0072,2025-02-15,Completed,2.4,18.8
EMP02762,CRS0079,2025-05-07,Completed,4.5,23.1
EMP02762,CRS0093,2025-09-19,Completed,4.4,17.8
EMP02762,CRS0134,2026-07-28,Completed,2.2,14.7
EMP02762,CRS0126,2024-04-19,Completed,4.2,12.8
EMP02762,CRS0088,2026-01-20,Completed,4.2,35.2
EMP02762,CRS0099,2024-12-08,Completed,3.0,13.4
EMP02763,CRS0094,2025-03-18,In Progress,,2.2
EMP02763,CRS0129,2025-09-17,Completed,3.8,38.4
EMP02764,CRS0012,2025-12-01,Dropped,,29.8
EMP02764,CRS0030,2025-07-17,Dropped,,12.6
EMP02764,CRS0028,2024-06-24,In Progress,,27.2
EMP02765,CRS0110,2024-09-08,In Progress,,8.5
EMP02765,CRS0062,2025-01-17,Dropped,,5.3
EMP02765,CRS0019,2025-02-17,Completed,2.9,32.7
EMP02765,CRS0030,2025-04-17,Dropped,,19.1
EMP02765,CRS0113,2025-12-05,Completed,3.6,30.9
EMP02766,CRS0116,2026-10-02,Dropped,,37.1
EMP02766,CRS0089,2025-08-12,Completed,2.7,8.2
EMP02766,CRS0012,2026-11-27,Completed,3.4,13.8
EMP02766,CRS0056,2024-05-06,Completed,4.4,24.8
EMP02766,CRS0083,2025-11-17,Completed,2.1,13.5
EMP02767,CRS0014,2024-05-21,Dropped,,12.2
EMP02767,CRS0044,2025-10-18,Dropped,,34.6
EMP02767,CRS0057,2024-09-23,Completed,3.0,37.3
EMP02767,CRS0126,2026-07-16,In Progress,,28.1
EMP02767,CRS0009,2026-02-14,In Progress,,6.4
EMP02767,CRS0034,2024-02-12,Completed,3.7,28.5
EMP02768,CRS0084,2026-03-12,Dropped,,12.3
EMP02768,CRS0026,2024-08-20,Completed,3.3,2.7
EMP02768,CRS0001,2024-11-16,Completed,3.7,4.6
EMP02768,CRS0019,2025-07-05,Completed,3.1,36.9
EMP02768,CRS0027,2025-11-25,In Progress,,25.1
EMP02768,CRS0137,2025-07-27,Completed,4.7,38.1
EMP02769,CRS0080,2024-06-26,Completed,4.9,28.8
EMP02769,CRS0010,2026-06-26,In Progress,,22.5
EMP02769,CRS0014,2024-12-18,In Progress,,36.0
EMP02769,CRS0114,2024-03-04,Completed,3.0,25.4
EMP02769,CRS0034,2026-05-17,Completed,3.6,16.1
EMP02770,CRS0014,2024-07-23,Completed,4.4,7.0
EMP02770,CRS0075,2025-08-27,Completed,2.5,19.3
EMP02770,CRS0140,2025-10-26,Completed,3.5,36.9
EMP02770,CRS0117,2026-01-13,Dropped,,3.2
EMP02770,CRS0088,2026-05-10,Completed,3.4,22.4
EMP02771,CRS0095,2026-08-08,Completed,2.6,29.6
EMP02771,CRS0023,2026-02-04,Dropped,,11.3
EMP02771,CRS0124,2026-01-04,Completed,4.3,9.7
EMP02771,CRS0010,2026-08-10,Completed,2.2,12.6
EMP02772,CRS0034,2024-06-05,In Progress,,36.4
EMP02772,CRS0127,2026-05-01,Completed,2.4,10.7
EMP02772,CRS0070,2026-01-15,Completed,2.9,27.7
EMP02773,CRS0069,2024-08-23,Completed,2.5,19.5
EMP02773,CRS0136,2026-03-25,Completed,3.2,35.8
EMP02773,CRS0129,2025-03-09,Completed,3.9,25.8
EMP02773,CRS0015,2025-06-06,In Progress,,39.1
EMP02774,CRS0022,2026-12-18,In Progress,,17.5
EMP02774,CRS0066,2026-09-10,Completed,4.2,24.5
EMP02774,CRS0049,2025-06-26,Completed,3.7,5.3
EMP02774,CRS0002,2024-04-25,Dropped,,6.2
EMP02774,CRS0016,2025-01-01,Completed,3.9,3.0
EMP02774,CRS0069,2026-08-27,Completed,2.6,15.5
EMP02775,CRS0138,2026-09-27,Completed,2.0,25.7
EMP02775,CRS0103,2025-09-07,Completed,3.4,11.3
EMP02775,CRS0127,2025-01-17,Completed,2.3,34.4
EMP02775,CRS0018,2024-01-15,Completed,2.9,20.1
EMP02776,CRS0027,2026-03-22,Dropped,,14.5
EMP02776,CRS0015,2026-08-08,Completed,3.0,27.5
EMP02777,CRS0077,2026-12-01,In Progress,,28.0
EMP02777,CRS0019,2025-06-15,Completed,2.8,37.8
EMP02777,CRS0115,2025-03-25,Completed,3.2,33.1
EMP02778,CRS0027,2025-06-08,Completed,2.7,29.7
EMP02778,CRS0053,2026-08-18,Completed,5.0,10.6
EMP02778,CRS0017,2025-03-08,Completed,2.7,18.7
EMP02778,CRS0035,2026-05-20,Completed,3.1,30.8
EMP02778,CRS0073,2025-12-11,Completed,2.6,21.5
EMP02779,CRS0031,2024-11-14,Completed,4.3,13.5
EMP02779,CRS0062,2025-04-06,Completed,3.7,6.2
EMP02780,CRS0108,2024-08-25,Completed,2.2,26.7
EMP02780,CRS0053,2024-04-04,Completed,4.2,14.9
EMP02780,CRS0083,2026-05-08,In Progress,,38.8
EMP02780,CRS0112,2025-07-03,Dropped,,38.1
EMP02780,CRS0133,2025-12-17,In Progress,,4.9
EMP02781,CRS0071,2025-06-22,Dropped,,25.9
EMP02781,CRS0092,2026-10-01,In Progress,,25.4
EMP02781,CRS0127,2024-02-18,In Progress,,4.3
EMP02781,CRS0120,2024-09-11,Completed,3.0,3.1
EMP02781,CRS0082,2024-12-28,Dropped,,37.4
EMP02781,CRS0007,2026-02-22,Completed,2.5,2.4
EMP02782,CRS0130,2026-01-18,Dropped,,20.8
EMP02782,CRS0123,2025-04-09,Dropped,,13.3
EMP02783,CRS0062,2024-09-13,Completed,4.3,17.9
EMP02783,CRS0114,2024-03-05,Dropped,,6.0
EMP02783,CRS0043,2026-02-16,Completed,4.3,27.3
EMP02783,CRS0016,2025-08-03,Completed,4.9,8.9
EMP02783,CRS0010,2026-01-27,In Progress,,30.9
EMP02784,CRS0060,2024-12-22,Completed,2.9,7.8
EMP02784,CRS0044,2024-10-07,Completed,4.9,21.3
EMP02785,CRS0074,2024-01-25,Completed,4.6,7.4
EMP02785,CRS0111,2025-03-12,In Progress,,33.2
EMP02785,CRS0037,2025-04-18,Completed,2.8,12.0
EMP02786,CRS0057,2026-12-17,Completed,2.1,18.2
EMP02786,CRS0055,2026-10-12,Completed,4.6,38.3
EMP02786,CRS0103,2024-05-21,In Progress,,2.7
EMP02787,CRS0003,2024-01-05,Dropped,,28.5
EMP02787,CRS0076,2026-07-18,Completed,4.2,23.2
EMP02787,CRS0128,2024-07-09,Completed,3.5,6.5
EMP02787,CRS0114,2026-04-24,Completed,2.4,37.1
EMP02788,CRS0112,2025-04-02,Dropped,,39.0
EMP02788,CRS0098,2025-06-27,Completed,4.1,19.2
EMP02788,CRS0086,2026-03-22,Completed,2.6,32.2
EMP02788,CRS0050,2024-02-26,In Progress,,6.1
EMP02788,CRS0102,2025-10-06,Completed,3.7,30.7
EMP02788,CRS0121,2025-12-05,In Progress,,20.5
EMP02789,CRS0043,2024-10-13,Completed,3.1,32.5
EMP02789,CRS0035,2026-10-23,In Progress,,9.4
EMP02789,CRS0084,2025-07-28,Completed,3.2,5.9
EMP02790,CRS0101,2025-10-14,Completed,4.1,23.3
EMP02790,CRS0051,2025-08-04,Completed,3.8,22.3
EMP02790,CRS0001,2025-06-24,In Progress,,34.2
EMP02790,CRS0047,2025-11-14,Completed,4.0,31.0
EMP02790,CRS0074,2026-01-20,Completed,4.9,11.5
EMP02790,CRS0024,2024-09-03,In Progress,,21.1
EMP02791,CRS0082,2025-11-13,Completed,2.6,27.1
EMP02791,CRS0014,2025-11-21,In Progress,,18.2
EMP02791,CRS0098,2025-06-03,Completed,3.1,36.2
EMP02791,CRS0076,2024-11-22,Completed,4.3,15.9
EMP02792,CRS0026,2025-01-11,In Progress,,14.3
EMP02792,CRS0097,2026-08-15,Completed,3.3,35.6
EMP02792,CRS0009,2025-07-15,Completed,4.4,4.7
EMP02793,CRS0032,2026-06-27,Completed,4.4,37.3
EMP02793,CRS0078,2026-03-27,Completed,3.0,34.7
EMP02793,CRS0024,2025-03-26,Completed,4.8,4.4
EMP02794,CRS0047,2026-01-12,Completed,2.3,34.0
EMP02794,CRS0065,2025-04-18,Completed,2.5,9.7
EMP02795,CRS0111,2025-05-17,Completed,3.0,27.9
EMP02795,CRS0012,2024-02-26,Dropped,,24.3
EMP02795,CRS0093,2025-09-05,Completed,3.4,31.9
EMP02795,CRS0055,2025-07-09,In Progress,,37.7
EMP02796,CRS0112,2026-06-01,Completed,2.4,19.6
EMP02796,CRS0009,2025-11-27,Completed,4.0,8.6
EMP02796,CRS0102,2024-04-05,Completed,3.6,22.7
EMP02797,CRS0132,2026-01-01,Completed,2.5,21.6
EMP02797,CRS0122,2026-03-21,Completed,3.4,4.6
EMP02797,CRS0091,2024-05-09,Completed,4.0,3.5
EMP02798,CRS0053,2025-09-15,Completed,4.2,27.7
EMP02798,CRS0017,2025-08-09,Completed,4.4,12.6
EMP02798,CRS0121,2025-04-05,Dropped,,25.7
EMP02798,CRS0049,2025-07-21,Completed,4.9,33.7
EMP02798,CRS0012,2024-01-21,Completed,3.7,30.5
EMP02798,CRS0006,2026-10-27,In Progress,,20.4
EMP02799,CRS0115,2025-08-11,Completed,3.7,31.8
EMP02799,CRS0009,2026-01-21,Completed,5.0,26.7
EMP02799,CRS0124,2026-10-08,Completed,4.0,20.1
EMP02800,CRS0089,2024-12-03,In Progress,,16.2
EMP02800,CRS0115,2025-04-10,Completed,4.4,15.2
EMP02800,CRS0040,2025-07-24,In Progress,,22.5
EMP02800,CRS0126,2026-02-15,In Progress,,33.9
EMP02800,CRS0015,2024-04-02,In Progress,,5.4
EMP02801,CRS0072,2026-02-07,Dropped,,23.8
EMP02801,CRS0131,2024-12-16,In Progress,,8.9
EMP02801,CRS0040,2025-06-06,Completed,4.2,29.4
EMP02802,CRS0105,2024-12-05,Completed,3.6,6.5
EMP02802,CRS0046,2024-08-20,Completed,2.1,39.2
EMP02802,CRS0081,2025-06-27,Completed,4.3,5.7
EMP02803,CRS0092,2025-12-18,Completed,2.2,37.3
EMP02803,CRS0068,2024-02-11,Completed,3.7,4.0
EMP02804,CRS0061,2026-10-06,Completed,4.0,13.7
EMP02804,CRS0030,2025-07-07,In Progress,,29.3
EMP02804,CRS0069,2024-01-04,Completed,3.0,5.5
EMP02804,CRS0055,2024-01-15,Completed,4.7,28.9
EMP02804,CRS0119,2026-03-20,Completed,3.1,20.6
EMP02805,CRS0096,2026-05-13,Completed,3.4,33.9
EMP02805,CRS0050,2026-09-23,Completed,5.0,29.8
EMP02805,CRS0057,2026-07-23,In Progress,,15.0
EMP02805,CRS0056,2026-10-09,Completed,4.9,10.8
EMP02805,CRS0085,2026-08-02,Completed,2.5,18.2
EMP02806,CRS0047,2026-11-03,Completed,4.0,29.1
EMP02806,CRS0118,2026-06-02,In Progress,,25.1
EMP02806,CRS0003,2025-12-12,Completed,2.7,21.5
EMP02806,CRS0140,2026-02-21,Dropped,,23.3
EMP02806,CRS0125,2025-11-12,Completed,3.0,17.1
EMP02807,CRS0036,2026-04-20,Dropped,,36.5
EMP02807,CRS0134,2026-09-14,In Progress,,31.7
EMP02807,CRS0118,2025-07-22,Completed,2.1,8.2
EMP02808,CRS0135,2026-07-28,Completed,3.6,23.8
EMP02808,CRS0043,2024-08-15,In Progress,,26.0
EMP02808,CRS0113,2025-06-12,Completed,2.8,2.6
EMP02808,CRS0109,2026-11-07,In Progress,,39.7
EMP02808,CRS0114,2025-01-07,In Progress,,37.2
EMP02808,CRS0023,2025-06-10,Completed,2.4,24.7
EMP02809,CRS0067,2026-03-24,In Progress,,20.3
EMP02809,CRS0124,2024-03-22,Completed,3.7,22.1
EMP02809,CRS0033,2026-06-08,Completed,4.1,14.0
EMP02809,CRS0137,2026-03-27,In Progress,,24.9
EMP02810,CRS0095,2026-11-05,In Progress,,24.8
EMP02810,CRS0113,2026-01-02,Completed,3.2,10.1
EMP02810,CRS0139,2026-09-04,Dropped,,3.4
EMP02810,CRS0099,2024-03-14,Completed,4.7,12.4
EMP02810,CRS0089,2026-02-02,In Progress,,3.8
EMP02810,CRS0005,2026-11-05,Completed,2.4,3.8
EMP02811,CRS0078,2026-07-10,Dropped,,17.4
EMP02811,CRS0073,2025-04-21,Completed,3.2,36.9
EMP02811,CRS0116,2025-12-12,Completed,3.2,10.6
EMP02811,CRS0066,2025-01-21,Completed,2.9,19.9
EMP02811,CRS0098,2025-02-06,Completed,2.2,13.8
EMP02811,CRS0042,2025-10-01,Completed,3.6,24.6
EMP02812,CRS0021,2025-09-17,In Progress,,7.5
EMP02812,CRS0126,2024-11-08,Completed,2.2,14.2
EMP02813,CRS0028,2025-04-25,Completed,3.1,27.9
EMP02813,CRS0095,2024-03-22,Completed,2.1,25.9
EMP02813,CRS0035,2026-10-08,Completed,4.5,30.0
EMP02814,CRS0021,2026-08-05,Completed,4.3,31.6
EMP02814,CRS0014,2026-05-13,In Progress,,11.9
EMP02814,CRS0002,2026-11-25,In Progress,,20.5
EMP02814,CRS0025,2026-10-28,Completed,3.1,31.0
EMP02814,CRS0024,2024-07-27,Dropped,,22.2
EMP02814,CRS0034,2025-05-05,Dropped,,5.2
EMP02815,CRS0139,2024-12-09,Completed,3.8,21.3
EMP02815,CRS0047,2026-11-03,Completed,4.1,4.7
EMP02815,CRS0021,2024-06-20,Completed,4.5,26.7
EMP02816,CRS0120,2024-11-22,Completed,3.4,30.5
EMP02816,CRS0115,2026-12-17,Dropped,,39.2
EMP02817,CRS0023,2025-01-12,Completed,3.7,12.8
EMP02817,CRS0120,2026-11-21,Completed,4.1,26.4
EMP02817,CRS0056,2025-03-17,Completed,2.4,12.2
EMP02818,CRS0095,2024-05-05,Dropped,,27.8
EMP02818,CRS0037,2026-01-10,In Progress,,31.8
EMP02818,CRS0088,2026-05-08,Completed,3.9,22.2
EMP02818,CRS0043,2026-08-28,Completed,3.8,5.4
EMP02819,CRS0010,2025-04-07,Completed,4.8,12.6
EMP02819,CRS0123,2026-12-26,Completed,3.4,23.0
EMP02819,CRS0127,2025-01-14,Completed,4.4,10.3
EMP02819,CRS0035,2026-12-11,Completed,3.8,20.5
EMP02819,CRS0040,2025-10-05,Completed,3.0,38.5
EMP02819,CRS0071,2026-08-14,In Progress,,23.5
EMP02820,CRS0006,2025-05-09,Completed,3.8,6.3
EMP02820,CRS0012,2026-08-01,In Progress,,29.3
EMP02820,CRS0102,2025-06-03,Completed,4.7,13.0
EMP02820,CRS0109,2024-08-16,In Progress,,30.9
EMP02821,CRS0121,2026-11-17,Completed,2.7,16.2
EMP02821,CRS0132,2025-03-13,Dropped,,19.2
EMP02821,CRS0097,2026-07-08,Completed,4.7,5.2
EMP02821,CRS0022,2024-06-07,In Progress,,10.9
EMP02822,CRS0135,2026-12-04,Completed,3.9,10.0
EMP02822,CRS0112,2025-12-18,In Progress,,31.5
EMP02822,CRS0055,2024-04-22,Completed,3.8,22.0
EMP02822,CRS0010,2024-07-10,In Progress,,7.1
EMP02822,CRS0116,2026-02-27,Completed,3.0,17.3
EMP02823,CRS0010,2025-01-04,Completed,2.3,13.0
EMP02823,CRS0083,2024-05-10,Completed,3.8,21.5
EMP02823,CRS0004,2024-10-16,Completed,2.3,5.0
EMP02823,CRS0056,2024-02-26,In Progress,,2.4
EMP02823,CRS0015,2025-09-03,Completed,4.6,31.9
EMP02824,CRS0110,2025-04-26,Dropped,,36.4
EMP02824,CRS0030,2024-07-27,Dropped,,39.4
EMP02824,CRS0003,2026-03-21,Completed,2.9,11.9
EMP02824,CRS0114,2026-06-04,Completed,4.2,34.8
EMP02825,CRS0062,2026-08-11,Completed,4.5,13.8
EMP02825,CRS0140,2025-07-12,Completed,4.2,3.0
EMP02825,CRS0077,2024-02-04,In Progress,,30.1
EMP02825,CRS0025,2025-04-15,Completed,4.1,2.1
EMP02826,CRS0076,2024-03-02,Dropped,,21.3
EMP02826,CRS0016,2026-01-13,Completed,2.6,28.9
EMP02826,CRS0022,2025-01-09,In Progress,,10.8
EMP02826,CRS0068,2025-08-07,Dropped,,22.6
EMP02826,CRS0045,2024-12-21,Completed,3.0,28.7
EMP02827,CRS0109,2026-09-17,Completed,4.0,13.9
EMP02827,CRS0081,2024-10-20,Completed,4.5,29.5
EMP02827,CRS0038,2025-07-01,Completed,3.3,11.4
EMP02827,CRS0111,2025-08-06,Completed,3.1,9.8
EMP02828,CRS0082,2025-04-20,In Progress,,33.7
EMP02828,CRS0116,2025-01-26,Completed,3.2,3.3
EMP02828,CRS0073,2026-02-18,Completed,3.8,11.7
EMP02828,CRS0068,2026-07-18,Completed,4.6,38.4
EMP02829,CRS0050,2024-12-27,Completed,3.5,27.4
EMP02829,CRS0101,2024-12-13,Completed,3.9,9.5
EMP02829,CRS0140,2026-01-21,In Progress,,16.0
EMP02829,CRS0076,2024-10-07,Completed,4.3,39.1
EMP02829,CRS0082,2025-07-07,Completed,3.6,8.9
EMP02830,CRS0122,2024-02-19,Completed,3.6,23.2
EMP02830,CRS0059,2024-04-04,Dropped,,36.6
EMP02830,CRS0103,2026-03-11,Completed,4.9,5.9
EMP02830,CRS0125,2025-05-21,Completed,2.8,2.4
EMP02830,CRS0136,2024-02-28,Completed,4.5,35.7
EMP02831,CRS0045,2025-10-25,Completed,4.7,17.1
EMP02831,CRS0082,2024-04-20,In Progress,,17.6
EMP02832,CRS0090,2024-04-19,Completed,2.7,17.3
EMP02832,CRS0062,2025-08-17,Completed,3.5,30.6
EMP02832,CRS0012,2026-07-04,Completed,3.5,27.9
EMP02833,CRS0113,2024-05-24,Completed,4.3,28.3
EMP02833,CRS0108,2024-01-26,In Progress,,37.2
EMP02833,CRS0093,2025-02-17,Completed,3.8,2.7
EMP02834,CRS0062,2025-02-01,Completed,2.4,17.6
EMP02834,CRS0106,2024-02-23,In Progress,,30.8
EMP02835,CRS0070,2024-05-15,Dropped,,30.6
EMP02835,CRS0094,2026-01-13,Completed,2.2,6.0
EMP02835,CRS0030,2026-06-19,Completed,2.7,30.5
EMP02835,CRS0130,2024-05-11,Completed,3.4,16.8
EMP02835,CRS0136,2024-04-26,Completed,2.3,15.9
EMP02836,CRS0042,2026-01-04,Completed,4.5,3.6
EMP02836,CRS0035,2026-12-12,Completed,4.5,29.4
EMP02836,CRS0108,2026-12-02,Completed,4.8,13.2
EMP02837,CRS0084,2024-03-01,Completed,2.8,10.0
EMP02837,CRS0114,2024-06-17,Completed,4.6,15.1
EMP02837,CRS0140,2025-06-14,Completed,3.6,10.4
EMP02837,CRS0071,2026-09-25,Dropped,,29.5
EMP02838,CRS0124,2024-08-24,Completed,3.5,38.1
EMP02838,CRS0066,2025-02-21,In Progress,,14.6
EMP02838,CRS0068,2025-01-09,Completed,2.2,2.9
EMP02838,CRS0059,2026-08-14,Completed,4.3,15.3
EMP02838,CRS0008,2024-06-10,Dropped,,30.7
EMP02839,CRS0058,2025-08-18,Completed,4.0,3.3
EMP02839,CRS0044,2026-12-10,In Progress,,4.9
EMP02840,CRS0058,2025-08-14,In Progress,,34.8
EMP02840,CRS0095,2025-08-13,In Progress,,2.1
EMP02840,CRS0113,2024-02-08,Completed,4.4,26.8
EMP02841,CRS0107,2026-09-09,Completed,4.0,39.6
EMP02841,CRS0123,2026-04-27,In Progress,,37.3
EMP02841,CRS0134,2024-08-23,Completed,2.9,13.9
EMP02841,CRS0033,2025-08-21,Dropped,,31.9
EMP02841,CRS0052,2026-04-14,In Progress,,7.9
EMP02841,CRS0110,2024-11-25,Completed,3.6,13.7
EMP02842,CRS0034,2026-01-07,Completed,4.9,28.1
EMP02842,CRS0140,2024-10-12,Completed,3.5,14.7
EMP02843,CRS0033,2024-12-02,Completed,3.4,28.8
EMP02843,CRS0076,2025-06-20,Completed,3.3,32.8
EMP02843,CRS0057,2026-02-15,In Progress,,36.4
EMP02844,CRS0020,2025-12-01,Completed,2.2,34.0
EMP02844,CRS0026,2024-07-01,In Progress,,18.2
EMP02844,CRS0112,2026-08-23,Completed,3.4,6.2
EMP02845,CRS0135,2026-03-17,In Progress,,32.0
EMP02845,CRS0071,2026-12-19,In Progress,,32.4
EMP02845,CRS0122,2026-10-13,Completed,3.8,26.9
EMP02845,CRS0092,2024-04-28,Completed,3.1,10.8
EMP02846,CRS0133,2026-06-21,Completed,3.0,10.9
EMP02846,CRS0108,2025-09-13,In Progress,,35.8
EMP02846,CRS0046,2024-07-22,In Progress,,6.0
EMP02846,CRS0103,2025-11-25,Completed,3.9,2.0
EMP02847,CRS0027,2026-01-16,Dropped,,16.7
EMP02847,CRS0138,2026-12-13,Completed,2.3,16.0
EMP02847,CRS0056,2025-03-04,Completed,2.8,7.8
EMP02848,CRS0010,2026-05-22,In Progress,,23.6
EMP02848,CRS0040,2024-11-04,Completed,4.7,33.4
EMP02848,CRS0069,2026-11-27,Completed,2.5,6.7
EMP02848,CRS0133,2025-11-27,In Progress,,5.4
EMP02849,CRS0118,2024-06-08,Completed,4.0,32.8
EMP02849,CRS0123,2025-03-11,In Progress,,33.2
EMP02849,CRS0097,2025-06-19,In Progress,,12.2
EMP02850,CRS0121,2026-10-14,In Progress,,8.7
EMP02850,CRS0100,2025-06-06,In Progress,,21.8
EMP02850,CRS0045,2026-02-15,Completed,4.0,32.0
EMP02850,CRS0077,2025-09-12,Completed,4.7,7.0
EMP02851,CRS0039,2026-04-24,Completed,4.6,7.0
EMP02851,CRS0076,2026-07-03,Completed,4.7,13.4
EMP02851,CRS0058,2024-03-14,In Progress,,21.8
EMP02852,CRS0021,2025-03-11,In Progress,,25.7
EMP02852,CRS0073,2025-07-22,In Progress,,34.3
EMP02852,CRS0004,2026-04-07,Completed,3.3,14.8
EMP02852,CRS0107,2024-02-20,Completed,2.3,28.4
EMP02853,CRS0089,2025-11-08,Completed,3.3,26.9
EMP02853,CRS0031,2025-10-27,Completed,3.4,10.3
EMP02853,CRS0087,2024-02-23,Completed,4.2,18.4
EMP02853,CRS0096,2024-06-24,Completed,4.2,16.7
EMP02853,CRS0049,2026-07-12,In Progress,,28.4
EMP02853,CRS0132,2025-12-17,In Progress,,2.1
EMP02854,CRS0015,2025-12-23,Completed,2.4,39.8
EMP02854,CRS0115,2026-05-02,Completed,4.6,27.4
EMP02854,CRS0042,2024-12-22,Completed,2.1,37.0
EMP02854,CRS0134,2024-03-18,Dropped,,21.9
EMP02854,CRS0074,2025-09-21,In Progress,,30.3
EMP02855,CRS0015,2026-01-12,In Progress,,25.9
EMP02855,CRS0090,2025-01-25,In Progress,,12.2
EMP02856,CRS0039,2024-08-01,In Progress,,37.4
EMP02856,CRS0075,2026-11-11,In Progress,,3.6
EMP02856,CRS0007,2026-05-25,Completed,4.2,9.0
EMP02857,CRS0135,2026-08-21,Completed,3.9,3.9
EMP02857,CRS0056,2025-06-10,In Progress,,29.2
EMP02857,CRS0121,2025-12-02,Dropped,,18.8
EMP02857,CRS0106,2025-04-20,Completed,2.3,3.2
EMP02857,CRS0061,2024-02-14,In Progress,,37.4
EMP02857,CRS0129,2024-06-17,In Progress,,25.8
EMP02858,CRS0091,2025-04-01,Dropped,,40.0
EMP02858,CRS0027,2026-11-17,Completed,4.3,15.7
EMP02858,CRS0066,2025-05-20,Completed,2.1,26.6
EMP02858,CRS0102,2026-12-09,Completed,2.2,23.7
EMP02858,CRS0006,2026-06-01,Completed,4.7,19.5
EMP02859,CRS0081,2024-12-02,Completed,4.1,13.9
EMP02859,CRS0070,2026-02-07,Completed,3.6,34.3
EMP02859,CRS0066,2026-07-26,Completed,2.3,8.8
EMP02860,CRS0002,2026-07-18,Completed,3.9,32.1
EMP02860,CRS0007,2025-07-25,In Progress,,16.9
EMP02860,CRS0052,2026-08-11,Completed,2.1,19.1
EMP02860,CRS0115,2025-11-27,Completed,3.4,36.1
EMP02861,CRS0100,2025-06-11,Completed,3.5,19.0
EMP02861,CRS0042,2026-12-26,In Progress,,13.1
EMP02861,CRS0025,2025-04-21,Completed,2.2,16.4
EMP02862,CRS0127,2024-05-07,In Progress,,24.0
EMP02862,CRS0075,2026-08-02,Completed,4.6,2.0
EMP02862,CRS0046,2026-12-02,Dropped,,20.3
EMP02862,CRS0048,2024-05-20,Completed,2.1,7.9
EMP02863,CRS0094,2024-09-14,Completed,4.9,33.5
EMP02863,CRS0011,2026-10-24,Completed,3.7,6.5
EMP02863,CRS0104,2025-01-27,Completed,4.3,8.1
EMP02864,CRS0119,2026-11-20,In Progress,,17.8
EMP02864,CRS0132,2025-02-19,Completed,2.2,10.2
EMP02865,CRS0016,2025-10-23,In Progress,,8.7
EMP02865,CRS0014,2025-06-07,Completed,2.7,34.3
EMP02866,CRS0047,2024-02-20,Completed,4.1,39.0
EMP02866,CRS0029,2024-01-24,Completed,2.4,36.2
EMP02866,CRS0005,2025-01-07,In Progress,,7.7
EMP02866,CRS0096,2025-05-25,Completed,4.2,22.3
EMP02867,CRS0077,2025-06-09,Completed,2.0,36.1
EMP02867,CRS0054,2025-11-25,Dropped,,31.6
EMP02868,CRS0082,2024-08-06,Completed,3.2,16.9
EMP02868,CRS0097,2026-04-09,In Progress,,9.9
EMP02868,CRS0078,2026-09-10,Completed,2.3,18.5
EMP02868,CRS0068,2025-06-08,Completed,2.7,34.7
EMP02869,CRS0077,2025-03-08,Completed,2.2,8.1
EMP02869,CRS0002,2024-10-27,Dropped,,10.7
EMP02870,CRS0022,2025-08-07,Completed,3.8,16.7
EMP02870,CRS0063,2026-09-02,In Progress,,29.9
EMP02870,CRS0006,2024-12-16,Completed,3.6,35.5
EMP02870,CRS0003,2024-08-06,Completed,2.2,5.4
EMP02870,CRS0034,2026-09-26,In Progress,,35.9
EMP02871,CRS0076,2024-06-17,Completed,3.8,21.4
EMP02871,CRS0104,2024-08-14,Completed,2.8,12.5
EMP02871,CRS0112,2025-01-06,In Progress,,4.4
EMP02871,CRS0041,2026-02-05,Completed,3.8,2.8
EMP02871,CRS0132,2026-09-25,Completed,3.8,5.0
EMP02871,CRS0019,2025-07-11,Dropped,,36.4
EMP02872,CRS0078,2024-05-02,Completed,2.4,12.6
EMP02872,CRS0136,2026-03-19,Completed,2.7,15.2
EMP02872,CRS0034,2024-06-06,Completed,3.8,5.3
EMP02873,CRS0027,2026-02-23,Completed,4.1,23.8
EMP02873,CRS0095,2024-03-01,Completed,5.0,36.1
EMP02873,CRS0073,2024-02-14,Completed,3.5,37.8
EMP02873,CRS0076,2024-02-28,Dropped,,12.2
EMP02874,CRS0094,2025-03-20,In Progress,,27.8
EMP02874,CRS0065,2025-04-04,In Progress,,10.0
EMP02874,CRS0031,2024-10-16,Completed,3.2,29.6
EMP02874,CRS0135,2024-02-02,Completed,2.3,26.4
EMP02874,CRS0062,2026-10-17,In Progress,,38.5
EMP02875,CRS0002,2026-10-02,In Progress,,11.9
EMP02875,CRS0085,2026-01-09,Completed,3.2,22.4
EMP02875,CRS0106,2026-04-07,Completed,2.3,5.5
EMP02875,CRS0122,2024-04-04,Completed,2.2,18.4
EMP02875,CRS0086,2024-07-03,Completed,2.6,31.3
EMP02875,CRS0130,2026-09-19,Completed,3.7,13.1
EMP02876,CRS0129,2024-02-28,In Progress,,22.0
EMP02876,CRS0052,2026-06-20,Completed,4.3,20.9
EMP02876,CRS0096,2026-07-10,In Progress,,6.1
EMP02876,CRS0139,2026-11-22,Dropped,,38.9
EMP02876,CRS0126,2024-05-14,Completed,4.8,19.6
EMP02876,CRS0079,2024-01-04,In Progress,,13.6
EMP02877,CRS0021,2024-07-05,Completed,3.9,19.7
EMP02877,CRS0052,2025-08-15,Completed,3.2,11.0
EMP02877,CRS0064,2025-05-28,In Progress,,5.3
EMP02877,CRS0125,2026-02-08,In Progress,,15.3
EMP02878,CRS0066,2026-06-05,In Progress,,27.9
EMP02878,CRS0062,2026-03-10,Completed,4.6,18.3
EMP02878,CRS0005,2024-02-10,Completed,2.9,20.6
EMP02878,CRS0026,2024-03-24,Completed,3.3,5.8
EMP02878,CRS0099,2025-11-28,Completed,4.5,21.0
EMP02879,CRS0130,2024-11-14,Completed,3.7,12.3
EMP02879,CRS0006,2026-08-25,Completed,2.2,12.4
EMP02879,CRS0100,2026-10-16,In Progress,,18.3
EMP02880,CRS0025,2026-02-06,Completed,4.4,2.2
EMP02880,CRS0081,2024-03-10,Dropped,,22.9
EMP02880,CRS0113,2024-01-01,Completed,4.9,23.1
EMP02880,CRS0099,2025-12-07,Completed,4.9,29.7
EMP02880,CRS0012,2026-12-10,Completed,2.7,14.9
EMP02881,CRS0004,2026-12-11,In Progress,,16.6
EMP02881,CRS0046,2025-02-09,Completed,4.1,23.8
EMP02881,CRS0032,2026-07-17,In Progress,,34.9
EMP02881,CRS0105,2025-05-26,In Progress,,29.8
EMP02881,CRS0048,2026-11-06,Completed,2.9,8.2
EMP02882,CRS0013,2025-08-17,Dropped,,25.8
EMP02882,CRS0140,2025-04-12,Completed,3.7,7.9
EMP02882,CRS0057,2024-10-17,Completed,3.4,19.9
EMP02882,CRS0053,2024-06-14,In Progress,,21.1
EMP02883,CRS0049,2025-11-02,Completed,4.5,28.9
EMP02883,CRS0124,2025-09-07,Completed,2.6,8.9
EMP02883,CRS0078,2025-01-08,Completed,4.0,36.7
EMP02883,CRS0106,2024-08-22,In Progress,,37.4
EMP02883,CRS0139,2024-07-03,Completed,3.5,5.0
EMP02883,CRS0097,2025-10-02,Completed,3.6,31.5
EMP02884,CRS0047,2026-04-28,Completed,2.0,9.5
EMP02884,CRS0132,2025-08-20,In Progress,,12.7
EMP02885,CRS0023,2024-10-07,Completed,3.1,22.5
EMP02885,CRS0109,2025-12-15,Completed,4.3,14.4
EMP02885,CRS0029,2025-09-06,Dropped,,36.1
EMP02885,CRS0040,2024-04-16,Completed,3.9,35.6
EMP02886,CRS0047,2026-11-12,Completed,3.0,2.6
EMP02886,CRS0008,2025-09-15,Completed,2.8,37.2
EMP02886,CRS0067,2026-06-01,In Progress,,39.6
EMP02886,CRS0061,2025-05-07,Completed,4.6,21.8
EMP02886,CRS0056,2026-11-24,Completed,3.2,37.1
EMP02887,CRS0064,2025-07-15,In Progress,,2.0
EMP02887,CRS0044,2024-07-06,In Progress,,8.9
EMP02888,CRS0111,2026-06-01,Completed,2.6,19.4
EMP02888,CRS0088,2024-01-11,Completed,2.1,26.9
EMP02888,CRS0115,2026-12-11,In Progress,,7.8
EMP02888,CRS0138,2026-11-28,In Progress,,36.2
EMP02889,CRS0102,2025-02-01,Completed,3.7,30.1
EMP02889,CRS0021,2026-07-21,Completed,3.2,26.6
EMP02889,CRS0084,2026-11-05,Dropped,,18.7
EMP02889,CRS0083,2026-10-26,Completed,3.0,36.7
EMP02890,CRS0054,2026-01-11,Completed,4.8,35.1
EMP02890,CRS0028,2025-11-12,Dropped,,18.1
EMP02890,CRS0035,2024-02-19,Completed,2.6,13.3
EMP02890,CRS0064,2025-10-20,Completed,3.0,37.7
EMP02890,CRS0031,2025-05-22,In Progress,,21.6
EMP02890,CRS0092,2024-05-24,Completed,4.5,33.6
EMP02891,CRS0031,2024-05-14,Completed,2.0,11.6
EMP02891,CRS0076,2025-05-04,Completed,4.6,23.8
EMP02891,CRS0052,2026-05-26,Completed,3.5,27.6
EMP02892,CRS0051,2026-05-14,Dropped,,26.7
EMP02892,CRS0003,2024-02-10,Completed,3.6,37.4
EMP02892,CRS0087,2024-10-11,Completed,5.0,32.9
EMP02892,CRS0082,2025-05-25,In Progress,,15.6
EMP02892,CRS0055,2026-01-28,Completed,3.2,39.7
EMP02892,CRS0071,2026-06-07,Completed,2.3,11.8
EMP02893,CRS0125,2026-06-11,In Progress,,8.6
EMP02893,CRS0040,2025-03-23,Dropped,,4.6
EMP02894,CRS0026,2026-07-17,Completed,3.1,34.6
EMP02894,CRS0067,2026-03-28,Completed,2.4,23.1
EMP02894,CRS0114,2026-12-20,Completed,3.7,14.8
EMP02895,CRS0004,2024-09-15,Completed,3.9,9.4
EMP02895,CRS0081,2025-07-16,Completed,4.0,31.5
EMP02895,CRS0101,2026-12-09,Completed,2.3,26.0
EMP02895,CRS0033,2025-10-26,Completed,2.3,12.4
EMP02895,CRS0013,2026-12-20,Completed,3.7,5.1
EMP02895,CRS0040,2025-03-01,Completed,3.2,15.7
EMP02896,CRS0085,2025-08-17,Completed,3.2,17.6
EMP02896,CRS0009,2024-02-26,Completed,3.8,17.8
EMP02896,CRS0130,2026-11-26,Completed,4.0,31.4
EMP02897,CRS0043,2025-06-01,Completed,2.5,4.2
EMP02897,CRS0124,2025-05-19,Completed,2.5,22.2
EMP02897,CRS0002,2026-02-28,In Progress,,24.5
EMP02897,CRS0006,2026-08-16,Completed,4.0,15.0
EMP02897,CRS0098,2026-08-26,Completed,2.9,7.4
EMP02897,CRS0039,2024-05-17,Completed,2.5,17.8
EMP02898,CRS0044,2024-05-03,In Progress,,21.5
EMP02898,CRS0058,2024-09-24,Completed,4.8,8.2
EMP02898,CRS0079,2025-02-09,Completed,3.9,5.6
EMP02899,CRS0132,2025-09-09,Completed,5.0,11.5
EMP02899,CRS0091,2024-05-28,Completed,3.1,18.3
EMP02899,CRS0003,2026-09-20,Completed,4.3,10.3
EMP02899,CRS0120,2026-01-21,In Progress,,29.7
EMP02900,CRS0074,2026-02-28,In Progress,,32.6
EMP02900,CRS0140,2026-09-22,In Progress,,10.1
EMP02900,CRS0018,2026-08-20,Completed,4.0,19.3
EMP02900,CRS0134,2024-11-16,Completed,2.1,17.9
EMP02901,CRS0009,2025-04-04,In Progress,,27.9
EMP02901,CRS0075,2026-02-25,Completed,4.7,30.9
EMP02901,CRS0010,2025-10-17,In Progress,,19.8
EMP02901,CRS0056,2024-04-19,Completed,3.2,20.0
EMP02901,CRS0054,2026-01-17,Completed,3.7,15.7
EMP02901,CRS0042,2024-09-06,Completed,2.5,3.6
EMP02902,CRS0050,2025-01-13,Completed,2.4,21.6
EMP02902,CRS0023,2026-05-09,Completed,3.4,4.0
EMP02902,CRS0095,2026-09-04,In Progress,,7.7
EMP02902,CRS0075,2025-05-18,Completed,2.4,35.7
EMP02902,CRS0039,2026-10-17,Completed,3.1,2.4
EMP02903,CRS0024,2024-06-09,Completed,2.4,34.8
EMP02903,CRS0111,2025-03-02,Completed,3.4,34.7
EMP02903,CRS0129,2025-05-13,Completed,3.5,8.9
EMP02903,CRS0096,2025-11-09,Dropped,,26.4
EMP02904,CRS0011,2025-01-06,Completed,2.5,13.1
EMP02904,CRS0111,2026-03-25,Completed,4.9,26.6
EMP02904,CRS0051,2026-09-25,In Progress,,3.6
EMP02904,CRS0068,2024-05-11,Completed,2.7,34.4
EMP02904,CRS0076,2024-08-21,Completed,4.6,36.5
EMP02904,CRS0102,2026-02-10,Completed,2.9,33.5
EMP02905,CRS0075,2025-05-21,In Progress,,12.0
EMP02905,CRS0073,2026-09-19,In Progress,,35.0
EMP02905,CRS0025,2026-01-20,In Progress,,19.8
EMP02905,CRS0019,2025-06-20,Completed,2.9,16.4
EMP02905,CRS0031,2026-01-16,Completed,4.5,26.7
EMP02905,CRS0102,2026-04-09,Completed,2.1,5.5
EMP02906,CRS0073,2026-01-15,Completed,3.8,25.3
EMP02906,CRS0036,2024-12-24,Completed,2.1,24.8
EMP02906,CRS0017,2024-03-16,Completed,4.5,6.4
EMP02906,CRS0079,2026-02-28,Completed,3.8,5.3
EMP02906,CRS0128,2024-06-28,Completed,3.7,19.6
EMP02906,CRS0135,2026-08-03,In Progress,,36.8
EMP02907,CRS0076,2024-04-18,Completed,2.2,22.6
EMP02907,CRS0087,2026-07-13,Completed,3.0,27.7
EMP02907,CRS0105,2025-08-25,Completed,4.0,39.2
EMP02907,CRS0047,2024-09-07,In Progress,,25.3
EMP02907,CRS0021,2025-08-10,Completed,3.8,30.0
EMP02907,CRS0001,2025-07-27,Completed,3.0,24.1
EMP02908,CRS0038,2026-09-01,Completed,4.1,24.4
EMP02908,CRS0139,2025-02-10,Completed,4.7,33.0
EMP02909,CRS0038,2024-05-28,In Progress,,38.1
EMP02909,CRS0033,2026-06-24,In Progress,,36.1
EMP02910,CRS0030,2026-03-23,Completed,3.7,32.6
EMP02910,CRS0001,2026-06-13,Completed,3.6,5.0
EMP02911,CRS0136,2024-10-05,In Progress,,16.7
EMP02911,CRS0132,2024-05-28,Completed,3.9,20.6
EMP02911,CRS0104,2025-08-27,Completed,4.0,21.3
EMP02911,CRS0056,2025-01-10,Completed,2.5,13.2
EMP02911,CRS0045,2026-12-25,In Progress,,25.0
EMP02912,CRS0105,2025-10-22,In Progress,,28.5
EMP02912,CRS0073,2024-07-13,Completed,4.9,14.3
EMP02912,CRS0079,2024-09-16,Dropped,,15.3
EMP02912,CRS0026,2026-05-09,In Progress,,18.3
EMP02912,CRS0089,2026-05-20,Dropped,,8.3
EMP02913,CRS0124,2024-09-09,Completed,2.2,30.8
EMP02913,CRS0107,2024-12-05,Completed,2.3,38.5
EMP02913,CRS0061,2024-01-07,Completed,3.9,23.9
EMP02913,CRS0085,2026-08-05,In Progress,,28.5
EMP02913,CRS0125,2024-06-26,Completed,3.8,17.8
EMP02913,CRS0133,2026-03-04,Completed,3.1,37.4
EMP02914,CRS0123,2025-08-14,Completed,4.0,18.2
EMP02914,CRS0067,2025-07-25,Completed,4.5,3.3
EMP02914,CRS0035,2026-05-05,In Progress,,18.5
EMP02914,CRS0017,2024-11-28,Completed,2.4,30.1
EMP02915,CRS0138,2025-12-10,Completed,4.9,12.5
EMP02915,CRS0135,2025-08-21,Completed,3.3,23.0
EMP02915,CRS0095,2025-09-04,Completed,2.3,4.3
EMP02915,CRS0033,2026-02-26,Dropped,,2.7
EMP02916,CRS0060,2026-11-21,Completed,2.3,24.8
EMP02916,CRS0084,2026-03-07,Completed,4.8,29.7
EMP02917,CRS0031,2025-04-03,In Progress,,19.0
EMP02917,CRS0032,2024-02-16,Completed,2.6,29.2
EMP02917,CRS0109,2025-03-19,In Progress,,3.7
EMP02917,CRS0118,2026-06-19,In Progress,,11.5
EMP02917,CRS0125,2025-09-28,Completed,2.5,28.1
EMP02918,CRS0017,2026-10-04,Completed,4.8,21.2
EMP02918,CRS0121,2026-06-11,Completed,4.5,27.5
EMP02918,CRS0128,2026-03-17,Dropped,,21.6
EMP02918,CRS0081,2025-03-24,Completed,4.2,19.7
EMP02918,CRS0015,2025-06-12,Completed,2.6,34.7
EMP02919,CRS0081,2026-05-04,Completed,3.5,14.5
EMP02919,CRS0032,2025-09-12,In Progress,,18.0
EMP02920,CRS0136,2024-10-25,In Progress,,3.9
EMP02920,CRS0059,2025-09-18,In Progress,,4.6
EMP02920,CRS0071,2025-10-12,Completed,4.3,6.4
EMP02920,CRS0098,2024-05-10,Completed,3.1,12.4
EMP02920,CRS0038,2025-02-24,Completed,4.0,2.9
EMP02920,CRS0084,2026-10-02,In Progress,,13.0
EMP02921,CRS0012,2025-07-13,Completed,4.5,4.0
EMP02921,CRS0066,2024-07-24,Completed,3.0,35.0
EMP02921,CRS0078,2024-04-18,Dropped,,38.6
EMP02921,CRS0117,2025-01-06,Completed,2.5,34.6
EMP02921,CRS0094,2026-10-09,Completed,4.4,4.3
EMP02921,CRS0052,2024-06-08,Completed,4.3,38.7
EMP02922,CRS0137,2025-05-23,Completed,2.4,22.3
EMP02922,CRS0080,2025-11-14,Completed,4.3,18.2
EMP02922,CRS0005,2024-04-17,Completed,3.7,9.6
EMP02922,CRS0135,2024-11-05,Completed,4.1,35.2
EMP02922,CRS0109,2024-02-04,Dropped,,27.3
EMP02923,CRS0036,2024-10-08,In Progress,,29.9
EMP02923,CRS0058,2026-01-03,Dropped,,16.1
EMP02923,CRS0087,2024-08-22,In Progress,,25.1
EMP02923,CRS0114,2025-12-16,Dropped,,37.1
EMP02923,CRS0061,2024-04-04,In Progress,,26.6
EMP02923,CRS0125,2024-09-02,Completed,4.4,29.4
EMP02924,CRS0136,2025-06-08,Dropped,,35.8
EMP02924,CRS0038,2026-10-09,Completed,3.6,33.6
EMP02924,CRS0006,2024-02-13,Completed,2.2,30.5
EMP02924,CRS0081,2025-12-01,Completed,4.1,29.8
EMP02924,CRS0064,2024-08-17,Completed,4.0,9.1
EMP02924,CRS0050,2025-08-12,Completed,4.2,3.0
EMP02925,CRS0086,2025-05-20,Dropped,,21.5
EMP02925,CRS0128,2026-10-13,In Progress,,7.1
EMP02925,CRS0095,2026-02-01,In Progress,,35.3
EMP02926,CRS0059,2026-06-08,Completed,4.6,30.9
EMP02926,CRS0003,2024-09-06,In Progress,,14.8
EMP02926,CRS0005,2026-07-25,Completed,3.6,3.1
EMP02926,CRS0124,2026-05-22,In Progress,,39.3
EMP02926,CRS0043,2025-08-10,In Progress,,8.6
EMP02927,CRS0059,2025-12-25,Completed,4.2,21.6
EMP02927,CRS0084,2025-11-19,Completed,4.7,30.2
EMP02927,CRS0066,2024-09-15,Completed,3.4,17.0
EMP02927,CRS0079,2026-12-07,In Progress,,25.2
EMP02927,CRS0030,2025-03-20,Completed,4.1,19.2
EMP02927,CRS0002,2025-01-16,Completed,3.4,35.6
EMP02928,CRS0034,2024-04-04,Completed,2.3,38.5
EMP02928,CRS0062,2025-04-04,Completed,3.7,14.5
EMP02928,CRS0009,2026-07-04,Completed,4.5,3.2
EMP02928,CRS0110,2026-01-08,Completed,4.7,3.0
EMP02928,CRS0111,2024-09-23,Completed,4.3,33.4
EMP02929,CRS0011,2024-09-21,Completed,2.4,30.7
EMP02929,CRS0075,2025-07-10,Completed,2.0,17.4
EMP02929,CRS0005,2026-02-20,Completed,3.0,38.8
EMP02929,CRS0028,2024-03-10,Completed,4.6,23.4
EMP02929,CRS0035,2024-07-04,Completed,4.3,26.5
EMP02930,CRS0113,2026-05-09,Completed,2.6,31.2
EMP02930,CRS0061,2026-01-21,Completed,4.9,13.2
EMP02930,CRS0063,2024-04-06,Completed,2.9,31.4
EMP02930,CRS0102,2025-10-11,Completed,2.3,11.2
EMP02930,CRS0106,2025-11-12,Completed,4.1,29.8
EMP02931,CRS0033,2025-04-03,Completed,5.0,16.5
EMP02931,CRS0028,2024-11-01,Completed,2.6,16.4
EMP02931,CRS0083,2024-09-01,Completed,4.6,17.4
EMP02931,CRS0027,2026-02-27,Completed,2.9,10.9
EMP02931,CRS0082,2026-06-14,Completed,4.6,8.0
EMP02931,CRS0080,2024-01-04,In Progress,,32.0
EMP02932,CRS0029,2026-04-14,In Progress,,13.6
EMP02932,CRS0075,2025-05-17,Dropped,,34.7
EMP02933,CRS0104,2026-02-18,Completed,3.7,23.1
EMP02933,CRS0035,2024-09-27,In Progress,,25.4
EMP02933,CRS0056,2024-06-25,In Progress,,35.5
EMP02934,CRS0019,2024-05-26,In Progress,,5.7
EMP02934,CRS0037,2024-05-02,Dropped,,7.0
EMP02934,CRS0068,2026-12-26,Completed,2.3,12.7
EMP02934,CRS0113,2024-01-23,Completed,2.8,34.6
EMP02934,CRS0002,2025-05-02,Completed,2.3,38.7
EMP02934,CRS0072,2026-12-02,Completed,2.5,12.3
EMP02935,CRS0065,2024-12-06,Completed,4.0,2.8
EMP02935,CRS0045,2024-01-15,Completed,2.7,19.6
EMP02935,CRS0003,2026-11-04,Completed,2.8,14.6
EMP02935,CRS0080,2025-02-03,Completed,4.8,35.9
EMP02935,CRS0110,2025-01-28,In Progress,,30.8
EMP02936,CRS0080,2024-01-16,Completed,3.8,17.8
EMP02936,CRS0114,2026-05-15,Dropped,,31.0
EMP02936,CRS0091,2024-11-17,Completed,2.1,11.1
EMP02936,CRS0098,2026-12-18,Completed,3.2,12.5
EMP02936,CRS0102,2025-01-27,Completed,3.0,35.9
EMP02937,CRS0132,2026-05-13,Dropped,,37.1
EMP02937,CRS0026,2024-01-25,In Progress,,2.3
EMP02938,CRS0125,2026-04-04,Completed,3.6,25.3
EMP02938,CRS0046,2026-05-25,Completed,4.7,17.4
EMP02938,CRS0104,2024-05-18,Completed,4.8,22.6
EMP02938,CRS0024,2024-11-01,In Progress,,18.0
EMP02938,CRS0085,2025-12-22,Completed,4.8,13.3
EMP02939,CRS0042,2024-02-05,In Progress,,23.4
EMP02939,CRS0094,2025-04-04,In Progress,,23.5
EMP02940,CRS0010,2025-03-21,Completed,3.8,34.9
EMP02940,CRS0062,2024-07-15,In Progress,,23.9
EMP02940,CRS0096,2025-03-27,Completed,4.9,8.0
EMP02941,CRS0066,2026-02-07,In Progress,,31.1
EMP02941,CRS0047,2024-02-15,Completed,4.7,10.0
EMP02941,CRS0053,2026-08-02,Completed,4.8,19.3
EMP02941,CRS0062,2026-10-22,In Progress,,38.5
EMP02942,CRS0069,2026-09-09,Completed,3.4,24.8
EMP02942,CRS0094,2025-05-06,In Progress,,34.0
EMP02942,CRS0043,2024-06-17,In Progress,,29.5
EMP02942,CRS0036,2024-09-03,Completed,4.7,29.4
EMP02942,CRS0008,2026-02-12,Completed,4.4,8.8
EMP02942,CRS0085,2025-11-17,Completed,3.4,18.4
EMP02943,CRS0119,2026-08-28,In Progress,,26.5
EMP02943,CRS0104,2025-04-12,Completed,3.6,11.6
EMP02943,CRS0010,2026-04-05,Completed,4.0,28.7
EMP02943,CRS0088,2025-07-11,Completed,3.9,14.6
EMP02943,CRS0024,2024-02-16,In Progress,,16.8
EMP02944,CRS0036,2026-07-11,Completed,3.1,26.0
EMP02944,CRS0044,2026-02-14,In Progress,,27.2
EMP02944,CRS0109,2024-04-04,Completed,2.3,19.8
EMP02944,CRS0130,2024-06-10,Completed,2.1,6.7
EMP02944,CRS0140,2025-01-06,In Progress,,5.8
EMP02944,CRS0134,2026-10-24,Completed,4.4,31.2
EMP02945,CRS0015,2025-08-10,Completed,2.2,11.2
EMP02945,CRS0005,2024-09-04,In Progress,,12.8
EMP02945,CRS0087,2025-11-21,Completed,3.2,24.5
EMP02946,CRS0122,2025-09-02,In Progress,,4.7
EMP02946,CRS0017,2025-08-05,In Progress,,11.7
EMP02947,CRS0025,2026-09-09,In Progress,,7.6
EMP02947,CRS0115,2026-01-07,Completed,3.0,19.8
EMP02948,CRS0098,2024-08-26,Completed,3.8,21.0
EMP02948,CRS0089,2024-04-04,Completed,3.6,28.8
EMP02948,CRS0029,2025-12-20,In Progress,,36.9
EMP02948,CRS0018,2024-03-12,In Progress,,36.0
EMP02949,CRS0130,2025-03-14,Completed,2.8,7.3
EMP02949,CRS0093,2025-10-27,Completed,3.2,7.1
EMP02950,CRS0117,2025-07-21,Completed,3.3,23.5
EMP02950,CRS0069,2025-03-14,Completed,4.7,4.2
EMP02950,CRS0097,2024-08-18,Completed,4.7,4.2
EMP02950,CRS0048,2024-04-03,Completed,2.7,6.2
EMP02951,CRS0059,2024-12-18,In Progress,,36.3
EMP02951,CRS0024,2024-02-11,Completed,2.6,19.1
EMP02951,CRS0039,2024-05-12,Completed,4.9,24.7
EMP02951,CRS0015,2024-04-27,Completed,2.5,10.1
EMP02952,CRS0027,2024-02-05,Completed,3.1,11.2
EMP02952,CRS0063,2026-08-01,In Progress,,20.9
EMP02952,CRS0073,2024-09-06,Completed,2.8,12.5
EMP02952,CRS0061,2025-11-14,Completed,3.6,5.3
EMP02952,CRS0010,2026-01-09,Completed,5.0,36.5
EMP02953,CRS0021,2026-09-01,Completed,3.5,12.6
EMP02953,CRS0140,2025-06-20,In Progress,,2.5
EMP02954,CRS0058,2025-02-28,In Progress,,16.7
EMP02954,CRS0065,2024-04-05,Completed,3.3,5.6
EMP02954,CRS0121,2024-03-10,Completed,3.5,2.5
EMP02954,CRS0090,2024-11-05,Completed,4.6,28.3
EMP02955,CRS0103,2025-10-28,Completed,3.7,23.5
EMP02955,CRS0059,2026-06-01,Completed,2.0,22.3
EMP02955,CRS0080,2025-04-12,Completed,3.3,25.2
EMP02955,CRS0136,2026-09-14,Completed,3.2,36.5
EMP02956,CRS0111,2025-12-19,Completed,3.4,34.4
EMP02956,CRS0107,2024-05-26,Completed,2.3,19.2
EMP02956,CRS0017,2026-07-16,Completed,2.9,30.5
EMP02956,CRS0114,2024-11-16,In Progress,,6.0
EMP02956,CRS0011,2025-11-20,Completed,4.8,16.0
EMP02957,CRS0071,2026-12-22,Dropped,,33.5
EMP02957,CRS0103,2025-07-13,Completed,4.2,6.0
EMP02957,CRS0123,2026-01-15,In Progress,,30.5
EMP02957,CRS0054,2024-07-09,Completed,4.3,34.8
EMP02958,CRS0119,2026-12-13,Completed,2.5,24.2
EMP02958,CRS0014,2024-11-19,Completed,4.6,15.7
EMP02958,CRS0011,2026-12-10,Completed,2.4,27.0
EMP02958,CRS0040,2025-12-13,Dropped,,18.9
EMP02959,CRS0043,2024-02-10,In Progress,,21.5
EMP02959,CRS0111,2026-01-02,In Progress,,28.9
EMP02960,CRS0060,2025-02-08,Completed,3.3,16.0
EMP02960,CRS0121,2025-10-24,In Progress,,12.8
EMP02960,CRS0110,2026-08-24,Completed,3.3,32.8
EMP02961,CRS0139,2025-06-20,Completed,4.8,30.4
EMP02961,CRS0093,2024-02-17,Completed,3.2,24.7
EMP02961,CRS0021,2026-12-24,In Progress,,33.6
EMP02961,CRS0033,2025-07-02,In Progress,,32.7
EMP02961,CRS0077,2025-04-08,Completed,2.3,23.4
EMP02961,CRS0104,2026-09-14,Completed,3.5,11.8
EMP02962,CRS0111,2025-09-12,In Progress,,26.4
EMP02962,CRS0018,2026-01-01,Completed,3.4,34.6
EMP02963,CRS0016,2025-07-09,Completed,4.2,17.8
EMP02963,CRS0130,2026-03-28,Completed,3.7,39.8
EMP02963,CRS0028,2025-12-07,Dropped,,14.3
EMP02964,CRS0120,2026-02-25,Completed,2.2,13.6
EMP02964,CRS0029,2026-07-24,Completed,2.8,24.5
EMP02965,CRS0118,2024-08-13,Dropped,,5.2
EMP02965,CRS0043,2025-10-22,Completed,3.5,36.1
EMP02965,CRS0056,2024-05-19,In Progress,,26.4
EMP02965,CRS0112,2025-02-04,Dropped,,27.2
EMP02966,CRS0115,2026-09-20,Completed,3.4,29.2
EMP02966,CRS0044,2026-05-13,Completed,4.0,15.3
EMP02967,CRS0045,2024-12-05,In Progress,,38.3
EMP02967,CRS0065,2025-06-23,Completed,3.7,24.2
EMP02968,CRS0135,2024-02-22,Completed,5.0,37.2
EMP02968,CRS0032,2025-08-06,Completed,3.7,12.8
EMP02968,CRS0118,2026-07-26,Completed,3.4,16.1
EMP02968,CRS0045,2024-05-02,Completed,4.2,32.2
EMP02969,CRS0039,2026-07-09,Dropped,,27.6
EMP02969,CRS0007,2025-04-20,Completed,4.6,5.7
EMP02969,CRS0099,2026-01-24,Completed,4.3,25.9
EMP02969,CRS0052,2026-07-15,In Progress,,38.4
EMP02969,CRS0017,2024-04-07,Completed,4.0,3.1
EMP02970,CRS0049,2025-08-11,In Progress,,2.5
EMP02970,CRS0075,2026-11-24,Dropped,,4.3
EMP02971,CRS0055,2025-01-11,Dropped,,27.5
EMP02971,CRS0014,2024-07-19,Dropped,,32.7
EMP02972,CRS0096,2025-05-15,Completed,4.8,38.3
EMP02972,CRS0026,2025-02-11,Completed,3.9,2.3
EMP02972,CRS0126,2025-10-02,Completed,5.0,6.0
EMP02972,CRS0084,2024-07-06,Completed,3.5,28.2
EMP02973,CRS0069,2026-03-19,In Progress,,35.4
EMP02973,CRS0020,2024-12-17,In Progress,,11.9
EMP02973,CRS0061,2024-12-04,Completed,4.7,17.9
EMP02974,CRS0009,2026-04-04,In Progress,,26.9
EMP02974,CRS0042,2025-08-16,Completed,3.1,15.9
EMP02974,CRS0011,2024-08-25,Completed,3.3,11.1
EMP02974,CRS0005,2026-02-02,Completed,2.9,11.4
EMP02975,CRS0034,2026-12-23,Completed,2.5,5.3
EMP02975,CRS0130,2025-08-24,Completed,4.2,27.8
EMP02975,CRS0103,2024-05-28,In Progress,,21.7
EMP02975,CRS0065,2025-05-05,Completed,2.3,14.4
EMP02975,CRS0128,2025-10-09,Completed,4.5,25.4
EMP02976,CRS0028,2026-09-25,Completed,2.7,34.0
EMP02976,CRS0090,2026-06-11,Completed,4.1,36.9
EMP02976,CRS0030,2024-04-01,Dropped,,12.1
EMP02976,CRS0019,2026-11-07,In Progress,,6.4
EMP02977,CRS0030,2026-06-08,Completed,4.7,29.3
EMP02977,CRS0050,2026-05-02,Completed,5.0,13.2
EMP02977,CRS0038,2025-11-09,Completed,2.8,9.2
EMP02977,CRS0120,2025-10-01,In Progress,,29.8
EMP02977,CRS0102,2026-05-21,Completed,3.9,17.2
EMP02978,CRS0012,2024-02-20,In Progress,,23.8
EMP02978,CRS0033,2024-06-06,Completed,4.6,31.3
EMP02978,CRS0118,2026-12-02,Dropped,,11.8
EMP02978,CRS0020,2025-04-03,Completed,2.3,27.7
EMP02979,CRS0037,2024-05-08,Completed,3.5,7.9
EMP02979,CRS0017,2026-11-15,Completed,3.9,6.4
EMP02979,CRS0136,2026-12-21,Completed,2.5,37.0
EMP02979,CRS0086,2026-02-11,Dropped,,28.1
EMP02980,CRS0067,2025-03-24,Completed,2.4,25.6
EMP02980,CRS0048,2024-09-16,In Progress,,2.6
EMP02980,CRS0101,2026-08-28,In Progress,,2.8
EMP02980,CRS0140,2024-12-25,Completed,4.3,37.3
EMP02980,CRS0073,2024-10-23,Completed,2.4,39.7
EMP02980,CRS0092,2024-04-15,In Progress,,33.9
EMP02981,CRS0140,2025-04-11,Dropped,,9.2
EMP02981,CRS0072,2026-08-22,Dropped,,23.2
EMP02981,CRS0082,2025-08-19,In Progress,,29.9
EMP02982,CRS0055,2026-04-05,Completed,2.2,12.7
EMP02982,CRS0080,2025-07-18,Completed,3.2,16.4
EMP02983,CRS0079,2026-12-08,Completed,4.1,29.2
EMP02983,CRS0102,2026-10-02,Completed,3.1,22.2
EMP02983,CRS0096,2025-01-24,Completed,4.4,34.3
EMP02983,CRS0114,2026-04-06,In Progress,,26.2
EMP02983,CRS0100,2026-05-16,Completed,2.6,30.7
EMP02984,CRS0079,2026-05-22,In Progress,,35.3
EMP02984,CRS0092,2026-07-23,Completed,2.1,23.9
EMP02985,CRS0067,2026-05-27,Completed,4.1,18.9
EMP02985,CRS0114,2024-01-24,Completed,3.5,15.2
EMP02985,CRS0004,2026-07-11,Completed,3.7,21.4
EMP02985,CRS0117,2025-03-24,In Progress,,23.6
EMP02985,CRS0050,2025-02-26,Completed,3.2,39.1
EMP02986,CRS0051,2024-11-17,Completed,3.7,35.1
EMP02986,CRS0090,2025-11-13,Completed,3.2,18.4
EMP02986,CRS0126,2026-03-03,Completed,2.7,25.0
EMP02986,CRS0128,2026-10-11,Completed,2.4,35.0
EMP02986,CRS0040,2024-05-05,Completed,3.6,38.6
EMP02987,CRS0137,2025-04-16,Completed,4.3,20.2
EMP02987,CRS0018,2025-03-06,In Progress,,38.5
EMP02987,CRS0009,2024-07-06,Completed,3.8,3.7
EMP02987,CRS0138,2024-03-27,Completed,4.4,12.4
EMP02987,CRS0064,2025-08-09,Completed,4.4,21.8
EMP02988,CRS0033,2025-01-08,Completed,4.0,9.7
EMP02988,CRS0098,2025-06-12,Completed,3.1,21.5
EMP02988,CRS0037,2026-10-23,Dropped,,20.9
EMP02988,CRS0125,2024-11-16,Completed,2.1,36.6
EMP02988,CRS0118,2026-09-18,Dropped,,19.8
EMP02988,CRS0115,2026-05-09,Dropped,,19.4
EMP02989,CRS0056,2024-11-22,Dropped,,4.5
EMP02989,CRS0031,2024-12-23,Completed,2.7,33.1
EMP02989,CRS0133,2025-06-25,In Progress,,29.7
EMP02990,CRS0135,2025-10-18,Completed,4.9,30.3
EMP02990,CRS0057,2024-05-17,Dropped,,35.1
EMP02990,CRS0045,2025-08-26,Dropped,,17.0
EMP02990,CRS0103,2024-03-07,In Progress,,32.3
EMP02990,CRS0123,2026-06-20,In Progress,,9.3
EMP02991,CRS0128,2026-01-06,Dropped,,20.4
EMP02991,CRS0010,2025-11-06,In Progress,,9.7
EMP02991,CRS0092,2024-03-06,In Progress,,11.3
EMP02992,CRS0015,2026-01-07,Dropped,,19.5
EMP02992,CRS0132,2024-12-15,Completed,2.9,26.0
EMP02992,CRS0021,2026-12-08,Dropped,,9.4
EMP02992,CRS0003,2025-06-08,In Progress,,15.3
EMP02992,CRS0130,2026-07-22,Completed,3.2,29.7
EMP02993,CRS0050,2025-08-13,Completed,3.2,21.3
EMP02993,CRS0140,2024-10-07,Completed,2.8,17.2
EMP02993,CRS0004,2024-12-01,Completed,3.4,35.5
EMP02993,CRS0090,2024-10-05,Completed,4.3,18.5
EMP02993,CRS0012,2026-05-02,Completed,2.8,33.6
EMP02993,CRS0082,2026-04-16,Completed,2.3,26.4
EMP02994,CRS0070,2026-08-12,In Progress,,5.3
EMP02994,CRS0043,2026-12-09,Completed,3.2,14.6
EMP02994,CRS0069,2025-06-09,Completed,4.1,22.7
EMP02994,CRS0044,2025-04-13,In Progress,,33.5
EMP02994,CRS0136,2025-08-25,Completed,2.2,8.2
EMP02995,CRS0087,2025-02-13,Completed,2.5,26.7
EMP02995,CRS0024,2024-11-22,Completed,2.7,30.0
EMP02995,CRS0113,2025-02-19,Completed,2.8,18.2
EMP02995,CRS0012,2024-02-28,In Progress,,19.8
EMP02995,CRS0097,2025-07-08,Dropped,,30.2
EMP02995,CRS0074,2025-01-11,Dropped,,2.1
EMP02996,CRS0027,2024-04-24,Completed,3.6,10.5
EMP02996,CRS0122,2024-06-14,In Progress,,27.2
EMP02996,CRS0129,2024-02-19,Completed,4.2,10.0
EMP02996,CRS0125,2024-12-13,Completed,3.5,7.8
EMP02996,CRS0105,2026-07-25,Completed,3.1,33.0
EMP02996,CRS0055,2026-12-27,Completed,3.5,38.1
EMP02997,CRS0017,2025-12-11,Completed,3.6,8.5
EMP02997,CRS0021,2025-09-25,Completed,3.6,37.1
EMP02998,CRS0072,2025-12-13,Completed,4.7,20.1
EMP02998,CRS0131,2024-06-27,Completed,3.4,25.1
EMP02998,CRS0019,2026-03-21,Dropped,,27.6
EMP02999,CRS0117,2026-12-07,Completed,2.5,11.1
EMP02999,CRS0014,2026-02-04,Completed,4.1,26.6
EMP02999,CRS0104,2026-09-08,Dropped,,11.2
EMP02999,CRS0085,2025-03-28,Completed,3.1,23.0
EMP02999,CRS0008,2024-07-28,Completed,4.9,23.2
EMP02999,CRS0022,2025-07-14,In Progress,,15.5
EMP03000,CRS0066,2024-08-10,Completed,4.1,5.4
EMP03000,CRS0028,2026-08-03,Dropped,,15.7
